Snake,id_part,id_node,source_id,ra,dec,parallax,pmra,pmdec,radial_velocity,radial_velocity_error,parallax_error,pmra_error,pmdec_error,parallax_pmra_corr,parallax_pmdec_corr
0,layer10_83457,layer11_86719,3413734908459293440,78.62412702559062,19.66391930425382,3.067190712695896,0.1451977257660681,-6.431460974117309,,,0.17011695,0.20395306,0.1326164,0.02718252,0.3926883
0,layer10_83457,,3413745044582312576,78.89746778422575,19.852104415951214,3.240008264605584,-0.5731345501382528,-6.002774977864283,,,0.0788644,0.09643805,0.059218965,-0.12053508,0.3665532
0,layer10_83457,,3413747381044359168,78.57044679161025,19.70646713278705,3.2836120416403265,0.0912429370795352,-6.266846951074927,,,0.15330897,0.17175801,0.11375878,0.081523456,0.4008888
0,layer10_83457,,3413749167750851072,78.69281238097491,19.79548423450553,3.2923742380715195,-0.1036770924725689,-6.289696542900203,,,0.18156096,0.2033813,0.13411604,0.06261558,0.3842814
0,layer10_83457,,3413769513011985152,78.95913081326545,19.95399063959476,3.2702648150317586,-0.4857350370869134,-6.682761423279349,,,0.02698759,0.03119851,0.020341085,0.004369375,0.31404614
0,layer10_83457,,3413775659108219008,79.41115703346351,20.114666806185376,2.806650180035479,-0.5074836741020938,-6.717881363440535,,,0.12913129,0.15806085,0.11181392,0.019249013,0.3726744
0,layer10_83457,layer11_86719,3413776178801183488,79.29827855403687,20.11474297503087,3.1153639257490164,-0.6900451141332664,-6.700098580723392,,,0.080899864,0.111642644,0.07696303,0.3316837,0.34334046
0,layer10_83457,,3413776900355708288,79.18461255019083,20.04095972994972,2.555107338742689,0.0324691338104621,-6.158238914950156,,,0.05032316,0.05482227,0.04067014,-0.0053616865,0.51704866
0,layer10_83457,,3413818471342652544,78.18450431043242,20.06813180589268,2.915917938525749,-0.5268914889173424,-6.534948766229054,,,0.25681382,0.28898448,0.19460614,-0.001730829,0.4480098
0,layer10_83457,layer11_86719,3413842420081487232,78.75213905271771,20.37741874772456,3.1860318783548465,0.4407467108225751,-6.033415304632373,,,0.2847092,0.4038419,0.25406742,0.2784165,0.16167632
0,layer10_83457,,3413878016768753920,79.45034630522521,20.41286849437249,3.0084062320878746,-2.134369409821342,-5.918742080703167,,,0.228209,0.2796666,0.17051823,0.21431816,0.28557256
0,layer10_83457,,3413882311736164224,79.71282492324688,20.476072437917143,2.835441463396029,-0.3026782378033078,-6.551094535522106,,,0.14607422,0.15902798,0.103885576,-0.16855264,0.42205825
0,layer10_83457,,3413890729872009472,79.37914279680113,20.445269096602047,2.844452440833966,-0.2164429072224697,-5.8749308425271645,,,0.24485439,0.2913106,0.18264185,0.11893059,0.2998453
0,layer10_83457,,3413906711447141760,79.87942975993634,20.52986973016747,2.8679987910488207,-0.5768415546141902,-6.050059523438401,,,0.112308994,0.11892798,0.0820552,0.13763416,0.42867723
0,layer10_83457,,3414032193211806848,77.79247360975502,20.38575560290647,3.2913761358781954,1.1408023572006187,-6.438739150345003,,,0.10641053,0.12243503,0.08115438,0.12211794,0.2718198
0,layer10_83457,,3414050330856928768,78.36448994332801,20.575585334634923,3.5790594649500456,0.3225979697044279,-6.640260241463705,,,0.21602961,0.27611652,0.16924086,0.0039363797,0.35102913
0,layer10_83457,,3414053835550650368,78.3900888532383,20.711501588798846,3.342367260935609,-1.5119398565745,-6.715369805333865,,,0.32627136,0.4414185,0.26980433,0.27532262,0.23278117
0,layer10_83457,,3414191789900585344,78.94509320139109,21.227299926937903,3.2591096438366063,-0.9243600602176002,-6.550319467827459,,,0.229486,0.2580065,0.16701119,-0.09672711,0.4249702
0,layer10_83457,,3414246597979199744,78.1835818724513,21.462078305320293,2.8736835879513247,-0.0577672520975574,-7.039405996157678,26.788082,4.061408,0.032479506,0.037040405,0.023974786,0.080956966,0.3362235
0,layer10_83457,,3414270237479232512,78.89124079361433,21.699550245463254,3.476453708815048,-0.7692284291971816,-6.8820384982338565,,,0.054449428,0.06373447,0.044804595,0.121595696,0.27462777
0,layer10_83457,,3414318096298444416,80.17301543622705,21.1152061774697,3.244608161430856,-0.5145237002321219,-6.496591713959686,,,0.2820849,0.29355416,0.20137699,0.115873404,0.3928225
0,layer10_83457,,3414396848819964160,79.78556506872792,21.674370869729245,3.301469738838806,-0.979328231286203,-7.392618938476563,,,0.14077833,0.16895255,0.103646524,-0.07125336,0.33919474
0,layer10_83457,,3414405198236072576,80.09790685633268,21.64414512105653,3.189497085788367,-0.6931837609828031,-6.689229743608364,,,0.171138,0.18234372,0.1274948,-0.19946723,0.4471986
0,layer10_83457,,3414592360026719104,79.31473485701306,21.659945693564,3.3546343959841582,-0.0904610239211297,-6.76563020353309,,,0.15150386,0.21771982,0.13948949,0.24467608,-0.001664314
0,layer10_83457,,3414631942445193216,79.57422832238755,22.063398735101792,3.3503655618762425,-0.8735733244543391,-6.215635780819803,11.794932,2.7217162,0.028670108,0.034708507,0.019344846,-0.32485935,0.38167068
0,layer10_83457,,3414657609169615232,79.14312251306022,21.994456916916583,3.176755112493596,-0.5570893769544327,-6.638169611539166,,,0.122806594,0.15072525,0.09666183,-0.12421239,0.20245877
0,layer10_83457,,3414807589427435648,79.50941882488912,22.684844475662896,3.276797406797138,-0.6248144504473268,-7.217329958331496,23.972536,6.678862,0.015975688,0.021196457,0.014812676,0.16040833,0.346721
0,layer10_83457,,3414868848543932672,77.41127974632363,21.047177253040044,2.8035024633433374,0.4405959015959919,-5.697773219464191,,,0.105583996,0.11636864,0.080726735,-0.11788897,0.35476717
0,layer10_83457,,3414903070844841344,77.7602958899596,21.32684474375688,3.197083562616547,-0.3667129855556235,-6.748164515743254,,,0.22656466,0.26913244,0.16448376,0.4118744,0.27410626
0,layer10_83457,,3414914482571814144,77.587287043116,21.44980546419444,3.542267991384715,0.7528213552795615,-7.443845667173981,,,0.32030344,0.46225694,0.3231399,0.20576648,-0.0064835376
0,layer10_83457,,3414920839125138048,77.61317859018739,21.520828784535524,3.0206637534801395,-0.015923367976013,-6.41365060589509,,,0.07294311,0.08702059,0.056566477,0.26518127,0.19548051
0,layer10_83457,,3414922484097646976,77.6128312323397,21.60047980107744,3.770552016933841,-0.4972351415671233,-8.112012224208144,,,0.09821373,0.121761315,0.07950923,0.21587515,0.14102764
0,layer10_83457,,3414924270801794816,77.71180883246862,21.64365928063924,2.9953779052354714,0.040849008132798,-6.490944527660608,21.315853,3.3276756,0.016919047,0.021526542,0.013865446,0.17230727,0.2595851
0,layer10_83457,,3414924275098937088,77.70820272806122,21.642352699074983,3.10027171520532,0.3926674250634265,-6.464400456819813,,,0.09393238,0.12841758,0.08240279,0.20943864,0.2178546
0,layer10_83457,,3414931525003684224,77.0121209830827,21.24833887755295,3.3959662153045804,0.6487174717461913,-6.600307223994121,,,0.10176143,0.122814946,0.08478404,-0.1477783,0.36029834
0,layer10_83457,,3414936782043581184,77.30708283522303,21.40454746619002,2.96137213935514,0.2781825689216206,-6.424947257895433,8.701972,4.763699,0.022106962,0.025972757,0.018345222,0.09990002,0.24145506
0,layer10_83457,,3414937572316642432,77.28517217561065,21.410228642058502,3.02478699994686,0.2286868273280903,-6.38993226668507,,,0.20001216,0.24636362,0.1764288,0.15601344,0.44466487
0,layer10_83457,,3414937572317565568,77.28525113563413,21.41120766515873,3.0210825777952883,0.1766126055000598,-6.315770184886232,19.668072,1.8103082,0.017087327,0.0217512,0.014933787,0.094286196,0.20998159
0,layer10_83457,,3414943409177953024,76.84775596032642,21.31696099779975,2.9196803841220627,-0.33956501059129,-6.070616512370533,,,0.24170576,0.2940522,0.19850434,-0.09134135,0.28711876
0,layer10_83457,,3414973989343983744,77.45100469882196,21.69994879356296,3.0460278262813443,0.1394378524818494,-6.243242599710404,,,0.12477154,0.15284112,0.1001561,0.3722448,0.14527862
0,layer10_83457,,3414974577755729280,77.37157707480381,21.700433980690505,3.014559525006473,-0.0990003254435918,-4.994042637461213,,,0.020081272,0.027903143,0.01880674,0.27481183,-0.06675402
0,layer10_83457,,3414975226294622720,77.43555051977505,21.755996568919148,3.0278160760161863,0.539291629532016,-6.546015837536485,,,0.14337546,0.17408137,0.122945644,0.17510621,0.11785019
0,layer10_83457,,3414975264950478336,77.4403318409546,21.75689443572726,2.837695025970276,0.179390676123101,-6.676169947901514,24.554459,5.7217555,0.023963451,0.030208485,0.021646658,0.1253376,0.1477992
0,layer10_83457,,3414976604978316928,77.4909429726302,21.769088125709,3.496866333576437,-0.3545700129456641,-6.499022508784747,,,0.24592048,0.32164836,0.20637189,0.14344561,0.20725872
0,layer10_83457,,3414980556350208256,77.3193390283731,21.716235859415374,2.949144996464012,0.1335560320830431,-6.45008716286633,,,0.07765765,0.09207812,0.06433461,0.31336388,0.14565659
0,layer10_83457,,3415018214624282112,77.83518757147029,21.730429154735344,3.2614984836549428,-0.0257100221124892,-6.763685797314976,-8.927623,5.4280367,0.03075356,0.03878638,0.024240261,0.006315018,0.28111172
0,layer10_83457,,3415030000014440192,78.06064870654406,21.98747500205584,3.5671337044225697,-0.3412176284832283,-7.199597043928182,16.322039,8.019943,0.02754445,0.033464327,0.021536132,0.028012153,0.29367343
0,layer10_83457,,3415030000014440960,78.06022374005047,21.98518573761476,3.5940976703567813,-0.3622699370616619,-7.39391988145772,17.716238,6.338934,0.020122135,0.024085952,0.015439463,0.001337161,0.30878508
0,layer10_83457,,3415032199037666432,78.40827927297194,21.8283543442982,2.871647749608522,-0.1101931482403762,-6.390322892657264,,,0.07017271,0.07764513,0.055792272,0.024420971,0.37066466
0,layer10_83457,,3415038551292153216,78.35461236781083,21.97729802591973,3.72490290356942,0.2332849953213748,-8.430681572062841,,,0.07079157,0.08034737,0.05167173,0.19455795,0.4150774
0,layer10_83457,,3415044529888030464,78.5424394768157,22.049555757947783,3.1325787378809182,-0.0694456768174959,-6.388879836853096,,,0.17925772,0.1972506,0.14311995,0.20510808,0.46094775
0,layer10_83457,,3415066490056691712,77.74161861907622,21.79088579878866,3.766774811107004,-0.8257552578358781,-8.04826868703609,,,0.05193051,0.059475113,0.03832832,0.05173858,0.3534856
0,layer10_83457,,3415115796280767488,78.15298751270765,22.39585130922887,3.119948348845485,0.0357730946567631,-6.546791822828046,,,0.15854198,0.17547283,0.12188507,0.13618721,0.40390134
0,layer10_83457,,3415123699020673792,77.83367546664111,22.362680804041307,2.8564616450287583,0.3272850516399379,-6.285547886743765,,,0.02808495,0.033689816,0.022427568,0.012242842,0.33998984
0,layer10_83457,,3415147613398691200,76.98098088544084,21.704789907873103,3.2853625677080585,0.396134565072515,-6.6062389773584425,,,0.04319149,0.05121694,0.036369674,0.08902594,0.07257796
0,layer10_83457,,3415157023670527488,76.5373094213575,21.71382746874577,2.906190481740832,0.9527893361455294,-6.63086735432721,,,0.21091633,0.2581195,0.18823014,-0.19202064,0.40685198
0,layer10_83457,,3415157470347164800,76.57703363332874,21.73877105112017,3.045292281823534,0.606995687847642,-6.149920955885152,,,0.1377495,0.15773799,0.107448176,-0.1620473,0.32336336
0,layer10_83457,,3415172966589292928,77.01544175028752,21.82684184903928,2.91035603403861,0.0616359307582011,-6.081816245478336,,,0.1895231,0.21485937,0.15494257,0.3765384,0.29774734
0,layer10_83457,,3415195128620895360,76.72045169583359,22.076734172034588,2.9260522099737605,0.3731645775373748,-6.3809552789322,,,0.09285439,0.10391853,0.07476593,0.14149615,0.2255745
0,layer10_83457,,3415202107943456768,76.91896456883758,22.154044651211347,2.848233944751173,0.5426703395783419,-5.967966271263215,30.231932,10.113012,0.026713151,0.0323425,0.02233626,0.20292173,0.06603723
0,layer10_83457,,3415219975007275520,76.37817345154194,22.01529663832643,3.2138852331011365,-0.4099609356160769,-6.6821415788646,16.278656,5.6633577,0.024756955,0.025745042,0.018098727,0.25269127,0.33062762
0,layer10_83457,,3415221761713939968,76.47012662877344,22.05846821692207,3.335923300022964,0.2419063427305466,-6.832162046782862,-1.6190503,5.9186363,0.041575257,0.04573348,0.03203637,0.23844802,0.29599884
0,layer10_83457,,3415221864793154432,76.47102049753056,22.0589047829851,3.283856968431628,1.2595212318184532,-7.655798335670784,-3.4539928,1.9376483,0.020220574,0.02189889,0.015110155,0.25113013,0.2904288
0,layer10_83457,,3415235604393186432,76.4341281885266,22.18040469595732,3.144140991105835,0.9745645444755864,-5.995875637720985,,,0.27633348,0.29884043,0.2087669,0.21608566,0.24721086
0,layer10_83457,,3415274362176474368,76.53291640689854,22.568753376567653,3.064964811024048,0.210183625355794,-7.161391662119939,,,0.13871485,0.18573049,0.1141886,0.29678482,-0.01086982
0,layer10_83457,,3415274847509317760,76.64906887484517,22.55627721995983,2.8341413800860376,-0.1875589671615123,-5.437326668382672,,,0.0851908,0.107476756,0.07018755,0.23536104,0.05444031
0,layer10_83457,,3415277763791249280,77.30323132665598,22.08715247888426,3.292927952369723,0.847219024085028,-7.155092386668615,,,0.21162534,0.24764538,0.16866374,0.19400783,0.28763267
0,layer10_83457,,3415278760223554432,77.33353815446905,22.15902285331184,2.9637202822554447,0.1019864878338855,-6.487511563823812,,,0.14287762,0.12706068,0.092935406,0.22025953,0.5351422
0,layer10_83457,,3415285636467782144,77.53410512452189,22.22898291942293,3.4239919894375004,0.7334925874760262,-7.050240691599864,37.83513,11.782096,0.03004485,0.037174053,0.021535562,-0.18717733,0.30682346
0,layer10_83457,,3415303842832903040,77.37199651607324,22.419389720718453,3.507729825419014,-0.1159288845682658,-6.848983493747888,,,0.26636073,0.2736186,0.18598728,0.073093966,0.48741862
0,layer10_83457,,3415320782184065024,77.90081034095904,22.54582386232128,3.6727406809813927,-0.6474890298547088,-7.542168364595256,,,0.18358612,0.22639236,0.15155998,0.110333934,0.28888613
0,layer10_83457,,3415341574121480704,77.72828208069699,22.82028451726878,3.234440366109427,-0.1754768789917222,-6.996387640970497,,,0.12621517,0.15129292,0.09826839,0.31758022,0.3664974
0,layer10_83457,,3415355249295860864,76.99464500346193,22.59652874134435,3.629723962958512,0.1916126318543366,-6.743448035086857,,,0.3223809,0.34309378,0.26475418,-0.020270083,0.52188027
0,layer10_83457,,3415364831369329024,76.83118331066508,22.55616020337692,2.89542126178146,1.3653021763524693,-5.773015382360192,19.180632,6.6207757,0.28952488,0.31927338,0.25100085,0.14947547,0.33834058
0,layer10_83457,,3415385898182168064,77.3892885374915,22.84609730680664,3.232781281914362,0.2142796754319185,-6.1562862683749255,,,0.23571134,0.30776635,0.20550425,0.240776,0.17149414
0,layer10_83457,,3415521374336410752,78.44952447190681,22.901898563905124,3.6442158829250006,-0.895726408798682,-7.816079445660014,22.287905,0.62484723,0.016329197,0.017702455,0.011561083,-0.13188255,0.36473015
0,layer10_83457,,3415521378632798976,78.44998077773008,22.89937716600774,3.706254752029006,-0.3474319824137423,-7.414911986598481,,,0.046134725,0.05069096,0.03361732,-0.11056173,0.37894168
0,layer10_83457,,3415634211716139264,78.98681431539592,23.16357586856084,3.186181483123097,-0.473588947921207,-7.076935225576284,23.716345,2.1103625,0.0139460815,0.015871108,0.010843912,0.091543086,0.2838145
0,layer10_83457,,3415655755272691840,79.10756358041932,23.40116231586564,3.094299663335052,-1.2312981050231309,-6.989995021117967,,,0.045195658,0.0532932,0.035439365,0.12366172,0.25274244
0,layer10_83457,,3415672114805012096,79.47285493732444,23.6044498153046,3.0599362837426853,-0.6493566009680657,-7.074508489899543,,,0.07708663,0.0871404,0.06259057,-0.08215026,0.35695156
0,layer10_83457,,3415675924439452672,79.71359244394503,23.64575353928751,3.0488161869754977,-0.4059668686345297,-6.175038807092301,,,0.21225849,0.25439632,0.1835251,0.21282728,0.28022835
0,layer10_83457,,3415971285046485248,78.56180262271006,24.42712288948272,3.0619184979750806,0.0068953115325307,-6.051311070545288,,,0.12357761,0.13701068,0.10049133,0.05546709,0.3389496
0,layer10_83457,,3335612511362998784,88.59703772107305,9.42383458046442,3.299770322150608,-2.348667602858576,-4.687060606527533,,,0.13961168,0.15903667,0.11377606,0.19659488,0.11711089
0,layer10_83457,,3335642030674836992,89.0521449047188,9.277881459289482,3.268959716213211,-2.7152205541768524,-4.993494934410047,-103.86543,8.802579,0.06614929,0.061565742,0.055473704,-0.114378944,0.5345454
0,layer10_83457,,3335770394358448896,88.06389391693989,9.220599708989845,3.323368837323488,-3.064286590345175,-5.105793479665609,20.399837,1.6366004,0.09575261,0.06941539,0.05489909,0.23143408,0.5034576
0,layer10_83457,,3335794690991643648,87.88269397108121,9.547849468912707,3.37813018431203,-2.078953826592359,-4.770225553579583,,,0.29599383,0.29104203,0.22228746,0.10727794,0.20367141
0,layer10_83457,,3335808121351525504,88.46838551773611,9.6271213520883,3.3121379906738886,-2.928931266878623,-4.275673575954338,,,0.09664845,0.10910281,0.082501896,0.047924187,0.19912572
0,layer10_83457,,3335937249545791360,88.88994543812235,9.963183720812648,3.319370716480137,-1.6715978033535877,-5.113246720572773,55.250404,2.1969066,0.016405758,0.017895883,0.013182878,0.25368407,0.05933559
0,layer10_83457,,3336205491726376832,86.19582111286691,9.297702939832051,3.563748864340329,-2.214780857595632,-5.103175985498332,-32.877235,5.4810686,0.021163393,0.02073889,0.013692478,0.021993319,0.4227053
0,layer10_83457,,3336292078268174848,86.56667142671094,9.814405071311873,3.487576557217972,-1.7827410843485785,-4.691556061665386,,,0.18129176,0.2008676,0.13081235,0.050567683,0.4155005
0,layer10_83457,,3336423298107685120,84.73730988797581,9.736870259474856,3.307317106309558,-1.4503295146472053,-4.497625923793431,,,0.18211891,0.19188815,0.13600703,0.095427126,0.25515762
0,layer10_83457,,3336524320035690112,85.92332405668503,10.268541972901126,3.1844246070277817,-2.037803621680547,-5.0153301064471405,25.986858,8.8059,0.014644728,0.019865943,0.011999096,0.0911951,0.13805468
0,layer10_83457,,3336569704952283648,85.78539001521952,10.27104826743922,3.3169335188039275,-1.961088498814856,-4.667561683507842,,,0.15944232,0.17319576,0.123539574,0.1541045,0.3821314
0,layer10_83457,,3336608157797686784,87.2213396763574,9.763747489805464,3.334000797382351,-2.182554572768728,-4.86999297500372,31.410645,6.195649,0.024541957,0.026713546,0.018867785,0.0098150065,0.19734713
0,layer10_83457,,3336617572365969152,87.27160534102411,9.829690744743544,3.203717463091262,-2.2495378778924406,-4.396457917564731,10.209405,2.449121,0.09763619,0.09746919,0.069582365,0.04307746,0.26690263
0,layer10_83457,,3336695461596180992,86.77112300739635,10.21139162423668,3.3475070559833053,-2.108739991773759,-4.778854153113715,,,0.106259584,0.11586662,0.08566437,0.0023649745,0.2902974
0,layer10_83457,,3336696389309522816,86.76436506334035,10.238647566284412,3.2512499367943404,-2.184936821898529,-4.778864191005213,,,0.2866249,0.3112145,0.2240688,0.09525195,0.23841888
0,layer10_83457,,3336746180866865920,87.93010991534017,10.309109879490371,3.2109607873128727,-3.254816805022657,-3.984176824311125,-9.720945,3.5049534,0.019515691,0.024766698,0.014774094,-0.14564085,0.24799423
0,layer10_83457,,3336899322220299008,86.55824273827733,10.456302880335352,3.16642389094706,-2.1726985769593408,-4.971594719480177,20.667784,2.7013547,0.020596484,0.02013538,0.0132577745,0.069787666,0.39321288
0,layer10_83457,,3336952300640981760,86.73169523426051,10.94274454884266,3.3416607969281404,-2.422019877328268,-5.3800925821182926,,,0.14474276,0.21366422,0.13598041,0.071526535,0.1800148
0,layer10_83457,,3336967418923764736,86.4081532479392,10.76803738362001,3.227957173899982,-2.576707524830241,-4.152773129551746,25.047855,2.0652003,0.033404123,0.033945788,0.02329419,0.020072255,0.3678966
0,layer10_83457,,3336981850013866112,85.87456734278246,10.882235653815224,3.403201844810221,-1.9690854761494208,-5.1694504682623394,21.273487,1.6326889,0.016317049,0.017402653,0.011593712,-0.21535754,0.3448644
0,layer10_83457,,3336988103486769408,86.00251689243163,10.931589690762252,3.255263466326539,-1.7537184204510583,-5.032380233163303,,,0.078736,0.08517315,0.053525403,-0.10212463,0.34257206
0,layer10_83457,,3336988142143683840,86.00657843084552,10.935798929123257,3.207426594787776,-1.8201791751651064,-4.89229506147187,,,0.066580705,0.07141631,0.046868727,-0.025366873,0.31070685
0,layer10_83457,,3337010372894373888,86.24508718013797,11.02784078293923,3.466395737616028,-2.231524228418663,-5.288168124443216,,,0.042438395,0.043180995,0.03095852,0.09585901,0.47080302
0,layer10_83457,,3337123515215906432,86.87342889353535,11.450965630651984,3.417145431969477,-2.3031745051298715,-4.227127033131195,,,0.33937618,0.35989246,0.2404803,0.18515526,0.2086371
0,layer10_83457,layer11_86720,3395790122778838528,83.90710195274787,14.928009703222502,2.9490473694102604,-0.708809644704518,-5.965901095935485,,,0.19021726,0.26306003,0.1649075,0.19727392,-0.0067468644
0,layer10_83457,layer11_86717,3395999545385211392,83.75579822809318,15.280474961648707,2.8478805770973774,-1.6480815674149016,-5.236656771877334,,,0.12993054,0.14554419,0.10026408,0.12297852,0.2593836
0,layer10_83457,layer11_86717,3396002264101268096,83.66128081056596,15.276720472331688,2.793489338961455,-1.1622097718075084,-5.62012241180983,,,0.07685492,0.084669285,0.05674614,0.080829404,0.2533828
0,layer10_83457,layer11_86720,3396005700075065984,83.81183781190053,15.331719109594507,3.2905611510401243,-0.9116956232472054,-5.967628451212626,,,0.09871568,0.08898662,0.06685254,-0.123901784,0.5140915
0,layer10_83457,layer11_86717,3396008002177510528,83.87658535336955,15.399552307124218,2.7758667582579486,-1.4648064153631388,-5.757664506096658,-37.83181,17.437195,0.066252366,0.07185374,0.049054485,-0.05691323,0.41651818
0,layer10_83457,layer11_86720,3396020234244424576,83.50192606761784,15.46456159593018,3.369728273067106,-1.191529880554902,-6.096848828539367,,,0.10091915,0.10260807,0.067593195,0.060957886,0.39353696
0,layer10_83457,layer11_86720,3396041910943623936,84.31270083675983,15.66695065125754,3.126644312304641,-1.4654337748425883,-5.814089920650042,,,0.1386092,0.14738661,0.091722034,0.36144373,0.20048973
0,layer10_83457,,3396052085721751936,83.89301235832608,15.731285701556445,3.207626316528541,-1.2097455178581904,-5.818047148026783,,,0.057295658,0.06125673,0.039262746,-0.035663605,0.27732688
0,layer10_83457,layer11_86720,3396052085721754240,83.88872339997693,15.728850278556717,3.0689076455752504,-1.1376890352016122,-5.84755419538197,22.600485,1.8761089,0.024186786,0.025445826,0.016238878,-0.14286701,0.3040391
0,layer10_83457,layer11_86720,3396063974191144448,84.03754431713325,15.909324448385355,3.343518125286548,-1.5481839431152704,-6.081484332981279,,,0.044696596,0.05321562,0.03340509,0.18149564,0.09537539
0,layer10_83457,layer11_86720,3396076240617629440,83.43151466668617,15.642426432429453,3.460736575973565,-1.3696085837488687,-6.091332708370636,,,0.107616946,0.10788521,0.07818316,-0.027462607,0.45020503
0,layer10_83457,layer11_86720,3396089881433824768,83.03360944320447,15.74763350948121,3.075733914302442,-1.3205243034029155,-5.739773393625461,,,0.1037124,0.11960875,0.07083048,0.28408852,0.15941803
0,layer10_83457,layer11_86720,3396124339954903552,83.37009925099518,16.017277317184504,2.963245653467124,-1.270441391793343,-6.378217901982425,25.999487,2.263628,0.022153731,0.024649005,0.01489803,-0.025050046,0.20345746
0,layer10_83457,layer11_86720,3396124344251284352,83.36777380190023,16.0146559386196,2.949672135807082,-1.0728100389977415,-5.832868458319817,18.594152,1.0166075,0.02220181,0.02238805,0.014193885,-0.16677046,0.34127855
0,layer10_83457,layer11_86720,3396133209063725568,83.56539676287063,16.17795616750184,3.303687358725288,-1.2556498478275044,-6.077906102573519,29.910576,2.652591,0.047257982,0.05080365,0.034135427,-0.13185808,0.34012488
0,layer10_83457,,3396263359456635136,84.29857758977822,16.67229139658005,2.925895805218479,-1.436941439459868,-5.923008624006502,,,0.041851815,0.04950274,0.03172638,0.0266475,0.3255559
0,layer10_83457,,3396268620792874624,84.33836131965442,16.67932177723561,2.93749233572074,-1.1861775565160086,-6.094134984284595,,,0.07860328,0.083542466,0.055557802,0.07398798,0.38904428
0,layer10_83457,,3396570608534303488,85.38503490234766,16.673565563340283,2.901344601965123,-1.6108086519754377,-5.966017009134236,,,0.093787044,0.087480746,0.054094,0.1751624,0.42658296
0,layer10_83457,layer11_86720,3396841535070497152,82.9207354751101,15.801031976866335,2.972299859995561,-0.9814309239452236,-5.726662782387521,,,0.05381774,0.062615864,0.03688718,0.2851909,0.20654196
0,layer10_83457,layer11_86720,3396845726958575872,82.84441838744554,15.87438404675254,3.27686394118709,-1.197095144471944,-6.0520810508336025,22.475132,3.9411044,0.021597,0.025040641,0.014703852,0.18861212,0.23807164
0,layer10_83457,layer11_86720,3396866991339005696,83.02099901376518,16.07952898381766,3.0475121799385825,-1.4972024702245754,-5.2458210582680485,,,0.1560915,0.15239058,0.10126939,-0.03218073,0.44629884
0,layer10_83457,,3396866995634308096,83.02079788192212,16.079110821989026,2.5846132552133265,-0.9746253762381658,-5.472079131342648,,,0.0655783,0.065348655,0.043803282,-0.075950064,0.400379
0,layer10_83457,,3396890291539260544,83.43351585930957,16.377221282790863,3.15665251796806,-1.8281095664897704,-6.143283976804575,,,0.0648884,0.0678663,0.044108488,0.03866578,0.39302388
0,layer10_83457,layer11_86717,3396913583145805184,82.76342700034303,16.19714036864716,2.734995807026806,-1.290908869186046,-5.884928505322684,,,0.23507784,0.2561256,0.15494403,0.030428223,0.3740518
0,layer10_83457,layer11_86720,3396914515153976960,82.68492780361619,16.206447472319205,3.02877543354907,-1.268656008628745,-5.958127820943242,,,0.117375836,0.12731133,0.07953707,0.016199134,0.2994548
0,layer10_83457,layer11_86717,3396923513109179008,82.8757973523423,16.39105180522804,2.7276725091146217,-0.8339652228617843,-5.614047990438284,24.994518,1.1980915,0.033256654,0.03393361,0.021284664,-0.095963836,0.46987715
0,layer10_83457,layer11_86720,3396932210419621248,82.5064896902116,16.376237268844353,3.396765684381502,-1.1640206338267582,-6.172738969728092,,,0.058383163,0.06963137,0.040155068,0.100571565,0.24938747
0,layer10_83457,layer11_86720,3396932755880224896,82.32606649776775,16.301244734960534,3.1809264493374765,-0.8941817526818359,-5.848933454870325,45.662155,5.6664166,0.024906574,0.031174198,0.01852665,0.08162627,0.15301669
0,layer10_83457,layer11_86720,3396948458280364800,83.11977823774829,16.475887821553208,3.4180748055211936,-1.0925217265545013,-5.762380201602836,,,0.22711731,0.24564874,0.15611482,0.13397463,0.33126813
0,layer10_83457,,3396969211562572288,82.70141869509084,16.65807321055659,3.537391051690299,-1.2843348798180252,-5.9644016827116175,,,0.2423873,0.25323835,0.16777381,-0.07162653,0.37389416
0,layer10_83457,,3397063425964854528,83.55334681676959,16.950706424157573,2.8968342988013456,-1.2327460460149158,-6.039765969381399,,,0.23924997,0.21459576,0.15412898,-0.092907324,0.5336114
0,layer10_83457,layer11_86717,3397128232726814080,82.28906017497701,16.520448381102213,2.6881025871650817,-1.281655591553117,-5.40145920275546,16.502163,5.1273355,0.11763044,0.12719934,0.08107521,0.030941257,0.39582378
0,layer10_83457,layer11_86720,3397129160439591552,82.3064508501345,16.595218781448708,3.283405483858856,-1.15464152115717,-6.296158293098847,,,0.05928902,0.06385109,0.039202947,0.122018054,0.36412734
0,layer10_83457,layer11_86717,3397138467633547648,82.39257630223668,16.747599295777583,2.699840938623642,-0.4562580508743887,-6.269447716748084,,,0.13747464,0.12414765,0.08344764,-0.16908678,0.567142
0,layer10_83457,layer11_86720,3397141667384384000,82.15270243694532,16.61507030914848,3.1392562758396108,-1.063251081567013,-6.037261822177062,16.150604,3.8975189,0.017925013,0.020373518,0.013198256,0.07907871,0.33011687
0,layer10_83457,layer11_86720,3397180115931496960,82.27628193166319,16.953910738810404,3.2249852315543848,-1.0818219622171357,-6.100373668617238,,,0.15311998,0.16181436,0.104402944,-0.3510207,0.45393318
0,layer10_83457,,3397200624399651584,81.91475450349705,16.950601445159535,2.934822237906433,-0.9696179740856592,-5.9162632036607015,,,0.19359516,0.22633849,0.14789455,0.008664181,0.37079543
0,layer10_83457,layer11_86717,3397202552840698240,82.11646648638325,16.92558437879371,2.6972460667134257,-0.7309322627398287,-5.733495553204529,25.748476,7.3529124,0.027059011,0.028117968,0.018703453,-0.118446,0.43265808
0,layer10_83457,layer11_86717,3397224263899279360,81.78490257489233,17.144516216436475,2.712403016047633,-0.587272107815616,-5.849265771884341,,,0.064222835,0.07237841,0.04838218,-0.0745547,0.31268218
0,layer10_83457,layer11_86720,3397228803680734720,82.26344390346603,17.062538071542598,3.2287510512476585,-0.717570853046833,-6.010856133618207,,,0.07976036,0.08545636,0.057790857,-0.11191812,0.34895596
0,layer10_83457,layer11_86717,3397229280421596800,82.3624855948886,17.06093633044504,2.7027844981463875,-0.9918495003311388,-6.175224975281756,,,0.03923327,0.04641051,0.030268883,-0.11738223,0.28368068
0,layer10_83457,layer11_86720,3397233510965711488,82.17311017586589,17.1680300884036,3.267766520195281,-0.9831380358398496,-6.33178317656828,,,0.12550142,0.13475062,0.09874441,-0.014426044,0.44425777
0,layer10_83457,layer11_86720,3397234193864222464,82.31424810664559,17.15898653445443,3.4363780769046324,-1.6831457354251944,-6.185539061648203,,,0.23429596,0.25334445,0.16836528,0.10584918,0.31894287
0,layer10_83457,layer11_86719,3397248418796665088,82.11408593502703,17.288528743931675,3.0489331692355006,-0.9285108147240558,-6.01084659618953,,,0.09038394,0.11593352,0.07883424,-0.05626462,0.4196776
0,layer10_83457,layer11_86719,3397248457450838528,82.12887898091078,17.304564857455684,3.036632701691022,-0.3188166640627871,-6.127484647969337,,,0.13810052,0.14727527,0.11104028,0.080055244,0.45057943
0,layer10_83457,,3397325109731792384,83.2883554249177,17.66209495778371,3.2577448449454827,-1.742052460122364,-6.34620668975496,,,0.13693377,0.13846025,0.08226386,0.2096397,0.24134336
0,layer10_83457,layer11_86717,3397333699666725376,82.5757459394103,17.316494182556177,2.7303287551417554,-1.0455756624963362,-6.162724031970808,,,0.09246102,0.11497346,0.070944145,0.06895849,0.16195455
0,layer10_83457,,3397365826022908416,82.64636054913333,17.791934123790586,2.991581919070764,-0.9518948158731396,-6.082749332188603,,,0.16854903,0.16252165,0.108366154,-0.12063081,0.5226992
0,layer10_83457,,3339983379320200576,85.7567869147359,10.88336709603409,3.492403306254982,-2.070158321878708,-5.30404611867016,,,0.05011552,0.055945292,0.035248585,-0.32850724,0.4091549
0,layer10_83457,,3340069828420608000,85.56972316631949,11.530313498248288,3.317212581134128,-1.8098285460568104,-5.072852286183922,,,0.15695317,0.19540013,0.13311815,0.13806249,0.26331353
0,layer10_83457,,3340171945563522688,86.97821019692063,12.027380199288084,3.1595648180737848,-3.067129836021948,-6.120294450695463,,,0.23926221,0.34709862,0.2623899,0.17050552,0.014985891
0,layer10_83457,,3340240527601219072,86.69113357999575,12.315567058303584,3.345319496025567,-1.4762239370677797,-5.267328061395386,,,0.14469916,0.18473017,0.13369314,0.14466591,0.31744465
0,layer10_83457,,3340248468998314624,86.38573468509941,12.301139834975318,3.2464963832724534,-1.9624685466459904,-5.3124314286863,22.804092,3.2015998,0.013921278,0.013618665,0.009320531,0.0119534405,0.4213782
0,layer10_83457,,3340262900088330240,86.4518853096893,12.5848088515518,3.2131698626783867,-2.6261791632043607,-5.744722672841724,,,0.04499832,0.0560238,0.0365129,0.20969525,0.2779514
0,layer10_83457,layer11_86720,3340278774287597696,85.14452011042877,11.7756410939183,3.42681712286669,-1.4986772744984591,-5.493584948583763,38.906895,10.6082325,0.019421225,0.021852205,0.014471724,-0.12810092,0.3801851
0,layer10_83457,layer11_86720,3340482798115881600,85.38940089715258,12.576717765574804,3.406616018582694,-0.9898325722929432,-5.924162245383994,,,0.020333776,0.020899877,0.015039428,-0.13511103,0.39879662
0,layer10_83457,layer11_86720,3340491388050704128,85.57777822586891,12.7181755396171,3.365313397377053,-2.422766072621066,-5.778636729735254,,,0.095689334,0.09015019,0.061619762,0.16989462,0.39487883
0,layer10_83457,,3340757542879556992,83.26416637327588,11.796644630954155,2.9165388454326835,-0.6425513921155664,-4.86727438400461,,,0.034800284,0.037252273,0.025254974,-0.18163928,0.42568102
0,layer10_83457,,3340872849867411328,82.91612605833357,11.985270578086569,2.8932394602880747,-0.954393159563766,-4.824152424457266,,,0.15699966,0.16267858,0.10820743,0.045115665,0.37323335
0,layer10_83457,,3340909172406144256,82.14109658031684,12.029514219066124,3.388658988198796,-0.8831404110482518,-5.518860639577299,16.665934,2.1341166,0.02038225,0.019940615,0.014257966,0.012230308,0.38847634
0,layer10_83457,,3341060767571563392,82.30289235043779,12.61841356752535,2.8467055035087485,-0.8069311843250088,-5.148490892535731,,,0.23990859,0.26882613,0.16989504,0.012781804,0.40672493
0,layer10_83457,,3341070147780101248,82.53031363713608,12.81739506319688,2.892886237020873,-0.7454253656600792,-5.099572925321849,,,0.14282988,0.14193869,0.10004332,0.028264305,0.37645388
0,layer10_83457,,3341074301013388032,82.92491823293808,12.725233477310889,3.424177621797812,-1.2365654758420583,-5.543722367363436,,,0.32216325,0.32722825,0.23236006,0.1635311,0.34869152
0,layer10_83457,layer11_86720,3341160479533964544,84.87642958598965,12.73864509237304,3.400275900176999,-1.7115841290329137,-5.6685895130661255,,,0.080424964,0.09509857,0.06462576,0.010552336,0.36517966
0,layer10_83457,,3341190402568338944,84.32909182822445,12.668092787351926,2.6474363954071074,-0.9148438494389391,-5.428194159166916,22.518759,1.2495617,0.041313462,0.04667225,0.03291378,0.0835125,0.2813909
0,layer10_83457,layer11_86720,3341229229074530048,84.54205739746446,12.973936047274762,3.42586471231655,-1.260454965215044,-5.627473644163136,,,0.06186728,0.06817989,0.044891078,0.19948162,0.27811417
0,layer10_83457,,3341245691684875264,84.223638319887,13.081705038868645,2.634301501468161,-1.266853708196622,-5.639292075528715,25.334543,4.991999,0.016868366,0.0207475,0.013837691,0.19798928,0.029920496
0,layer10_83457,layer11_86717,3341264039785252736,85.15584074307708,13.003694683417828,2.7653426859012136,-1.580876852996506,-5.2596282105341965,,,0.03992653,0.042133953,0.027012112,-0.13855301,0.3486348
0,layer10_83457,,3341273724934132992,84.92210722286862,13.006309717246529,3.333285019262328,-1.0392613223505405,-6.4564574815826745,,,0.17049375,0.1716817,0.119105294,-0.15902436,0.3776983
0,layer10_83457,,3341294997909637888,85.69360506588121,13.200846488126448,3.222422460892303,-1.5545316277611163,-5.759472371161903,22.466496,2.49576,0.023629501,0.024874222,0.017598704,0.010131734,0.4860349
0,layer10_83457,layer11_86717,3341316434089817088,85.3443226847594,13.428701202342411,2.773366915757599,-1.4428178893438637,-5.505324539210755,,,0.10809397,0.10940482,0.0726051,0.23233971,0.35595396
0,layer10_83457,,3341404085780793472,83.68003306019303,12.946618487705948,2.634390876386877,-0.8432919519712987,-5.122589966159499,,,0.15581699,0.14015605,0.10308893,-0.022698786,0.45357558
0,layer10_83457,layer11_86720,3341446146397828096,83.92518825978347,13.272665826947469,3.083222015033671,-1.1228680423269,-5.315370859525531,,,0.054940492,0.05547322,0.040090356,0.08392511,0.28781247
0,layer10_83457,,3341453087064943872,84.01589366808534,13.371331162873547,2.6760109086322528,-0.5983621568776674,-5.692144100350621,-41.867363,1.5685279,0.014525741,0.017887874,0.012153557,0.17434296,0.18577541
0,layer10_83457,layer11_86720,3341505451305106816,83.8519422800905,13.488032691883276,3.425716978837401,-2.0902881414354657,-6.001426684862249,,,0.3079813,0.38622838,0.25770238,0.20279789,0.026141798
0,layer10_83457,layer11_86720,3341541391593089408,84.65024853159441,13.512427487617252,3.408500277327512,-1.7683386817087503,-5.9882049522318965,,,0.08765023,0.08988334,0.059726756,-0.02954496,0.21200907
0,layer10_83457,layer11_86720,3341557437590761856,84.40145789781228,13.631165598170703,3.076323116758509,-1.8790510413608343,-5.743933766914431,,,0.09768642,0.091776446,0.066706106,-0.05438922,0.46473816
0,layer10_83457,layer11_86720,3341636636787637504,84.38468824893265,13.945476177532663,3.350873180381039,-1.4769616612830505,-5.602929654384755,,,0.10020607,0.10646634,0.072126724,-0.024397,0.29573128
0,layer10_83457,layer11_86717,3341638870170597888,84.47913120138625,14.021569658577766,2.774511048193522,-1.2731680589420238,-5.438861674288423,,,0.04937324,0.055621587,0.03867854,0.1081445,0.18699728
0,layer10_83457,layer11_86720,3341640966114675072,84.30262793927871,14.005076922075125,3.1030937164964816,-1.3632035997455187,-6.058383555445591,,,0.045892093,0.048557036,0.03240224,-0.041196328,0.29228368
0,layer10_83457,,3342084546042648192,89.30848471553128,11.147999489915335,3.3241984996047704,-2.1498769691560127,-5.33665495346136,,,0.20833802,0.25149408,0.17984612,0.17096066,-0.00039238768
0,layer10_83457,,3323059116527625600,88.67352078589417,7.851504754817208,3.344211665719844,-2.574559991743235,-4.435710662931249,26.142946,1.0991641,0.014122798,0.017645795,0.013791619,-0.021625137,0.0748408
0,layer10_83457,,3323395979402579456,89.18027307025028,8.063487706035405,3.37312312252133,-2.9505763490248382,-4.4770988357960215,,,0.10746769,0.104562834,0.085814185,0.21371594,0.3056965
0,layer10_83457,,3323435664900223232,89.4423767554584,8.449535651801506,3.407200129032208,-2.352052500555214,-5.0390962193684175,,,0.10567926,0.13812377,0.116233714,0.23739778,-0.0085457945
0,layer10_83457,,3323590691742815872,89.58030888743994,8.786695967588534,3.276992653602869,-3.780746202644429,-5.538944346269145,,,0.14665937,0.15428802,0.12109842,-0.25304174,0.42936158
0,layer10_83457,,3323602648932168064,89.78519572171321,9.03712721837145,3.4276959106820284,-3.30445447907665,-4.924822491439166,,,0.13852146,0.16272737,0.12311206,0.13374528,-0.027805964
0,layer10_83457,,3408708010017087872,76.46500901933547,20.078568133251206,3.1587208342240576,-0.2540878336613055,-7.929924283514943,21.601007,1.3172529,0.01952865,0.02273963,0.016051892,0.005370289,0.31096873
0,layer10_83457,,3408708014312120064,76.46425356816896,20.077732908321373,3.1283089977300347,-0.3796582423743725,-7.478987945212244,22.19779,0.79961854,0.016664399,0.019714128,0.013555325,0.14913245,0.23606066
0,layer10_83457,,3408853317350162560,77.17273366044213,20.760662965880595,3.1860758126504534,0.2683595008645431,-6.434062083095404,22.590014,1.4438097,0.014293096,0.017495226,0.011591633,0.27345973,0.10109931
0,layer10_83457,,3408853321645885696,77.16879449143481,20.76222146898451,3.1519372726280883,0.2558823914329908,-6.738401127215884,23.365522,6.3421116,0.06895879,0.08377424,0.055840082,0.2803251,0.12095644
0,layer10_83457,,3408867031181483008,77.11732354940101,20.873181989297027,3.134477828522152,-0.3316078545813802,-7.446276538798775,17.899202,10.266318,0.021003563,0.027842483,0.017938199,0.18142916,0.10662235
0,layer10_83457,,3408919464142048000,76.92188626400844,21.024715936997385,2.987125678642109,0.2991688418329481,-5.735536677938447,,,0.24779733,0.3355864,0.2097652,0.4260683,-0.113014095
0,layer10_83457,,3408923651733508224,76.81411334056348,21.075437892690424,3.421190792272447,0.5529931136359711,-6.601414734023474,33.108032,4.771798,0.025430435,0.03241994,0.021669926,0.28584975,0.05278343
0,layer10_83457,,3409088445335932544,76.02265976344844,20.958020083337704,3.3479695646675185,0.6270030398154047,-6.525725242021186,18.729406,3.024245,0.020686474,0.025735512,0.016533764,0.013791559,0.2696122
0,layer10_83457,,3409114623159829376,76.03714850099239,21.27061355807043,2.743065137159702,0.7831466094324866,-5.8358517317933325,,,0.25848007,0.29499385,0.20931226,0.13823341,0.19778475
0,layer10_83457,,3409133422233327360,76.40939844409688,21.374721488917206,2.78321334976646,1.218589201627344,-5.899007795191128,,,0.26236945,0.32099003,0.17739068,0.54266715,0.0027249667
0,layer10_83457,,3409201213997095808,76.19753994814059,21.68141500494602,3.27162573768546,0.5146395902201775,-6.641847662789192,,,0.069396965,0.0801329,0.05151097,0.24846797,0.2160016
0,layer10_83457,,3409209524758228352,75.84987036984973,21.63580624103337,2.728012077486284,1.3661955679545394,-6.059290404855517,,,0.2308718,0.26163074,0.18202394,0.17713718,0.11838259
0,layer10_83457,,3409223204229856640,75.93104008664159,21.928567911051683,3.020213664137424,0.7497937379402595,-6.403655474638284,21.37075,4.3144464,0.025963334,0.032200243,0.02210983,0.013153509,0.022539455
0,layer10_83457,,3412103581097154944,74.99284761806167,21.487074335960187,3.2336571570035257,0.8738374792176962,-6.616614345066589,,,0.059397884,0.07685355,0.052617807,-0.19799288,0.34245318
0,layer10_83457,,3412236072248374912,75.56367305284309,22.01700877771251,2.9006979717371126,0.9702080792709584,-6.19230678045422,14.060176,6.13696,0.021022636,0.02536855,0.018247323,0.25751847,0.06317311
0,layer10_83457,,3412255412484663168,74.81386217105022,21.833884841701703,2.966218938649684,-0.1455101145676847,-5.847253274351177,,,0.20867254,0.22508816,0.16695918,0.12508976,0.23592037
0,layer10_83457,,3412257680227469952,74.87822377337638,21.90151144033488,2.997620504274763,0.7401675476617905,-6.362719450642496,,,0.06654594,0.07815415,0.059097532,0.08548386,0.23028807
0,layer10_83457,,3412513866436717312,75.00121934055385,22.751215057290302,3.2174847884031736,1.3325675032944029,-5.454978101031092,,,0.28242648,0.33629835,0.2094559,0.20290127,0.20972475
0,layer10_83457,,3412598494476684544,74.41977379256315,23.11203089088143,3.208983072516852,0.667186386369696,-6.769801428744161,,,0.18182445,0.20415525,0.14824267,0.08515138,0.37244302
0,layer10_83457,,3335067157890678016,88.07583243742256,8.065160961482826,3.3491840689962697,-2.4318434612035333,-4.559027860975284,24.026453,1.5770105,0.018867971,0.020397605,0.01544273,0.17052157,0.1027194
0,layer10_83457,,3335198927487921024,86.4720265398593,7.887335324402689,3.597308390310036,-2.163763757953638,-4.643495667021838,,,0.06335525,0.06838599,0.043927755,-0.073337406,0.36868727
0,layer10_83457,,3335295542775736320,86.15430920559234,8.497648101201161,3.624812855124831,-1.9245179241661736,-4.6381787902293645,,,0.2197771,0.23789376,0.15786593,0.0023202284,0.51632595
0,layer10_83457,,3418236450799000320,76.01471985472148,22.251717886587176,3.4562283286088347,0.5782946586125182,-6.898290861990216,22.985952,9.967643,0.027894296,0.03093814,0.023756716,0.18745087,0.2989368
0,layer10_83457,,3418298465830602624,76.17296389730483,22.79996863246589,3.179292932912584,0.8930502496615125,-5.890631316880817,,,0.2576467,0.29764786,0.20664662,0.2648935,0.22350182
0,layer10_83457,,3418318261335970560,75.73558197516198,22.717791584420706,2.815923000573937,0.8078993496408275,-5.767638763160143,,,0.076444864,0.08327667,0.059088793,0.3294318,0.32095322
0,layer10_83457,,3418381959994348800,76.80349516590276,22.866531918245403,3.165904964732837,0.4070759704849751,-6.43747590032068,,,0.16655877,0.1741256,0.12664618,-0.10297305,0.46244353
0,layer10_83457,,3418391791176522880,76.44646987779274,22.916759339452803,3.3968936648644896,-0.0998979235187259,-7.326741740307964,18.47674,0.55399966,0.025253905,0.02678246,0.01878664,0.20569801,0.32708994
0,layer10_83457,,3418391958678266496,76.42557769081805,22.921862290936268,3.3553618399932343,0.0368512912120463,-7.272774357692469,,,0.06661631,0.06838079,0.045773793,0.330674,0.3682287
0,layer10_83457,,3418391962975219584,76.41881583137199,22.920749268818497,3.42388848524884,-0.2472267336335141,-7.511967041877293,20.251846,4.027403,0.036993217,0.04196393,0.028186068,0.20574583,0.23364624
0,layer10_83457,,3418398250807296128,76.41201039841333,23.06501005213769,3.4725982711551704,0.3062834094408448,-7.533039800962527,,,0.045341965,0.05159983,0.03395367,-0.027249157,0.3412218
0,layer10_83457,,3418416255310292864,76.94450633090005,23.26056275692043,3.2284485069966538,0.4051760923973603,-6.820048108690568,21.233,3.7470105,0.018519523,0.021513905,0.014872247,0.2618287,0.2998509
0,layer10_83457,,3418526172112684544,75.43573447486693,23.010454995734825,3.287314457113304,0.7454866945189915,-5.853804914189671,-42.26826,1.9306209,0.015965698,0.019294007,0.013505904,0.094284035,0.22783282
0,layer10_83457,,3418539606770167296,75.099337772526,23.114285155206915,3.3005475204503214,0.8414934547162979,-6.779823713828631,,,0.038885623,0.043966416,0.031912487,0.14742322,0.24934016
0,layer10_83457,,3418547951890812928,75.17209852088851,23.22976077042096,3.290077761992768,0.097226966006119,-5.97446761853795,,,0.2660703,0.29538408,0.22241223,0.21499057,0.26800007
0,layer10_83457,,3418662167957449984,75.9075676968193,23.549385943594853,3.3269103974524685,0.2526140185516068,-7.126624298764087,,,0.06831469,0.077444635,0.0512758,0.010423628,0.33607888
0,layer10_83457,,3418673678469599360,75.75743604941792,23.59576937958076,3.312263717787065,0.0128084928382349,-7.423747248371328,,,0.10358176,0.102430105,0.074898556,0.001254298,0.50213003
0,layer10_83457,,3418697180530713856,76.33410647853363,23.918514110725543,3.3909314811978533,0.4428522637859819,-7.042807623751791,25.028814,3.2455459,0.027823448,0.034550957,0.023500968,0.1964825,-0.045823153
0,layer10_83457,,3418715322470590720,76.06894159264527,24.07526095734916,3.4445647943653945,-0.4410529993176137,-7.739257546254763,,,0.28881803,0.34904563,0.21777594,0.44335824,0.05293747
0,layer10_83457,,3418800809501952896,77.23005491867437,23.49360001632604,2.886272959608001,1.17645824920121,-6.534382289793626,8.605031,4.721529,0.02972307,0.036900356,0.022136966,0.15028962,0.26443943
0,layer10_83457,,3418867978495200896,77.04064435142442,23.76594717663036,2.926849980009248,1.6376478915131047,-6.100662058290195,,,0.27954596,0.29041082,0.19641589,0.070093684,0.4570248
0,layer10_83457,,3418869460258991616,77.12184470924474,23.84522989462308,3.208789715708615,-0.0455251484763442,-6.751417399430932,,,0.08612832,0.09208094,0.058707554,-0.041784503,0.3667783
0,layer10_83457,,3418982022759789696,78.67494851606477,24.558258261665927,3.059209639405405,-0.3584741608527401,-6.895944252004728,,,0.1075962,0.122057624,0.0867371,0.12047169,0.27958375
0,layer10_83457,,3419017275853109632,77.96447669822545,24.57767048936036,3.420493798230193,-0.4245685853612917,-7.064743674777761,,,0.06940921,0.067951195,0.044392277,-0.18700725,0.516715
0,layer10_83457,,3419034524442125056,77.68028280167691,24.74269565390017,3.10077896283331,-0.3233756301661686,-7.267434535427643,23.944307,0.6847706,0.019924786,0.024329182,0.01583477,-0.038441144,0.21821438
0,layer10_83457,,3419084651002753792,76.59288634898377,24.22701006679252,3.1457328219195566,-0.0152155628251701,-6.742381681723098,,,0.14094186,0.15284292,0.09887546,0.14906706,0.2824921
0,layer10_83457,,3419165671266095744,76.05399031538573,24.526565513446982,3.194166958583242,0.3422274339497905,-7.078587053666462,,,0.24584113,0.31294614,0.22190136,0.078793265,0.2761792
0,layer10_83457,,3419308951375765632,76.85692644428501,25.28966893543808,3.1062079852668054,-0.2647563695528563,-7.14108853561163,26.558594,4.608077,0.016565165,0.02063257,0.012704181,-0.0745584,0.2340562
0,layer10_83457,,3419308990031147136,76.8625294576129,25.3015313464059,3.050597896297561,-0.0091354940964777,-7.131746998917201,26.003359,6.509136,0.022039728,0.026609618,0.01641866,-0.047044322,0.27266282
0,layer10_83457,,3419966120027004416,76.41024356935014,25.184454679461947,3.4104574691005607,-0.2850557507285194,-7.755124493728502,17.429873,2.875339,0.020820832,0.022861399,0.016255027,0.18438879,0.40747157
0,layer10_83457,,3347355402922461056,86.05019749647346,13.79857995779954,3.0736703521553146,-2.394644186595208,-5.723349754284987,,,0.10142907,0.11003569,0.06806471,0.13589971,0.4043304
0,layer10_83457,,3347370624286479360,86.11461139647113,14.14358050567191,3.034431174904788,-2.166462156059176,-5.816521565971656,22.736925,1.242718,0.030116659,0.03273549,0.02278545,0.09159503,0.46332127
0,layer10_83457,,3347374433921337856,85.44058065502297,13.712668462652587,3.228716811612491,-1.8620112595061376,-5.769264499668692,,,0.12275459,0.1306096,0.086941056,-0.07747245,0.35800475
0,layer10_83457,,3347384608700157440,85.5543197935268,13.836732624629096,3.0915488859630336,-1.4148037791537351,-5.408764477616684,,,0.092005186,0.096802905,0.061312754,0.11862236,0.3500821
0,layer10_83457,layer11_86720,3347685080315591424,84.61844738124053,14.68738882298108,3.332504254890772,-1.3324084550100803,-5.904376343864025,,,0.17594072,0.16617213,0.114103265,0.027978826,0.5089731
0,layer10_83457,layer11_86720,3347700232959140864,85.35436935527873,14.814914102673567,3.325038959408701,-1.9622892477806384,-5.986065160622008,21.441086,1.7353635,0.06916879,0.07839912,0.050887175,0.08572728,0.27907297
0,layer10_83457,layer11_86720,3347731882576578048,85.97028301263788,14.691119456556182,3.37337074042042,-2.6406005091794844,-6.190025533874445,,,0.047569398,0.053538788,0.0357234,0.021889588,0.3936967
0,layer10_83457,layer11_86720,3347815887838382720,85.18198674822602,15.091903535552184,3.0606244201630504,-1.0845567055671896,-5.686156403447061,,,0.092810474,0.0850041,0.058898225,0.18141863,0.44511163
0,layer10_83457,,3346202045288628096,87.14433215107698,12.387578368904618,3.3006085879451943,-1.2002227660642295,-4.604626101233904,,,0.23843232,0.27139482,0.19901802,-0.1414975,0.34666827
0,layer10_83457,layer11_86720,3346259567786672384,86.85511123307673,12.64808226610722,3.350680478992292,-2.272600372804123,-6.476023321995404,22.844707,3.7913187,0.037406832,0.042387895,0.027207924,0.084045775,0.29771078
0,layer10_83457,,3346285608171352960,87.06275221031486,12.763246587838546,3.188847460686753,-2.343755527775903,-5.551603317988622,19.92266,2.0938427,0.016111225,0.017303439,0.01282862,0.18793304,0.2615486
0,layer10_83457,,3346465004662787584,86.66712473972895,12.828776115747322,3.2836129346792227,-2.513386259456216,-5.3941684018613225,,,0.18333286,0.20077099,0.12894893,-0.105216235,0.46407494
0,layer10_83457,layer11_86720,3346473830817796608,86.33773950643057,12.83821061883022,3.39285333625412,-2.2277313096338784,-5.839913785837436,,,0.07926229,0.085414924,0.05552089,0.22558287,0.35104278
0,layer10_83457,,3346491526083272960,86.81045581390387,12.982345426476948,3.150768565780632,-2.5857982242820365,-5.4290525079638,,,0.17753686,0.19563271,0.12509735,0.15474877,0.2672263
0,layer10_83457,,3346519907227960576,86.95390747557816,13.354572480924729,3.2625591044252107,-1.0126171294247153,-4.62713151012374,,,0.117005125,0.14786632,0.10822034,0.18234327,0.21460283
0,layer10_83457,,3346668895350754816,86.85887176664941,13.668162789376128,3.219547573453247,-1.6814137022407798,-5.108254794315626,-4.394673,0.96956366,0.013526897,0.01673122,0.010497864,0.16321246,0.116882965
0,layer10_83457,,3343093004361922688,87.93614955368754,11.735049489865752,3.3897877261666687,-2.375670523037673,-5.074392851526043,,,0.32136238,0.38649547,0.24531047,0.016767165,0.20628023
0,layer10_83457,layer11_86720,3343203990613929344,87.76203487992352,12.293058324137814,3.329393365297416,-2.720183031044312,-5.833096111022926,,,0.10747828,0.086182415,0.067909755,0.16932996,0.41427732
0,layer10_83457,layer11_86720,3401343996528711936,80.13716395887339,18.263803618476544,3.430120238357375,-0.6640421896559552,-6.506320341526244,,,0.17165293,0.21505722,0.14422023,0.15711871,0.2664789
0,layer10_83457,layer11_86719,3401359939447294208,80.36195622298816,18.6115814850198,3.064797196699468,-1.487096729698757,-5.843732196437151,23.88211,1.6632351,0.017913692,0.021621067,0.013152218,-0.32716948,0.27400956
0,layer10_83457,layer11_86719,3401379013399197824,80.52203694065238,18.56406009407016,3.1138613658034915,-0.4102164008645637,-6.2130358521008064,16.488222,5.952561,0.024013825,0.027508711,0.018991362,0.05841825,0.3751054
0,layer10_83457,layer11_86719,3401383033488424576,80.5793266909098,18.733334367779538,2.987327865110088,-0.7335672798208794,-6.554221504487057,,,0.062854975,0.07317215,0.049473345,0.027303888,0.3601524
0,layer10_83457,,3401400037263762432,80.34640996812489,18.83602833121941,2.7420436132113686,-0.1117214540848501,-5.752295744777584,,,0.12617627,0.14344549,0.10379978,-0.0688836,0.36216524
0,layer10_83457,,3401400690100152064,80.42832864223514,18.90450486320197,2.87563589458068,-0.5133533853178445,-5.75306383613833,15.406857,7.36757,0.04643363,0.05099539,0.037497506,-0.124249116,0.4000997
0,layer10_83457,,3401400694393938944,80.42654166637348,18.90437349585779,2.873300995009743,-0.7356922124103888,-6.42975269984077,21.542198,0.72839177,0.019798104,0.021323843,0.015055867,-0.13804224,0.39032334
0,layer10_83457,,3401402098848074240,80.21712216702274,18.840959468500657,2.8993190335434487,0.0009310087318107,-6.21542450922176,,,0.12688793,0.13727061,0.09060751,0.13129614,0.37289447
0,layer10_83457,,3401411616494446080,80.39402253330974,19.05021093857128,2.775347085090066,-0.0581657549340999,-6.210902483103137,,,0.08922553,0.093500435,0.065534875,0.16404492,0.40594965
0,layer10_83457,,3401414537072714496,79.85224485041681,18.5673198173512,2.531865715377798,0.9954217285673082,-5.460488372756743,23.502415,4.257432,0.06209837,0.07705366,0.050897814,0.27906525,0.29554692
0,layer10_83457,,3401420893624694400,79.79983100495375,18.71747055351687,2.8448843935269656,-0.3530436752051011,-5.819778473713569,,,0.12964872,0.14478813,0.09356991,0.053894185,0.40083554
0,layer10_83457,layer11_86719,3401449687085860992,80.15860019630368,18.90179836816043,3.048863258018933,-0.3900817378081541,-6.159276333426591,,,0.26412246,0.29519388,0.2102869,0.13978124,0.3967208
0,layer10_83457,,3401452779460911232,80.19018029630092,18.99608947604517,3.300102037817273,-0.5121602794290433,-6.906321499044822,,,0.19714041,0.23653065,0.16802044,0.09534673,0.35082906
0,layer10_83457,,3401473807621208960,79.98495792095068,19.21337557439783,2.8192826099750192,0.2168678751234192,-5.717402557299185,,,0.092470676,0.09447721,0.06954842,-0.0008180171,0.47060493
0,layer10_83457,,3401560703398941696,80.36678011628435,19.33386172997441,2.73455309573804,-0.8976435446783635,-5.882287359041751,,,0.17651717,0.20846163,0.13520564,0.2119192,0.28212497
0,layer10_83457,,3401596506247180416,80.86012506089246,19.64037845396812,3.268978628264596,-1.035953237339668,-6.048689707276181,-32.928497,9.400822,0.06675904,0.067909144,0.04924705,-0.093874715,0.54073346
0,layer10_83457,,3401596510543209472,80.86548105841733,19.637659495187208,3.0360042812494257,-1.2264114073795764,-6.72645013368918,,,0.04459488,0.050663084,0.033443015,-0.09263059,0.46455404
0,layer10_83457,,3401596815484891776,80.84388347575445,19.673042393339447,3.1941077212318905,-0.3328603938919044,-6.420007484234847,,,0.19929719,0.22071208,0.14965856,0.10593072,0.4152651
0,layer10_83457,,3401634679916770176,79.69674810724496,19.088732925677785,2.5618638608711626,0.1141709345757849,-5.35105420830622,,,0.094780676,0.10642364,0.07037209,-0.120593235,0.44950065
0,layer10_83457,layer11_86719,3401636436559006976,79.68864768846426,19.120402509171218,3.099101991741743,-0.2596957321074223,-6.149996500950089,24.768404,2.7654626,0.020135265,0.024128549,0.016165221,-0.09113967,0.38670233
0,layer10_83457,layer11_86720,3401642277712875520,79.64943475006508,19.26279560673972,3.433375022571072,-0.5710372816248579,-6.459167620483511,,,0.24721959,0.28703615,0.19832903,0.101794645,0.32111433
0,layer10_83457,,3401644644240934656,79.25890012690498,19.112372937380886,3.2506531877015865,0.1072952251547518,-6.204041745116382,,,0.1777369,0.1988662,0.1313377,-0.13943562,0.37027708
0,layer10_83457,layer11_86719,3401651451763105792,79.28171173853711,19.29763806152709,3.078518032822621,-0.24269403553464,-6.291415735967136,19.534895,1.1124394,0.027708786,0.03081967,0.020878576,-0.0009852629,0.31622365
0,layer10_83457,layer11_86720,3401653028017350784,79.41551661665972,19.256098044099083,3.409896136899305,0.4066343489232545,-6.374781776920427,,,0.23189664,0.24867994,0.15375276,-0.19960503,0.38289326
0,layer10_83457,,3401658800453654912,79.53189781298374,19.39072551057436,2.983324197452206,-0.2609112265090691,-5.696569849122909,,,0.14809781,0.17067012,0.11204115,-0.013084887,0.31362247
0,layer10_83457,layer11_86719,3401664882127111680,79.7220558068704,19.268762709272423,3.1886532334782647,0.0444837828111973,-5.58027302639243,,,0.31880555,0.40754798,0.25672784,-0.11256336,0.37128982
0,layer10_83457,layer11_86720,3401667600841677184,79.88271482602455,19.40002072226253,3.404556382644828,-0.9853169608204416,-6.976567759860804,,,0.08676968,0.103054546,0.071357034,0.1352149,0.38272595
0,layer10_83457,,3401674331054796800,79.92585037134623,19.46791732210908,2.870200755514773,-0.4577835393848555,-6.289916640358108,22.904318,2.6579018,0.021055521,0.022253586,0.018503688,0.31731677,0.6185297
0,layer10_83457,,3401678282425249664,79.62831688939428,19.361641361205265,2.737235646881313,0.0629111459891527,-5.516017327857351,,,0.149287,0.17646424,0.1170445,-0.03346128,0.24306086
0,layer10_83457,layer11_86719,3401689071382380160,79.91171323226291,19.58792476795808,3.035913073177264,-0.2924145715757179,-6.403361233540707,,,0.0688403,0.08003693,0.056526776,0.09659004,0.35028395
0,layer10_83457,layer11_86720,3401696463021857664,79.15055901307947,19.2566155094812,3.4088264968999216,-0.3494813372289327,-6.734744658897611,21.47885,4.511378,0.024594776,0.026401397,0.01681007,0.11065243,0.39352754
0,layer10_83457,,3401700861068198016,79.07174416449112,19.32866998075692,3.240412598157203,-0.6488362412167474,-5.9672619338728,,,0.06317675,0.07187908,0.04660927,0.13389485,0.3686269
0,layer10_83457,layer11_86719,3401720716700438528,78.97358570849423,19.575382344752303,3.099842791432902,-0.0463875300108572,-6.320350350538327,,,0.08866557,0.0927123,0.0653088,0.0024817416,0.43700388
0,layer10_83457,,3401722297248341632,79.11247521203407,19.52127608270403,2.55552469541129,0.0767005010813742,-5.634331391360817,,,0.15073328,0.15435965,0.09881262,-0.09979902,0.50771636
0,layer10_83457,,3401729822031270400,79.03846574737832,19.695991808850643,3.306293538439505,-0.2844569308666682,-6.286970218356871,,,0.19529338,0.20784663,0.13885257,-0.09002424,0.42641687
0,layer10_83457,layer11_86719,3401735839281933312,79.439958753155,19.6409751927638,3.086442593027711,-0.0254309187285656,-5.855959409505325,,,0.14438769,0.17658885,0.113511465,0.20296665,0.27207986
0,layer10_83457,layer11_86719,3401750678392019456,79.38199312363719,19.76109459228425,3.167963166608234,-0.1908324181735456,-6.4366283696094895,18.89425,2.2524633,0.013480437,0.016337452,0.010146354,-0.061127476,0.32067144
0,layer10_83457,layer11_86719,3401757722138382592,79.51508407974926,19.854552189402487,3.147452618045101,-0.3530238172781062,-6.432074016292935,19.071392,2.9056695,0.018740218,0.019426739,0.013996561,0.10720738,0.45006475
0,layer10_83457,,3401778441061854336,80.37917898025124,19.81816217373805,2.905419429171098,-0.7741064859045788,-7.251920168134201,,,0.100346036,0.10947599,0.07099678,-0.14186363,0.4275943
0,layer10_83457,,3401813732808929024,80.7567964444844,20.12278962008812,3.5049631261389904,0.2853996119580533,-5.597275321380743,-17.45645,2.4330747,0.016422546,0.018484065,0.013249561,0.1206589,0.34603852
0,layer10_83457,,3401818848114461184,80.3542101616149,19.99575903404545,3.227701812798591,-0.4548855259231611,-6.177312332486766,,,0.122544006,0.14396958,0.09413857,-0.16109121,0.322567
0,layer10_83457,,3401827300610386432,80.34539399141941,20.25023316451973,3.010073246596256,-1.7721619248614084,-6.407033390840943,,,0.15414834,0.17825034,0.13010286,-0.030677345,0.34029225
0,layer10_83457,,3401830466000034432,80.6295947684682,20.260570456192745,3.4445576948602223,-0.0972943244222615,-5.927425970642511,,,0.319623,0.41837844,0.23666967,0.269567,0.30569416
0,layer10_83457,,3401866234488931328,79.81203813719306,20.266771806591866,2.772052038766332,-0.1485832629136205,-5.791013906277572,17.449926,6.7197056,0.01797193,0.02025589,0.013587569,-0.07762668,0.30723116
0,layer10_83457,,3401869773541976704,79.85421298936342,20.3248148528458,2.922756029225116,-1.1941444391769738,-6.654005190470027,,,0.039388854,0.04361711,0.027873548,-0.12639153,0.41590995
0,layer10_83457,,3402194056458068480,80.72820627549409,20.29790355542273,3.012946059699783,-1.234586338006432,-6.453912037856288,,,0.06418945,0.08184224,0.05497047,0.19331028,0.31170464
0,layer10_83457,,3402203024350047744,80.9720754513297,20.45470276063358,3.191175368422187,-1.1259659187588829,-6.684590470585601,,,0.12235957,0.14137462,0.09310747,0.21784727,0.26743037
0,layer10_83457,,3402249719233688960,81.21889445687218,20.770785868413736,3.06113987377493,-0.4457949167313285,-6.335062691113132,,,0.09834548,0.105982535,0.07482842,0.041301724,0.42573944
0,layer10_83457,,3389099323940677376,81.55991288848679,13.213699884628534,2.6824204516859806,-1.3549184657024047,-4.992783829671913,,,0.16320072,0.18160588,0.10845412,-0.06505693,0.35565808
0,layer10_83457,,3389103305375573120,82.35660551140242,12.797822309882283,2.831322861925073,-1.2144798346388297,-5.786580841883472,,,0.09033619,0.09069942,0.064499386,0.15449962,0.40298223
0,layer10_83457,layer11_86717,3389143506269265536,82.77856787975504,13.110196782704428,2.6586427644726736,-0.7928903321914034,-5.271171368790175,,,0.07469122,0.08402144,0.05395822,0.20984738,0.28941664
0,layer10_83457,layer11_86717,3389153818487630848,82.38511601090299,13.183818962998684,2.6500819360190904,-0.7152461495867515,-5.1259089188095714,,,0.034550525,0.034559533,0.02358222,-0.036200162,0.3782281
0,layer10_83457,,3389236586801916416,82.242556853543,13.719632549594024,2.895381859248676,-1.343747673804544,-5.240054927864971,,,0.08626432,0.101619676,0.059196636,0.14258263,0.22168548
0,layer10_83457,,3389381413098007296,81.55172720129822,13.31399613014338,2.687422469838739,-0.8138556084771443,-4.282692662493078,-8.253663,1.6858485,0.018165156,0.016825272,0.010910358,-0.056873705,0.4749194
0,layer10_83457,,3389460719671243264,81.42798325051147,13.766471429075754,2.6468733232370587,0.0460270979700959,-5.251301623565654,,,0.07796638,0.081383206,0.053574476,0.09048646,0.23901671
0,layer10_83457,layer11_86720,3389572521962648192,83.46931699985994,13.893952321846712,3.079816471687126,-1.1938835296753625,-5.413733380078096,24.791582,3.898557,0.013752148,0.014594277,0.009509378,0.1857047,0.31033805
0,layer10_83457,,3389599219479754240,82.679507078306,13.767257855941484,3.130298019502136,-1.9526355978668235,-6.504629653426569,,,0.07575666,0.0755692,0.051389642,-0.16990104,0.41392803
0,layer10_83457,,3389599223776232320,82.67849210962922,13.769406261350124,3.066214358496981,-1.5902329730411668,-6.4321781938121285,52.77312,2.0549984,0.017384918,0.017276725,0.011610705,-0.2155923,0.43316126
0,layer10_83457,layer11_86717,3389609085021096320,82.78531933226603,13.947206125605994,2.629144674060624,-0.7888605357622043,-5.208001608073472,,,0.19653518,0.18310337,0.12350573,-0.008052276,0.35521823
0,layer10_83457,layer11_86717,3389622382239645184,82.70959107194831,14.046691734411292,2.718933025188292,-0.6937196256894871,-5.261084004483477,25.634443,2.505544,0.016519507,0.016160855,0.011533892,0.10343476,0.35563096
0,layer10_83457,layer11_86717,3389636778970115840,83.18946143832498,14.092423571146773,2.590789558352789,-0.9122436218140868,-5.438651115896908,,,0.0746886,0.08308338,0.055477895,0.028336082,0.29497176
0,layer10_83457,layer11_86720,3389665877373335296,83.75422959158023,14.017045809274936,3.2655992972397883,-1.3849882393113706,-5.685798700398699,26.896387,3.431528,0.01757208,0.01711279,0.011800069,-0.21589339,0.40115848
0,layer10_83457,layer11_86720,3389706146985393792,84.01630183658992,14.44458238212334,3.199277663109603,-1.5844707118043786,-5.6908174202962405,,,0.11552365,0.11907644,0.08249831,0.18034872,0.29452938
0,layer10_83457,layer11_86717,3389708139851916160,84.19613113114842,14.427187177527513,2.822922346102763,-1.4753749781125134,-5.5990260465155774,,,0.08083441,0.09877004,0.06458622,0.16589633,0.11646841
0,layer10_83457,layer11_86717,3389709892198598272,84.25437739673538,14.481912530830051,2.764804436724641,-1.799634096938073,-5.454753215376341,,,0.078692324,0.093563974,0.061560143,0.076405816,0.20307103
0,layer10_83457,layer11_86720,3389710235795980160,84.28830146405446,14.478815713222756,3.4176261463858806,-2.446211439523391,-6.588787362240808,,,0.104158446,0.13790968,0.0860442,0.2865254,0.04010007
0,layer10_83457,layer11_86720,3389712885789358464,84.12147176303287,14.53512136103301,3.0222619721303405,-1.5459722874148014,-5.674456325594406,,,0.033818852,0.037932362,0.024550123,0.18603405,0.25129375
0,layer10_83457,layer11_86717,3389712885791144832,84.12098377087489,14.534677556871902,2.781765030137948,-1.127973501023566,-5.309742411605759,27.701675,6.8464923,0.032379203,0.035834406,0.023386804,0.18399078,0.25430396
0,layer10_83457,layer11_86720,3389715114878884096,84.19732350565451,14.611924123559254,3.278068917345017,-1.3511048179668583,-5.905970020193253,,,0.14472759,0.18688819,0.113203496,0.39266002,0.0022589334
0,layer10_83457,layer11_86717,3389753769583700096,83.18817684777632,14.464251997226512,2.658064436731321,-1.085200136513199,-5.469104060551705,,,0.20906577,0.20259303,0.14431988,0.014296358,0.4649919
0,layer10_83457,layer11_86720,3389760164791020032,83.3717080643958,14.578951791559897,3.112853000125788,-1.1467046366811442,-5.673117125593954,,,0.043513916,0.041345697,0.02740634,-0.16750762,0.41822138
0,layer10_83457,layer11_86720,3389773079756084352,83.66745016006816,14.631494903401787,3.17730954554671,-1.261840435963444,-5.795026828181581,,,0.121329956,0.13158709,0.090154715,0.07085272,0.18854924
0,layer10_83457,layer11_86720,3389773874326589440,83.53943195977331,14.633410651154875,3.239987466601938,-1.1435112676929862,-5.420543140290634,,,0.09791362,0.10020533,0.068618745,-0.019201018,0.34504408
0,layer10_83457,layer11_86717,3389779642466329344,83.99492187819722,14.773033254364728,2.7714176911200017,-1.1675484342113684,-5.515502281789609,,,0.075411335,0.098213874,0.060901213,0.30398247,0.08511243
0,layer10_83457,layer11_86720,3389784354046690048,83.90054286378353,14.885076501972677,3.063251395818825,-1.0834099443660854,-6.536190779289823,-6.068783,10.55098,0.035729468,0.048148904,0.030318657,0.1199254,0.051654957
0,layer10_83457,,3389795417882471040,83.71504589425042,14.900215574711202,2.625800358327672,-0.2611469747525516,-5.53553837790734,-5.5511265,1.2900704,0.01640328,0.017905802,0.011291976,0.10123821,0.24407816
0,layer10_83457,layer11_86717,3389849053434196224,82.77124711133484,14.428498364055375,2.7981635927116404,-0.7726100142870819,-5.400928145403446,1.30703,4.614373,0.020296093,0.02245337,0.014730384,0.14519447,0.2318191
0,layer10_83457,,3389876987901416320,81.98723866625032,14.324685623394252,2.9447549008364176,-1.2190909740852605,-5.539120628140859,29.845303,2.809655,0.023360612,0.023923429,0.014834989,-0.22141404,0.4090111
0,layer10_83457,layer11_86717,3389904269533498496,82.00284170066578,14.703965558928662,2.727261070310499,-0.6743975128061908,-5.253989674672195,,,0.080953486,0.06744462,0.04929628,0.13394201,0.5413755
0,layer10_83457,layer11_86720,3389913026970457216,82.33905259398,14.690772102183216,3.258587731569356,-0.4190874585291602,-5.64510144732495,,,0.15048254,0.16331263,0.10592483,0.012730448,0.3434365
0,layer10_83457,layer11_86720,3389918941141860224,82.36628807104717,14.707047394415808,2.9798467916804388,-0.2364634999470244,-5.284467187953065,,,0.08076183,0.08866001,0.054967258,0.08489028,0.26310351
0,layer10_83457,layer11_86720,3389930451654221568,82.16668732215447,14.827072155750889,3.01072050207092,-0.4527872760014513,-5.515579597026866,35.780922,7.116261,0.029803557,0.031128755,0.019032862,0.057019375,0.18298113
0,layer10_83457,,3389930554731387264,82.17202339676145,14.837908597593316,3.3675796482529,-0.3218890195485244,-5.484258200541883,,,0.28067115,0.28881106,0.1806419,0.22101451,0.29229116
0,layer10_83457,layer11_86717,3389965017551611392,82.8524076916667,14.793266087158075,2.650074621083114,-0.7197684075231151,-5.410074740656862,18.220238,4.830719,0.025381904,0.025463527,0.017246969,-0.010479711,0.42604408
0,layer10_83457,layer11_86720,3389965047614201728,82.81256686169118,14.769817771044224,3.0619721092652608,-1.0596432363504205,-5.518319257812182,,,0.114337444,0.120049514,0.07293657,0.16622196,0.3439769
0,layer10_83457,layer11_86720,3389972228799640448,82.95477955934919,14.899022503743902,3.156307698769439,-1.1177467678105262,-5.719539257305188,,,0.12853824,0.11226755,0.0786686,-0.02941944,0.51027316
0,layer10_83457,layer11_86720,3389986835985311616,83.26360655687213,14.99460665988282,2.943836184695122,-1.1837787648539633,-5.65745223021555,,,0.11131717,0.11957394,0.08102832,0.013091759,0.21241665
0,layer10_83457,layer11_86720,3389999308570320128,83.24140127211453,15.07036300361287,3.07282692908993,-1.5005763379901544,-5.991376004322483,,,0.10544609,0.1159191,0.07609773,0.044709682,0.23275225
0,layer10_83457,layer11_86720,3390002504025767936,82.97415183830277,15.095722855109884,2.966792060301666,-1.1235002870305868,-5.429609227998026,,,0.09247353,0.08244163,0.058063637,0.1895645,0.52363366
0,layer10_83457,layer11_86717,3390007688050011904,83.4154696314061,15.194064404371716,2.8461929242285007,-1.0644620659237831,-5.764485233563301,,,0.18865089,0.23480412,0.15076767,0.12937585,0.121900655
0,layer10_83457,layer11_86717,3390010887802087296,83.26890777655882,15.267783393059418,2.810206227229241,-1.0544052355804772,-5.509984998895356,,,0.06927617,0.07694875,0.044874936,0.33400872,0.24368057
0,layer10_83457,layer11_86720,3390014182040834048,83.31844433124262,15.383883034212618,3.424033806681022,-0.8832724368928356,-5.973354439856328,,,0.073991954,0.08881492,0.051282585,0.29732832,0.16310723
0,layer10_83457,layer11_86720,3390038306872982272,82.35905233733529,15.139403026788344,3.050247146106712,-0.6215643926353495,-5.2906303860228014,,,0.15795586,0.1623338,0.09986668,0.06689055,0.36257154
0,layer10_83457,layer11_86720,3390059300673176576,83.18016058396145,15.35779628173174,3.0962962578831266,-1.2669595091129593,-5.768188297790269,29.591496,12.338903,0.032746512,0.034773994,0.022879235,0.1665383,0.28388125
0,layer10_83457,layer11_86720,3390066168325098112,83.11414143732317,15.490636641606242,3.2812323917681945,-1.0104285593463824,-5.585088506456742,,,0.12563378,0.15250276,0.09383691,0.011420267,0.17023231
0,layer10_83457,layer11_86720,3390077060362143104,82.94551735850114,15.465913570454047,2.9108214205536096,-0.8913758978432353,-5.5967562649378,,,0.11854974,0.124939725,0.082331784,0.12067037,0.2694131
0,layer10_83457,,3390238314910019584,81.11679773348999,14.20503258842106,3.387753277681791,-0.4543967098947116,-5.39717672272221,,,0.11952482,0.13566966,0.098522484,0.033649836,0.23714598
0,layer10_83457,layer11_86717,3390308095242628608,80.69626403417612,14.46749406887198,2.6420138479857656,-0.2709869060011033,-5.287286825831271,,,0.21359254,0.24010438,0.17192352,0.1405401,0.30750516
0,layer10_83457,layer11_86717,3390321053159725696,80.30262509195545,14.53452598969621,2.645637928499722,0.3223497756122485,-5.250092933085496,70.7667,6.212547,0.03002938,0.03203731,0.02207217,0.1369622,0.42136174
0,layer10_83457,,3390411655493944064,79.92466695148909,14.41633779674291,3.323710273772188,0.392442128641964,-6.356005604858134,,,0.22852924,0.3043235,0.17372349,0.024604332,0.17509152
0,layer10_83457,,3390561605687822720,80.30230487000001,15.0596264317642,3.3764402175411963,-0.0484634514317773,-5.61649106064659,,,0.042814717,0.0489941,0.033204418,0.19275221,0.39608303
0,layer10_83457,layer11_86720,3390656365549657344,81.73966890100073,14.635371194470112,3.4789668257787647,-1.130765665792706,-5.939568294117551,,,0.18549415,0.18043643,0.115160815,-0.078387074,0.45896977
0,layer10_83457,layer11_86720,3390660419998885760,81.83158669610275,14.824026332613256,3.4807856909884425,-0.4669279826137604,-5.954336288171463,,,0.11033628,0.10921577,0.07419122,-0.0354743,0.41721153
0,layer10_83457,layer11_86717,3390673236181560704,81.312146028883,14.871945161995386,2.66646551885954,-0.3959411554818726,-5.3734300740899945,28.055824,3.9771986,0.024152853,0.02555585,0.017555142,-0.04496196,0.46766457
0,layer10_83457,layer11_86720,3390675439501925504,81.4939550371557,14.866304696770683,3.230807199115608,-0.8368088472221754,-6.080506251925487,,,0.1775494,0.19214277,0.1343332,0.04245724,0.39080405
0,layer10_83457,layer11_86717,3390680967123066752,81.55878727595503,14.98673925169163,2.6868871221766235,-0.4603557936464172,-5.408216260655586,,,0.18791783,0.20561728,0.14412385,0.18849306,0.40896288
0,layer10_83457,layer11_86720,3390682002212470400,81.47987785584506,15.019518055251764,3.2757128771759056,-0.9975364172679012,-6.040043666154925,,,0.09655163,0.096927606,0.07114527,0.17401175,0.5026869
0,layer10_83457,layer11_86717,3390686434618125312,81.93508804628067,14.942820810543427,2.6530907646603947,-0.3524787684803728,-5.365555145408399,,,0.056016352,0.058822185,0.038800165,0.15925267,0.30793026
0,layer10_83457,layer11_86717,3390696570740897024,82.04266909801902,15.076852755410831,2.866279402315807,-0.1520732047332564,-5.399795008779381,17.421124,7.5429206,0.03657563,0.041258525,0.025777055,0.22792108,0.21782652
0,layer10_83457,layer11_86717,3390696910040881792,82.04910815598551,15.110277589996446,2.6875445736621324,-0.6605872294347086,-5.492236575664737,22.623106,1.7986841,0.024305083,0.026487915,0.017049154,0.08483019,0.30721515
0,layer10_83457,layer11_86717,3390696948698006272,82.06429394434474,15.11097064746987,2.618739038671456,-0.478807912882839,-6.092742916755253,,,0.071363546,0.074763015,0.047266368,0.103160955,0.34777218
0,layer10_83457,layer11_86717,3390696948698009088,82.05338398033214,15.10870288866793,2.698750072359157,-0.3681883954625415,-5.9946492602138095,12.589613,3.8070455,0.061183393,0.06496626,0.042273194,0.093533754,0.31200787
0,layer10_83457,layer11_86720,3390701827780941824,81.665700528237,15.026719906023503,3.4423904786319106,-0.7119173657351869,-5.88800767517399,19.057629,4.4817905,0.018345466,0.019114988,0.0137595525,0.112089284,0.40319347
0,layer10_83457,layer11_86717,3390714300365886208,81.87637853801917,15.252288496622343,2.7656066841782323,-0.5164493242329843,-5.387107938429427,,,0.047483638,0.056622177,0.035832573,0.17545469,0.2653528
0,layer10_83457,,3390735221150364800,81.41294589555999,15.21811500258468,2.9520979487908936,-0.3932407377925708,-5.405342283402541,,,0.16177168,0.17752993,0.13317412,0.07613098,0.33728102
0,layer10_83457,layer11_86717,3390739997154748544,80.93436711944028,15.031711707896848,2.6354984608605525,-0.2792740941413316,-5.272617317726637,,,0.1346552,0.1536117,0.10368432,0.060066134,0.38260922
0,layer10_83457,layer11_86717,3390742161817296512,81.04811642421933,15.107594054187476,2.675090977125233,-0.1095998334331254,-5.409755971362759,,,0.19866952,0.21285164,0.13251144,-0.24420187,0.45968705
0,layer10_83457,layer11_86717,3390743506144102912,80.96408358773138,15.16152749827054,2.707721239902684,-0.3929896512860076,-5.4697246519692335,,,0.20754215,0.23903888,0.15673022,-0.022952888,0.2954251
0,layer10_83457,layer11_86717,3390747388791710336,81.34007234049908,15.250359429336736,2.6278817377789,-0.4070759593669164,-5.4806012338402965,,,0.081113,0.09104169,0.0656532,0.07833611,0.27470544
0,layer10_83457,layer11_86717,3390752645833642752,81.20275127042983,15.344374290943628,2.8140658219413406,-0.2727407813460246,-5.672901226366738,25.12127,6.003259,0.037922487,0.040250544,0.027957281,0.059477437,0.42697448
0,layer10_83457,layer11_86720,3390753844127818624,81.63027461434928,15.170848394906164,3.436123795872549,-0.6025642121071315,-5.008155196995351,24.466398,4.7712345,0.11945003,0.111838475,0.084318586,0.2385161,0.49819306
0,layer10_83457,layer11_86717,3390774979663649408,81.47648370429413,15.453838051891948,2.6480565572318286,-0.3121709171376725,-5.521387890115241,31.038818,1.5237049,0.036467317,0.04078837,0.029107284,0.024300858,0.30309215
0,layer10_83457,layer11_86720,3390809919221058432,82.20422337550005,15.44580814081132,3.549841871966972,-0.888123909091553,-6.224013359008223,,,0.23000313,0.23714209,0.15037331,-0.2760092,0.4033504
0,layer10_83457,layer11_86720,3390810846933944704,82.04757419664593,15.3769494765507,3.226012819622872,-0.4434620616880364,-5.100844409169126,,,0.31844282,0.37014723,0.22370988,0.15986076,0.24136893
0,layer10_83457,layer11_86720,3390836552315010688,82.87983965523819,15.770518510895974,3.207949285356736,-0.2533907909596667,-5.872512559238978,,,0.057455495,0.06805842,0.040492292,0.20378616,0.23284107
0,layer10_83457,layer11_86717,3390838785697794688,82.71393390230435,15.778343856843724,2.774465807201139,-0.7621454320605512,-5.724654472955385,,,0.17053072,0.1880601,0.11436576,0.21240169,0.21287978
0,layer10_83457,layer11_86720,3390842049873004032,82.49457174579766,15.647402797127707,3.006046768692211,-1.0999639091298763,-5.708847294500298,86.31944,7.3106837,0.04784214,0.059498742,0.03632765,-0.03621324,0.3085651
0,layer10_83457,layer11_86717,3390843802219643904,82.52180512413548,15.70114132910688,2.7971602993006472,-0.8703377019910883,-5.620318843767564,,,0.09564212,0.10801867,0.07050757,0.08972808,0.20806022
0,layer10_83457,layer11_86720,3390846585358494080,82.3145697993767,15.684392253751696,3.474947398117958,-0.8538073734116687,-5.9803460995426745,,,0.048177708,0.04700609,0.031508483,-0.028926507,0.46047774
0,layer10_83457,layer11_86717,3390862867577787648,81.97364331800966,15.598957057229969,2.6684306777028133,-0.5707461553060733,-5.390713708892293,27.232794,2.343844,0.0167145,0.017023737,0.010877977,0.027640149,0.42198908
0,layer10_83457,layer11_86717,3390862871873017088,81.97388740821202,15.598373365122386,2.7093429313908923,-0.2171235446299563,-5.350529398190272,,,0.23542556,0.3179172,0.1600917,0.2486518,0.2777701
0,layer10_83457,layer11_86717,3390868708733617664,82.06493781977608,15.629322276903974,2.7199379913469053,-0.63968501130571,-5.576168407621703,,,0.24570583,0.22575389,0.15332294,-0.07182359,0.5618079
0,layer10_83457,layer11_86720,3390871079555712768,82.12767683271653,15.717324640240944,3.1840328044642616,-0.87212793306617,-5.879452069107768,,,0.1677234,0.1603145,0.10717372,-0.08971878,0.5067707
0,layer10_83457,layer11_86720,3390876474034435584,81.7519375222727,15.597356726539845,3.0337068612756166,-0.4063991564772405,-5.430371216805843,,,0.2652094,0.28470108,0.20008597,0.04594632,0.45952812
0,layer10_83457,layer11_86717,3390884136256496000,81.72486107810859,15.789014122257395,2.8329670927086283,-0.5582785281691032,-5.81253110565889,,,0.1490141,0.17651309,0.11288858,-0.004761421,0.28606668
0,layer10_83457,layer11_86717,3390888882196222336,81.94961168862521,15.89827918309926,2.777884719035302,-0.5929587055615797,-5.442071258499165,,,0.07802522,0.084955215,0.05724909,-0.14284725,0.30738807
0,layer10_83457,layer11_86720,3390892593045992704,81.94150514182566,15.953549824016644,3.426505696736759,-0.8527444829060499,-5.941446796871874,,,0.32035145,0.39073858,0.2675082,0.10096412,0.17142576
0,layer10_83457,layer11_86717,3390922623459388160,82.39365117916014,16.137499704035804,2.817768592646699,-1.0967708648629018,-5.400894901083689,,,0.12262647,0.13692231,0.08212864,0.025916616,0.4189972
0,layer10_83457,layer11_86717,3390976877486398464,81.47435003410318,15.719397030235596,2.6855845337237136,-0.2036382631167399,-5.441771327706917,19.26093,1.5124421,0.033096198,0.04217759,0.027996873,0.3486623,0.26269606
0,layer10_83457,layer11_86717,3390991098120903168,81.20472208520505,15.774720570431452,2.86393414393814,-0.0597895472695465,-5.352419336280317,30.911476,20.298338,0.015227791,0.0176644,0.012295111,-0.194724,0.3698867
0,layer10_83457,,3391024152190637440,80.37890013271132,15.765571142447852,3.1774357181415613,-0.3436085888119108,-5.569039529090164,22.37283,0.90592253,0.021371756,0.025307054,0.016335092,-0.26178446,0.2735738
0,layer10_83457,,3391032192368677120,80.3931685525455,15.910388312818354,2.9662934560920915,-0.2787655061878866,-5.364929194939908,,,0.14578342,0.16040842,0.11276197,0.022625726,0.32219929
0,layer10_83457,,3391042848183281280,80.84943988545378,15.955432014295626,2.9765612932699024,-1.058312363243232,-5.5551164761208485,,,0.059858214,0.063052334,0.046399683,0.19380088,0.4025149
0,layer10_83457,layer11_86717,3391048586259564544,81.01420673045483,16.031206140444922,2.8174302418638,-0.476063373826926,-5.270789268389627,,,0.10591691,0.12648274,0.08804853,0.17727794,0.33888733
0,layer10_83457,,3391049273454343168,80.88224339176827,16.04046911990339,2.9704717085809937,0.074489953059428,-5.149412358604479,,,0.058022816,0.06735075,0.046230588,0.11532284,0.3093335
0,layer10_83457,layer11_86717,3391063635824960768,80.9610055006576,16.159573244190188,2.752199761875056,-0.3477752419139851,-5.712992274507872,,,0.055076133,0.08241659,0.056648664,0.16027421,0.08892763
0,layer10_83457,,3391124173389060736,81.69716852440239,16.279759262751334,2.9428367630114898,-0.7993483092170472,-5.692048948859278,,,0.08586034,0.09747538,0.06805778,-0.04687198,0.3227465
0,layer10_83457,layer11_86717,3391129503443746816,81.70713567409256,16.36737122546449,2.668202348969232,-0.4706434519304305,-5.421205737977962,,,0.18897165,0.20569554,0.15515605,0.05310939,0.2888449
0,layer10_83457,layer11_86720,3391134137713473664,82.04808132250307,16.470678841929846,3.2520417747516364,-1.29220419477885,-6.094632491318702,,,0.10401833,0.12327403,0.08366827,0.23752026,0.2701113
0,layer10_83457,layer11_86717,3391139738350921728,81.93955997131873,16.597507574996047,2.793934010202458,-0.7887354221243582,-5.650904273927598,,,0.08106341,0.10809657,0.070442595,0.12201707,0.07738402
0,layer10_83457,layer11_86717,3391141632431554432,81.13707929636948,16.113141938843604,2.6314554029715422,-0.2338786751568781,-5.645323400174855,,,0.044753768,0.06943691,0.042215038,0.30209684,0.060235318
0,layer10_83457,layer11_86719,3391142835022361088,81.28623933246116,16.154576904014604,3.104069620329713,-0.3632131998120609,-5.750283634129214,,,0.07461345,0.0856729,0.05993072,0.022325335,0.4329328
0,layer10_83457,,3391202861484966016,81.52384168598483,16.700135255882092,2.97347209164776,-0.1159924379423026,-5.497620165145827,,,0.05688994,0.06290209,0.04438621,-0.078005314,0.5155533
0,layer10_83457,,3391203823558519936,81.56989433529444,16.78355696103742,2.919266934013681,-0.9300688892985968,-5.827963185630176,,,0.2370893,0.32043755,0.21990885,0.13923761,0.25458652
0,layer10_83457,,3394037535604175360,80.41103267346625,16.016983972868687,3.1583381218602864,-0.0936539535084826,-5.6361987272403375,,,0.123971954,0.13731924,0.094164394,0.11976117,0.3612893
0,layer10_83457,,3394072140157317632,80.84248786443041,16.32297784048789,2.587370154598584,-0.3396731500292316,-4.984210088597698,,,0.121031255,0.17197293,0.11886659,-7.431096e-05,0.13022175
0,layer10_83457,,3394075541771174400,80.61663293546741,16.37752909238188,2.6021785431229643,0.7277550537868289,-5.851257242261653,,,0.050713275,0.055980295,0.039893024,0.13198908,0.39127573
0,layer10_83457,layer11_86720,3394126286807895040,79.8899810979067,16.543197886049846,3.548748029251596,-0.6711148134011878,-6.152777894141562,20.740837,8.356664,0.017934283,0.02213856,0.015387439,-0.007159644,0.20967227
0,layer10_83457,layer11_86717,3394140958416521600,80.31807043307374,16.575784935552576,2.734251703217536,-0.0500710445783934,-5.587747898319479,27.971447,1.8876265,0.019274676,0.020456398,0.014911602,0.19001752,0.5045414
0,layer10_83457,,3394158378805236224,80.10063637328665,16.706818228697422,3.4196252765274697,-0.057838728369007,-5.687705136131841,,,0.16360487,0.19336434,0.12641676,0.0737325,0.34871498
0,layer10_83457,layer11_86717,3394165628708334976,80.19651393722788,16.916630125800257,2.7228294542002924,-0.1315407529282143,-5.492581972371381,,,0.089115515,0.11713467,0.07399313,0.014167719,0.16591917
0,layer10_83457,layer11_86717,3394197892504661760,80.72296489822904,16.774171923797304,2.725233903250753,-0.3636111314175863,-5.513274440701431,,,0.11448295,0.13062087,0.086785525,-0.25377023,0.41999656
0,layer10_83457,layer11_86719,3394227617973279104,81.22388828146445,16.972251588954318,3.0606997471991955,-0.552459887092244,-5.83845718915378,,,0.06592094,0.07328041,0.055524327,0.16032717,0.4103311
0,layer10_83457,layer11_86719,3394233729710005120,81.12289384049707,17.144073832233527,3.195699635958136,-0.2819137813602619,-5.765002470572703,,,0.1132893,0.12631705,0.0903276,0.1729187,0.39353684
0,layer10_83457,layer11_86717,3394235825653827712,81.2105894115007,17.19695704791594,2.73225431720074,-0.4600023264772185,-5.8847531439950345,,,0.044852674,0.04875948,0.03358456,0.22669472,0.3570622
0,layer10_83457,layer11_86717,3394237822815814272,80.4308199044778,16.723371892161644,2.7320605742520585,-0.0505114552484988,-5.523952247604927,34.378544,4.034093,0.016067559,0.020432873,0.012356985,0.14906526,0.23923874
0,layer10_83457,,3394247576686021760,80.77979688032146,16.911895771642854,2.908408455297942,0.2950686213499464,-5.8717721424096565,,,0.070261605,0.08778834,0.05987275,-0.040047053,0.1483127
0,layer10_83457,,3394254796526237056,80.35360607178973,16.873837868948588,2.960669837962037,-0.0571939171295263,-5.600307775593717,,,0.13130218,0.13783774,0.098241605,0.083458535,0.45531908
0,layer10_83457,layer11_86719,3394260186710759808,80.28068850001333,17.00077358597973,3.247592202912198,-0.2062115863286049,-5.826058807314191,,,0.20055234,0.2650522,0.16565481,0.04300837,0.11793246
0,layer10_83457,layer11_86720,3394260191005155840,80.2816517843645,17.00075607164744,3.5105343975506225,-0.5288105516929253,-6.055842660863618,,,0.10225272,0.13532718,0.08479873,0.042201664,0.14114939
0,layer10_83457,,3394282662274099328,81.12342650159324,17.21471215202618,2.830954106265533,-0.5312426310986987,-5.762441240734093,33.286793,9.091316,0.04052801,0.04497147,0.031311896,0.17228031,0.38174742
0,layer10_83457,,3394282662274099712,81.12292163683983,17.21410446929879,2.908010171713545,-0.2981177150450633,-5.974402053522767,,,0.078191206,0.086604364,0.058063682,0.2109078,0.3564519
0,layer10_83457,layer11_86719,3394300013941985536,80.86417716919298,17.39410765695617,3.144100959611253,-0.2519213689184698,-6.273228935719953,,,0.13280104,0.14113952,0.09912153,0.1746392,0.41497284
0,layer10_83457,,3394344475443352192,79.86528527997875,16.76322899088146,2.867638296783894,-0.1282366932657705,-5.720394658544342,,,0.06566929,0.080976576,0.052578636,0.17732717,0.14273965
0,layer10_83457,layer11_86717,3394351274376159360,80.02400333575649,16.85433163330088,2.778019849493177,-0.0835962732442541,-5.96202121236132,,,0.11781278,0.13066441,0.08824408,0.0875581,0.33004215
0,layer10_83457,layer11_86720,3394352511325349376,79.99821424503888,16.912253682066133,3.5200419300133814,-0.5227505866180884,-6.6148319361453725,24.232492,5.681787,0.019292103,0.022058846,0.015141122,-0.0017665674,0.29968598
0,layer10_83457,,3394383782983956864,79.09274037555751,16.817059414973734,2.748382062180385,0.3748128015450496,-5.569358554509595,11.485107,6.877192,0.029352542,0.03274606,0.020959292,-0.11218374,0.46663553
0,layer10_83457,,3394438548110199424,79.28188744047043,17.39418966888827,2.809740618241119,0.3938185220277652,-5.591869408608105,21.093666,2.7488651,0.014441041,0.016383573,0.010588622,0.17454872,0.37283304
0,layer10_83457,,3394441365609433856,79.53767813325922,17.406091346482636,2.5166825767495795,-0.2823722266277744,-5.806250728402107,,,0.12831128,0.17652467,0.109266065,0.22101693,0.27519375
0,layer10_83457,,3394448787312241408,80.11407202615594,17.03566206840044,3.001477022878864,-0.2263641103072259,-5.767775015144983,,,0.18323398,0.21011928,0.14041187,-0.08116827,0.34112373
0,layer10_83457,,3394458824653122176,80.38272161988748,17.22836012374795,2.6565482974862955,-0.0748194876122243,-5.525107827064699,,,0.057686273,0.073290855,0.045233518,-0.25895602,0.28744292
0,layer10_83457,,3394505931854012800,80.2250000815823,17.581219036415305,2.8836423945688687,0.1005289859014302,-5.74873770160498,22.907602,7.8711123,0.018221105,0.020726258,0.014478505,0.038010795,0.35308552
0,layer10_83457,,3394513422276777344,80.59928400374723,17.80554314306329,2.6938455520541646,-0.0149048977951375,-5.592429141017735,41.607384,6.0041513,0.028634401,0.0348655,0.02207553,0.31337458,0.25054365
0,layer10_83457,,3394516991394866944,80.4852413032773,17.831474107068342,2.675778216424737,-0.0897713037393875,-5.642621302115164,,,0.13642497,0.15025082,0.10232377,0.22779565,0.3681462
0,layer10_83457,,3394540978786940416,79.51278163334663,17.560890912368574,2.665517942567188,0.1462848370555939,-5.437556017382375,28.50394,3.7169204,0.016408069,0.018180072,0.011850716,-0.025176346,0.4342734
0,layer10_83457,,3394541592966903808,79.53400047361619,17.61166956756169,3.6018546660716177,-0.2686095296379873,-6.563957680692966,,,0.12481977,0.15397048,0.091030456,-0.09221686,0.31778634
0,layer10_83457,,3394543177810189312,79.59463534523728,17.64347452788937,2.67775566221419,0.2199850347853973,-5.476737461442195,19.981354,4.768042,0.023757325,0.026132409,0.016803306,0.099983685,0.38798636
0,layer10_83457,,3394547919454363136,79.83739673343197,17.74903950432444,2.811268312910402,0.0171901334897018,-5.366382039178378,29.279968,2.8991013,0.01525776,0.018230608,0.012261283,0.008389801,0.36544734
0,layer10_83457,,3394547949526537856,79.83804664163219,17.748919831591873,2.8664323049812284,-0.0173332645873081,-6.022150567046513,8.671678,9.702404,0.047617264,0.056828447,0.038877096,0.0739475,0.36902502
0,layer10_83457,,3395014245527145600,77.39240844265952,17.140953772003435,2.795266919449153,0.8196062415838041,-5.43959234501656,,,0.14509238,0.16079488,0.12385185,0.1366469,0.23362319
0,layer10_83457,,3395058573886101632,77.93745543627465,17.62184139180392,2.6361670039017624,-0.463351014982038,-6.368639063978792,,,0.23085412,0.25581047,0.1752362,0.008518193,0.22013016
0,layer10_83457,,3395189548912569472,79.24137352026004,17.43992500078206,2.9228071279542136,0.6159886081772731,-4.429259991581336,,,0.20554242,0.25766948,0.16132042,0.18868093,0.19700381
0,layer10_83457,,3395216761826850560,79.2123479301545,17.777945462782572,2.644842424417215,0.4330752218680449,-5.383607545771455,40.229416,3.5696921,0.03362141,0.045729775,0.027359515,0.15588015,0.35731548
0,layer10_83457,,3395256894000127360,78.77833866861684,17.62209583050638,3.257897422534726,0.688582474021673,-5.315831112310557,,,0.2278293,0.27334428,0.17195135,0.39354277,0.3652085
0,layer10_83457,,3395316615520844032,79.26939719987458,17.965939318452154,2.980942278502408,0.2317944723163187,-5.813948604637585,15.242843,5.2049074,0.017411524,0.017747689,0.011595942,-0.06487845,0.49054512
0,layer10_83457,,3395322972072424448,79.34114232841692,18.004332196915424,2.7735950202792865,-0.3179242415465265,-5.719748110567141,-3.376209,6.756257,0.039956294,0.042501528,0.026971698,-0.057634372,0.475748
0,layer10_83457,,3395323521828225408,79.38767589345444,18.04247797597504,2.593467225189848,0.2152060669081466,-5.501445750675307,29.570196,3.3426795,0.016765365,0.01820813,0.011728011,-0.04100176,0.47673613
0,layer10_83457,,3395324930577695872,79.45907177736747,18.069007076719537,2.6495091019731016,0.2434027092858764,-5.45664499227911,,,0.05127179,0.058589283,0.039201587,0.048635636,0.41032246
0,layer10_83457,,3395335612160779136,79.78893963722709,18.15716334907451,2.749419230349683,0.0971314769443616,-5.629705285624038,,,0.03327412,0.040323325,0.02720717,0.04813078,0.23703341
0,layer10_83457,,3395360591690066048,79.80914307786425,18.439828658043915,2.7961459825775377,1.0786404606311988,-6.250266721874737,25.473179,0.6870285,0.017244132,0.0255519,0.016689632,0.22436826,0.26885384
0,layer10_83457,,3395360591690066304,79.80078278843945,18.43633837233686,2.7107041233259666,-0.2208832734933864,-5.620700296243207,19.422766,4.0382905,0.025620306,0.035085782,0.022483645,0.2486528,0.25541288
0,layer10_83457,,3395368047752516352,78.94181277184032,18.047549913051725,2.7710891272525298,0.2820238530689348,-5.74696717290604,53.33323,4.488191,0.023676287,0.026958914,0.018522948,-0.034733105,0.46382582
0,layer10_83457,,3395371281864561664,79.29371689360546,18.09248610626922,2.531532652321787,0.1443010967658786,-5.599491009096118,,,0.09516626,0.09064159,0.062284566,0.009213002,0.55259705
0,layer10_83457,,3395391828988058624,79.23346261711902,18.380671345433896,2.6694208940698085,0.2457873271334497,-5.83533680158266,18.913702,3.1664255,0.026748657,0.029350271,0.021085115,0.06110169,0.4547793
0,layer10_83457,,3395392202654674304,79.16974111795268,18.379015887088617,2.636896710191812,-0.2005426344137305,-5.335157871376797,,,0.03117448,0.03676858,0.025282923,0.24118304,0.55772066
0,layer10_83457,,3395392511887970048,79.19080788595839,18.380214023937903,2.9233262234213706,0.4803661623381932,-5.182682581291027,,,0.2047401,0.2521234,0.1706537,0.12391997,0.40460548
0,layer10_83457,,3395392584902313472,79.1693524110824,18.386210011957747,2.678631664826346,0.4537197989080609,-5.906392049418023,,,0.022452176,0.025523731,0.017179169,0.048782423,0.43361017
0,layer10_83457,layer11_86719,3395393027284666112,79.18301859265354,18.43882915223869,3.1378962286882834,-0.7856354736620079,-6.14665065617234,,,0.16764796,0.18924563,0.10960352,-0.16274719,0.43435183
0,layer10_83457,,3395393031579758848,79.1828237849719,18.439511587851182,2.628790777186143,-1.0537033076048996,-4.646115559347503,,,0.053191163,0.06105021,0.04367823,0.06522842,0.41461134
0,layer10_83457,,3395394332952593792,79.0054737337271,18.3687107718744,2.9794781442114147,0.4625355522514544,-5.942101812793462,,,0.15488312,0.19033237,0.12110902,-0.107574604,0.45109093
0,layer10_83457,,3395400620786204160,79.5807376949162,18.372581428505164,2.730552357376072,0.2248863381223939,-5.545653578385634,,,0.13176872,0.14787197,0.09865465,0.35219696,0.41213834
0,layer10_83457,,3395400728160454528,79.5788033150962,18.399082198063564,2.892171244092496,-0.1728708613311367,-5.74997844984934,23.755075,2.479863,0.013399229,0.014732567,0.010368029,0.104520194,0.40984854
0,layer10_83457,,3395411551477804672,79.55643867697714,18.52142901427048,2.608695240320857,0.4265360354858286,-5.084567775871426,,,0.052528083,0.066402264,0.044216022,0.08943634,0.30829844
0,layer10_83457,,3395413230809241216,79.60897577436118,18.5745265226728,2.709613002849581,-0.2563536584843799,-6.711971489808307,20.557066,1.3206329,0.018190522,0.020297565,0.013930496,0.08732302,0.38285175
0,layer10_83457,,3395413269464708352,79.62825765039356,18.57215267900952,2.5983427645872665,-0.1061057268034864,-5.701549171180699,,,0.072695486,0.082722016,0.057254188,0.13157451,0.38709453
0,layer10_83457,,3395415189315327104,79.30702696306585,18.39615864212135,2.9336450220805816,0.0435852689141456,-5.667861858284168,,,0.18217309,0.20951872,0.14489436,0.17679413,0.37604302
0,layer10_83457,,3395416258762029696,79.23015713009345,18.42946734628136,2.6356043118616554,0.3702330240078372,-5.410583652880838,23.711948,3.9577346,0.018904155,0.021859739,0.014696287,0.06592617,0.43659234
0,layer10_83457,,3395419312484252672,79.36621074931219,18.56541731167975,2.765588376878266,-0.0990675384566561,-5.747337564921587,,,0.1256863,0.15592313,0.10711612,0.18848297,0.28584749
0,layer10_83457,,3395419763455340032,79.18369000233106,18.48461061881766,2.746577599632311,0.2862322399318771,-5.767608569675517,,,0.036824975,0.044377692,0.028404597,0.081858024,0.43571356
0,layer10_83457,,3395422507939973120,79.31699770082685,18.604178578859383,2.723286420479927,0.1810745694455083,-5.569708057034283,,,0.102174215,0.13407846,0.091103606,0.19646943,0.30117315
0,layer10_83457,,3395423302506887296,79.28131842281806,18.60808857552149,2.844098912228354,0.8428283034458118,-5.783564150605658,18.974922,7.4550414,0.03223687,0.03897436,0.024564376,0.34488204,0.33770123
0,layer10_83457,,3395423302508353408,79.28178896570844,18.60839895652673,2.5939724871680654,-0.1793198562098435,-5.914336499783672,24.945927,3.5503342,0.026307186,0.028482525,0.019691575,0.19794698,0.49901316
0,layer10_83457,,3395465530626986624,77.96259290482793,18.111341259689507,2.816015935502133,0.7137884711386498,-5.57419522860606,14.565321,5.000795,0.021493172,0.022416253,0.017104838,0.169583,0.3388044
0,layer10_83457,,3395477277362527744,78.6121786044543,18.12036437274532,3.006606793559892,0.4690465420768959,-5.955787416020499,,,0.26201665,0.35620186,0.21603964,0.31949878,0.028063202
0,layer10_83457,,3395478965284786176,78.68023049072997,18.15692113933174,2.6603063686179844,-1.240068536102962,-3.859807978234076,13.313875,2.9405425,0.019274278,0.024689855,0.015084256,0.2904625,0.14939626
0,layer10_83457,,3395506590514386432,77.72214114700027,18.040232063446744,2.6515129583702155,-0.4211321311623293,-6.69604661721671,,,0.13080561,0.14659898,0.10384858,0.007195218,0.36350873
0,layer10_83457,,3395527683097278848,77.50910534647261,18.263567329902585,2.614677272606839,0.2668262630387675,-5.903618285561563,,,0.25489247,0.27638415,0.21185918,-0.007362811,0.16661535
0,layer10_83457,,3395544558025887744,77.9487406781823,18.41182625039224,3.0665485000841524,0.5592506458619882,-6.014289028272242,22.879488,1.0547237,0.021556215,0.02594049,0.018803522,-0.066228226,0.114812054
0,layer10_83457,,3395554797227148288,78.17954820725762,18.58841490492877,2.6803555056103288,0.5555304215657257,-6.661951288306223,,,0.07463821,0.09204458,0.061828613,0.23342234,0.12920707
0,layer10_83457,,3395568953439338112,78.1359094774786,18.747421395783384,2.8644338558487483,-0.0610830273440089,-4.597888537629364,,,0.1955089,0.24389099,0.17565663,0.069411434,0.26262632
0,layer10_83457,,3395569464539830272,77.94914830495789,18.660447547660752,2.8740514104605426,0.3342675171441656,-5.826619611773961,,,0.15470704,0.21632414,0.14350487,0.30060622,0.065831825
0,layer10_83457,,3395578707309530240,78.67827296038071,18.375368464339925,3.227692550650332,-0.0227427480434429,-6.066485235316991,,,0.063012965,0.07431918,0.04809942,-0.015251827,0.24471878
0,layer10_83457,,3395582525536217088,78.89067883598761,18.39925330011668,2.9079449343802284,0.0268362147555286,-5.874727090619984,,,0.048727248,0.053494103,0.033331282,-0.14554742,0.49630332
0,layer10_83457,,3395589775440969344,78.98098945688984,18.630922626123493,2.813901728982426,0.2504459915336648,-5.8635372504329055,,,0.12020137,0.1390903,0.090557165,0.115875326,0.2790266
0,layer10_83457,,3395609566650368128,79.15473011482122,18.61813379275072,2.873448459932362,0.0427404591598623,-5.299917832907044,,,0.053532504,0.058688927,0.039643265,0.23765987,0.4611482
0,layer10_83457,,3395610837960686976,79.18180574364253,18.617154105220788,2.613759527218902,0.4779519043448003,-5.3557336769867225,20.999926,5.4329076,0.022172999,0.024413686,0.016633268,0.18086967,0.4302839
0,layer10_83457,layer11_86719,3395611314701911552,79.23699630300413,18.65288255069665,3.114610036128571,0.4857828759489044,-6.310365906738769,,,0.23707622,0.3227748,0.19962293,0.280897,0.23648061
0,layer10_83457,,3395615437870543232,79.08420407445306,18.709998888767235,2.9594687574947502,0.3534450790039538,-5.3316368454129925,,,0.19870941,0.21826905,0.1413906,0.22682282,0.32648385
0,layer10_83457,layer11_86719,3395617778627831040,79.27423964236382,18.72867648335107,3.158161774856659,0.0080276268072964,-6.122764121509738,,,0.031630084,0.03877045,0.025542714,0.20014319,0.3644723
0,layer10_83457,,3395622275458564608,79.18819687401216,18.832542902450182,2.9032247936598616,0.2604208467740131,-5.50328411047032,,,0.18357785,0.21786216,0.1409667,0.21666653,0.14129204
0,layer10_83457,,3395627257619755904,78.87217314006153,18.731153572002263,3.3237402678362744,-0.6764546244901467,-6.093108831893528,22.932669,1.8502105,0.027151784,0.0323139,0.020576768,-0.10436418,0.36061272
0,layer10_83457,,3395628906888044416,79.05860190364517,18.80389229168964,2.9136376822280665,-0.202245114335765,-5.922437257628056,,,0.10312546,0.12898386,0.0832094,0.19540216,0.22001034
0,layer10_83457,,3395628906888045696,79.06109319768025,18.80533120642638,2.8707194447654114,0.1320819279222271,-5.932680314154149,,,0.039788328,0.04574886,0.031259377,0.14891656,0.30086452
0,layer10_83457,layer11_86720,3395633923409637248,78.87180521571597,18.90533087320141,3.4123327114855457,-0.568440641565176,-6.350613893855569,,,0.18750775,0.20355926,0.13576734,0.054956444,0.4145389
0,layer10_83457,,3395639700140774400,78.97684375711187,18.95466084133108,2.7203994865810963,0.1219787864531002,-5.786627556043353,,,0.040311527,0.049090523,0.031601116,0.18293549,0.31494516
0,layer10_83457,,3395651584313672960,78.37006635136264,18.750293616878967,2.585756319220605,0.1529772150527909,-4.957521208435397,,,0.17719449,0.18223347,0.12861039,-0.09957348,0.4278408
0,layer10_83457,,3395671929575272064,78.41597225391519,18.942786497763485,2.6647861703109745,0.5062213874818782,-5.575651154282838,25.33233,1.9992534,0.015860103,0.017276166,0.0124336025,0.09032989,0.45401156
0,layer10_83457,,3395692781640562176,78.88247721540877,19.14401017352264,2.9598778666861567,0.0259633109056828,-5.92237563958937,,,0.18013373,0.22683021,0.13824384,0.28284886,0.2728025
0,layer10_83457,,3395702887699505920,78.46963743511846,19.197446961975107,3.263413168545348,-0.139784184629809,-6.382453722411182,22.508446,0.86951727,0.020762572,0.024257949,0.01745254,0.13868906,0.40951705
0,layer10_83457,,3395704395232245248,78.57289676343811,19.234671416951294,3.2201097793451843,0.4585860699473506,-6.270779925856946,,,0.14561044,0.18463618,0.12785329,0.16655841,0.2965762
0,layer10_83457,,3395704880564312064,78.57542167021339,19.26510979091896,2.654709882654038,-0.3172798343871251,-4.7811123247214224,23.396408,1.5807724,0.046705928,0.052932158,0.037092645,0.16239078,0.4628486
0,layer10_83457,,3395707423184930560,78.75286271276485,19.29479362515766,2.7435438169651185,0.3417025605762243,-5.550759374057403,,,0.08626922,0.10084974,0.06579844,0.27529642,0.36962655
0,layer10_83457,layer11_86720,3395724946650741888,84.53152208861063,14.760473335056828,3.0777934754913834,-1.4936378610843306,-5.7082595926989885,,,0.1090342,0.10869642,0.07493798,-0.1498565,0.44034174
0,layer10_83457,layer11_86720,3395753392220109952,84.83707621820723,14.980025889736153,3.3900743659415027,-0.9016805034121282,-5.796915603963136,,,0.24369375,0.27626997,0.17922248,0.1999929,0.2319267
0,layer10_83457,layer11_86720,3395769442511784192,84.59948597006449,15.052165631766586,3.3402289317735328,-1.1399021137990109,-5.9101281968665145,,,0.18060353,0.18594566,0.10725563,0.38555893,0.29110974
0,layer10_83457,layer11_86720,3400233768959732736,81.77712360561776,17.334344582234625,3.454006049518345,-1.5976523975470511,-6.97744537930395,20.934748,0.9097259,0.019662457,0.021888234,0.014009468,-0.3348468,0.41914952
0,layer10_83457,,3400243488469508736,81.32308135930674,17.36574765039286,3.3023011379854905,-0.4022116425006887,-7.023874762333285,,,0.14953955,0.18060878,0.12277432,0.09752272,0.3036831
0,layer10_83457,layer11_86720,3400282143174685696,82.04750310418521,17.730785843932814,3.393133504387015,-1.3919424199590202,-6.50021431011315,,,0.24141304,0.2866104,0.18210047,0.3943781,0.15479685
0,layer10_83457,layer11_86720,3400282899090960768,81.94522013590009,17.739142824370408,3.539395199570473,-0.7952119558778292,-6.254722134165475,,,0.16212577,0.19138297,0.13518596,0.27285314,0.2858931
0,layer10_83457,layer11_86720,3400282903385072384,81.94474004202218,17.73539788514757,3.43746010165888,-1.0955854919368575,-6.38471470229774,18.349125,1.3112043,0.017550996,0.019520514,0.01324888,0.18050222,0.36078107
0,layer10_83457,layer11_86720,3400290428168122240,81.3208697017791,17.36930464000086,3.561905093113039,-0.6903924854460879,-6.813180190132534,,,0.25981236,0.30940786,0.21119097,0.029599013,0.33312422
0,layer10_83457,,3400292004419567616,81.28535053527708,17.452788724307993,2.922611040298984,0.8948181104057944,-5.163785951227056,75.55691,0.9150969,0.0147458445,0.017899493,0.01201123,-0.02315732,0.2891729
0,layer10_83457,layer11_86717,3400294482617277184,81.0935345954349,17.464515093703962,2.751101568039509,-0.9384279101130648,-6.411833001717294,44.362263,1.7532058,0.016899705,0.023575036,0.015155932,0.2650357,0.082173415
0,layer10_83457,layer11_86719,3400296544201527296,81.22262684461984,17.548094680239895,3.1860450144303853,-0.5845747371411789,-6.18551619638628,18.506466,3.8419867,0.025098486,0.029105479,0.02064523,0.13886207,0.39492783
0,layer10_83457,layer11_86720,3400307706821076096,81.00797248081878,17.550891619798445,3.397686702418181,-0.5149617953537093,-6.114972078245727,,,0.21790676,0.27847,0.17678645,0.26115698,0.22610842
0,layer10_83457,layer11_86720,3400314102027409920,81.0662182178812,17.693911864648204,3.472103862153677,-0.4157566490095789,-6.41214479510986,20.0164,2.7939334,0.015224782,0.018773424,0.01289888,0.11119496,0.31127778
0,layer10_83457,,3400336813814664320,81.62502622782259,17.855140834254286,2.851660394752668,-0.6933194701845674,-6.001201118943808,,,0.08000637,0.09188825,0.06367934,-0.05401029,0.36308962
0,layer10_83457,layer11_86719,3400336882533813248,81.64533834443787,17.86442046602679,3.083980805233371,-0.1808792617966514,-6.045464771519875,,,0.1614341,0.20834391,0.13748117,-0.1576061,0.38142717
0,layer10_83457,layer11_86719,3400336882534125440,81.64521404224705,17.863306089948548,3.046470939643358,-0.6287850374002311,-5.963227955478469,41.178097,12.643974,0.022458764,0.027508551,0.018363768,-0.0100315865,0.31731987
0,layer10_83457,,3400373063338995840,82.3005520716023,17.89912431416525,2.840581627260302,-0.7460146160912302,-5.669004651255159,18.799286,1.8529034,0.01748947,0.02216375,0.014477763,0.10103663,0.17439462
0,layer10_83457,layer11_86719,3400507238117692032,80.77717636048311,17.81356774611777,3.1251164634904,-0.7428233268668016,-5.985646454466536,,,0.12644616,0.14661914,0.10210801,-0.030817935,0.24141523
0,layer10_83457,,3400539089595032704,81.10804202716416,18.0123110113445,3.282729849900535,-0.4495114742733392,-7.190834712765343,18.929232,3.092777,0.04595812,0.0533753,0.03440639,-0.2900486,0.37326238
0,layer10_83457,layer11_86719,3400552966633523328,81.08714850447076,18.14419692379132,3.133797502891397,-0.1480680175022498,-6.026506271556659,,,0.055245925,0.062433414,0.0434364,-0.12801501,0.3110427
0,layer10_83457,layer11_86719,3400552970927696256,81.08855612537378,18.144935688200427,3.149440133182771,-0.5450832983801925,-6.141550767699161,,,0.061569024,0.06784914,0.046944663,-0.13662383,0.30675235
0,layer10_83457,layer11_86719,3400562518641188352,81.20441815295719,18.319946574953903,3.0701224064500985,-0.6853677355287384,-6.1061988785662695,,,0.1756492,0.21554768,0.14972821,-0.024284177,0.26897782
0,layer10_83457,,3400565065557086848,81.30663015491449,18.42606648703456,2.9498901172073526,-1.0032098469514292,-5.997208528468796,0.55576456,5.361519,0.033748593,0.042491075,0.029878534,0.039907172,0.14410906
0,layer10_83457,layer11_86719,3400565443514289920,81.10449033536919,18.31137411283434,3.0952823583806865,-0.5544242593708759,-6.870257587061065,18.778946,3.656313,0.02540708,0.026069533,0.019261632,-0.006988452,0.48505136
0,layer10_83457,layer11_86720,3400568638969902848,81.19128839268261,18.44432651279467,3.3624708156354286,-1.0641198522335054,-6.656241886790919,,,0.0699589,0.07917507,0.052703716,0.21837755,0.306874
0,layer10_83457,layer11_86717,3400572723485127808,80.63188847553475,18.060981160231936,2.734534656220602,-0.8308517726328373,-6.798246218283444,,,0.23971759,0.2752388,0.1808563,-0.038118124,0.4250854
0,layer10_83457,layer11_86719,3400576472990165248,80.50179559282296,18.097265793109223,3.207805068383847,-0.3732927419919979,-6.02353419575877,,,0.06468867,0.07578562,0.048335068,0.037984163,0.2876683
0,layer10_83457,layer11_86720,3400589765912160640,80.42039420022594,18.18200528261384,3.4800564264735563,-0.4200833591010371,-6.252972828554431,,,0.115099825,0.12541273,0.08203296,0.12014367,0.37888986
0,layer10_83457,layer11_86720,3400596191183351680,80.52543067193459,18.260914020422327,3.571095182855019,-1.1968964669689384,-7.252274660937964,,,0.13332893,0.14475526,0.094025426,0.046341285,0.37378034
0,layer10_83457,layer11_86719,3400597191912831488,80.48537777580569,18.28284254229864,3.020381959222175,-0.1505975148962612,-5.894840604000807,,,0.12981491,0.13719693,0.09741592,0.057476353,0.51335317
0,layer10_83457,layer11_86720,3400605708832284672,80.90317225872725,18.305509400077003,3.517520583177576,-0.932147192635564,-6.821604099728441,,,0.092341974,0.094491154,0.06675904,0.07718056,0.45553625
0,layer10_83457,layer11_86719,3400635984056798848,80.78302224655117,18.66573994142889,3.061000517180538,-0.7794176697655377,-6.101643451299065,,,0.12070893,0.13793975,0.095215164,-0.021249244,0.3686835
0,layer10_83457,,3400652541159108608,81.78186986129222,18.554914516741658,2.970937457431608,-1.15051979166493,-6.5082277701618745,,,0.2430199,0.2566854,0.17612219,-0.08947863,0.46479547
0,layer10_83457,layer11_86719,3400666147611131264,81.35811021405337,18.64880641162178,3.0951167898319536,-0.4561005394826594,-6.064059476062575,,,0.20674062,0.23996362,0.16017689,0.22733699,0.31890061
0,layer10_83457,,3400682163545577856,81.92288698425074,18.74293499079964,2.9515813004277724,-0.7620512077014494,-6.282896318391033,15.321339,3.1331608,0.023593156,0.027265832,0.017973555,-0.19413269,0.41306528
0,layer10_83457,layer11_86719,3400692574546154496,82.08481746032123,18.96372809519184,3.075955505732438,-0.9829949930815992,-5.880841228640506,,,0.22173251,0.26435518,0.1828959,0.27709216,0.19970272
0,layer10_83457,,3407438898720024064,76.3197193991638,18.78926732263982,3.11705558153343,-0.4247002781244994,-6.424098505750514,,,0.10114145,0.12468877,0.07956596,0.30075103,0.19733243
0,layer10_83457,,3407658083786997120,77.56465315266071,19.255463651123687,3.009262059999914,0.4434743547439507,-5.954486982937116,,,0.024075035,0.0276474,0.017648885,0.26026464,0.26060182
0,layer10_83457,,3407677698900772480,78.06657822334995,18.91854879812658,2.655181907029838,-0.5245039198841591,-6.705069330020714,,,0.17036274,0.2236191,0.16349235,-0.16835488,0.15982792
0,layer10_83457,,3407679245089026304,78.15606564913529,18.97638225958469,2.632294711196873,0.934137938416818,-5.89961567723166,,,0.13807048,0.16859606,0.12451018,-0.24637312,0.3831993
0,layer10_83457,layer11_86720,3407690824322665984,78.15123136655822,19.144929604907343,3.387011525633598,-0.1175575312761533,-5.5846338164848754,,,0.16676967,0.19695652,0.1299725,0.21307653,0.28555945
0,layer10_83457,,3407694947489520768,77.92006780997404,19.044813344546963,2.9195705973863464,0.617565968472773,-5.999941784689055,,,0.14001353,0.17591605,0.118209794,-0.0747417,0.065694384
0,layer10_83457,,3407708386444409600,78.02788484193537,19.318092439797173,3.266713295052502,-1.1615588883403611,-6.75816849285956,21.404842,7.9443517,0.12753391,0.15291384,0.105783015,0.08904531,0.17418697
0,layer10_83457,,3407708764401390336,77.90875230937445,19.293159462144537,3.319288855231457,-0.8029878862113571,-6.7357845710815925,17.165102,3.112394,0.018439798,0.022654215,0.014869335,-0.32994816,0.2281445
0,layer10_83457,,3407709034982774016,77.8795979448745,19.3084594312923,3.324862827865422,-0.976311919637608,-6.211862743542808,21.264818,1.2557144,0.02532301,0.032137387,0.01941361,-0.364843,0.148907
0,layer10_83457,,3407739786949395328,78.34131911001442,19.55057081111846,2.754140253752381,0.2833176828135058,-5.665110318085124,,,0.121411584,0.15584493,0.10095291,0.044572912,0.14010796
0,layer10_83457,,3407749648193732736,77.76119766344799,19.27277775912446,2.75406047775046,0.6563043382360633,-5.574387735829292,,,0.13034053,0.15420182,0.10439692,-0.059669834,0.31628957
0,layer10_83457,,3407751404836713984,77.76337502939367,19.357561257005845,3.3035169452746365,-1.178594251413298,-6.368435362735003,,,0.040059015,0.047844585,0.032115117,-0.11931548,0.35948643
0,layer10_83457,,3407752538707939584,77.65300352468577,19.316136560264336,3.5606015143483427,-0.2265978739223935,-6.845624346707655,10.44272,5.9508924,0.021412909,0.026794814,0.017619472,-0.043568123,0.24566561
0,layer10_83457,,3407764667695520000,77.88092903463813,19.60953885993974,3.3423553312514267,0.0077781016202157,-6.684284058902464,,,0.051752318,0.05698154,0.040795892,0.27962583,0.25425202
0,layer10_83457,,3407778205432464896,77.62867025065763,19.596770876225783,3.0001352445079834,0.1440905865725938,-6.04539759928025,,,0.18837504,0.18786205,0.14470978,0.13081373,0.39631695
0,layer10_83457,,3407779747324133504,77.6244474229788,19.65995970606957,2.8940364599393504,0.6167982474583827,-5.651990369555031,,,0.27737656,0.32503423,0.25733978,0.03826817,0.20407335
0,layer10_83457,,3407780576254395008,77.70065384665037,19.680066280603125,2.736922087223125,0.5992400640364889,-5.659462379565936,16.288597,4.3253927,0.023310613,0.027535569,0.018027965,0.21515463,0.22724679
0,layer10_83457,,3407805280906256384,77.80511811730769,19.80334763752015,3.324147931365871,0.2139481590977007,-6.185138123166221,,,0.2036127,0.22331737,0.15764895,0.29045802,0.21300575
0,layer10_83457,,3407817371237832832,78.01667329815598,20.075583976819267,3.3433975736167856,-0.2812104810232201,-6.633707434932672,,,0.1546759,0.18953736,0.11549913,0.2866899,0.065973885
0,layer10_83457,,3407854930726991488,77.07447555618053,19.247221567924296,2.9418510308766663,0.8771753156519697,-5.718611997743413,,,0.17098235,0.20542131,0.1417362,0.1642198,0.047637887
0,layer10_83457,,3407854930728586240,77.07367588003066,19.247535478491614,2.951611037384722,1.079095265524642,-5.572704514294457,,,0.15799694,0.19796224,0.13269965,0.17540775,0.041195575
0,layer10_83457,,3407856545636745728,77.04102922561589,19.34257445630627,3.1183090668758755,-0.3452031702861534,-6.329592170708102,,,0.10363801,0.13214876,0.09068011,0.17924519,0.09948162
0,layer10_83457,,3407952959061687168,76.71586566533217,19.951648287076043,3.222408391908492,0.8444956396123349,-6.002233885631799,,,0.064185746,0.07051041,0.050600953,0.21638991,0.29400924
0,layer10_83457,,3407972750271455104,77.41129195351552,19.788728015553986,3.040724981437823,0.2624673217437287,-6.082360259918825,23.33112,7.16367,0.016107328,0.019460104,0.01384733,-0.08394997,0.27959377
0,layer10_83457,,3407980786154026624,77.08063719097377,19.78004547163769,3.2597696354383165,0.8969960063399207,-5.412561531922172,41.097004,2.1570575,0.019288559,0.02233489,0.014616482,-0.0476238,0.28874686
0,layer10_83457,,3407991613767653248,77.30240140998919,19.98443436437095,2.9475575194433787,0.744098088365188,-5.91857873960952,,,0.037757363,0.044478003,0.034361515,0.010402906,0.23971754
0,layer10_83457,,3408007414950983552,77.8333946803543,20.10818040294764,3.2355874495246457,-0.6474296734988941,-6.62485672327429,,,0.23562796,0.322079,0.21748759,0.24274819,-0.10776375
0,layer10_83457,,3408086167471582976,77.04395003707023,20.39011513597497,2.932591298496588,0.8686059138129061,-6.226321973726924,13.537637,3.468536,0.020845225,0.023618776,0.017121617,0.26634806,0.20978554
0,layer10_83459,layer10_83459,3335544685239167744,88.87954789948715,9.11096426449294,3.80813755348133,-2.9833378473348664,-5.270632339894384,,,0.14060207,0.17232513,0.1318754,0.21965618,0.09916515
0,layer10_83459,layer10_83459,3335572589642318592,87.96989820482113,9.018796022497092,4.166809386079663,-3.0070038924704874,-5.627262501111531,,,0.109469734,0.11520247,0.095058575,-0.014124298,0.27212235
0,layer10_83459,layer10_83459,3335575372781055872,88.2604376746374,9.023109321984164,3.9086425345609896,-3.290430659671636,-4.5627377893419805,27.240772,2.5210354,0.025489107,0.02309974,0.019233184,-0.010855685,0.2548632
0,layer10_83459,layer10_83459,3335690993301062144,88.89149333882092,9.359935943189656,3.701886089312588,-3.0128028263509417,-5.243650111598122,,,0.071624964,0.08225306,0.06355264,-0.14844045,0.3050387
0,layer10_83459,layer10_83459,3335693394186213120,88.99226892873942,9.46473443566355,3.6492273084518354,-2.30596779461953,-5.414368643197984,,,0.13644226,0.13372274,0.10566742,-0.081944354,0.33360445
0,layer10_83459,layer10_83459,3335700541011402880,89.11822448599426,9.57825632395765,3.9285063019128112,-4.52768364664501,-5.625944576576512,20.847874,0.8948749,0.013367947,0.014864068,0.0106083825,0.07582583,0.11388474
0,layer10_83459,layer10_83459,3335730880662221440,89.1912019342643,9.763658068025538,3.923382494902888,-2.5133350058957658,-4.926464823374762,,,0.37027368,0.39046872,0.3018732,0.22898474,0.097186334
0,layer10_83459,layer10_83459,3335749228759755136,89.10617486357913,9.924899391931064,3.9874720993524937,-3.816199810123493,-5.641373871216273,,,0.15953796,0.17810014,0.13025221,0.2830471,0.11649921
0,layer10_83459,layer10_83459,3335764690642485888,87.77272476702647,9.108300993765775,3.832675463977223,-2.540540234113983,-6.138586190927581,,,0.1971239,0.24226575,0.17195083,-0.22343364,0.24857321
0,layer10_83459,layer10_83459,3335842554104222848,87.7829054961636,9.58238535875006,4.057051980350715,-3.584832820867049,-6.275586215238213,,,0.28276715,0.26651892,0.21582516,0.112264216,0.36597657
0,layer10_83459,layer10_83459,3335855606510194304,87.32083590087724,9.648721617960494,4.041481285246689,-2.5636096179957413,-5.195888797474309,20.916168,2.5438154,0.19091971,0.22862722,0.15764357,0.016493168,0.16575183
0,layer10_83459,layer10_83459,3335896945572446208,87.8413159930786,10.038770801376932,3.842477991243592,-2.825937516046447,-5.712998483871514,,,0.046783954,0.057058897,0.04221715,0.036188092,0.04751041
0,layer10_83459,layer10_83459,3335905088830848512,88.50015723524685,9.678450645237708,3.600150599077188,-2.844998831312041,-5.441433754567132,,,0.09596914,0.11239472,0.07650992,-0.03824704,0.18753055
0,layer10_83459,layer10_83459,3335988132022696320,88.42723161010043,10.291867773885956,4.028612846751717,-3.0106934343261007,-5.147828700067652,,,0.26002157,0.21077557,0.15467666,0.11575963,0.29181862
0,layer10_83459,layer10_83459,3335991159975062272,88.13492652569376,10.160280463524696,3.952004574887464,-3.251570583875488,-5.8154576197816565,,,0.06431712,0.079579845,0.05096902,-0.35013118,0.28719175
0,layer10_83459,layer10_83459,3336004178020606976,88.2658789167938,10.375570129645917,3.619692358309918,-3.044863679939989,-5.03654246972226,,,0.26871148,0.29624605,0.21001537,-0.10982171,0.09637136
0,layer10_83459,layer10_83459,3336066197346113024,85.6600638291282,8.745449227086004,3.974144675432478,-2.0580870552629493,-5.102651364259029,21.89896,4.7033143,0.015228486,0.01670488,0.010989053,-0.036326747,0.38163298
0,layer10_83459,layer10_83459,3336526038022551936,86.15221232655263,10.267758187531877,3.962940477190015,-2.4324410709303805,-5.106584466149768,24.125095,0.650226,0.17763153,0.22312,0.14155999,0.033315416,0.31720924
0,layer10_83459,layer10_83459,3336616228039416320,87.4861068187202,9.895929601878002,3.801680867355744,-3.380372619146469,-5.230799252924962,,,0.22558947,0.24059853,0.16683802,-0.0030323667,0.11750453
0,layer10_83459,layer10_83459,3336648423113734400,87.7028947451721,10.066964869103233,3.763229877073519,-3.3828120253190828,-5.951213730427701,14.643719,7.656872,0.020161113,0.024212353,0.016721461,0.2668464,0.17067704
0,layer10_83459,layer10_83459,3336755904672800896,88.03224028973712,10.471378981959823,3.688574884189909,-3.5499120705780585,-5.990146588634046,54.197132,9.348692,0.048266377,0.03766557,0.02679017,-0.08678348,0.34266284
0,layer10_83459,layer10_83459,3336794215781017728,88.40983691230811,10.812506333623272,3.948331043484417,-2.6874786962208708,-5.465751860819585,36.926674,0.44245014,0.018359661,0.021609982,0.013555319,-0.03623432,0.1654907
0,layer10_83459,layer10_83459,3336871353393249408,87.8122675340055,11.106684196288034,4.029828193738052,-3.585588117478262,-6.819698426747926,,,0.143695,0.14790595,0.11626678,0.23626849,0.19932294
0,layer10_83459,layer10_83459,3336872762142253824,87.63268395808954,11.062863691399958,4.046284210185058,-3.001727705784909,-6.036315119195806,19.130545,3.5085766,0.017423049,0.018302348,0.015300641,0.0882772,0.23563984
0,layer10_83459,layer10_83459,3336969209928083456,86.36258610451401,10.84414049175414,3.789876889192349,-3.1711304305772146,-7.106269638170855,49.343018,0.3944048,0.03352191,0.030225268,0.022044983,-0.0011185667,0.535797
0,layer10_83459,layer10_83459,3337063488754199808,87.52442930539185,11.199904557882697,3.7635841150158793,-3.503212748418049,-5.516777173494218,,,0.276929,0.38554084,0.3118402,0.1322996,0.0040574153
0,layer10_83459,layer10_83459,3337075411581465216,87.63667997620199,11.402463268615742,3.950974592870502,-2.1994830946463564,-6.235606009201131,,,0.07835743,0.09282055,0.06825465,0.08748352,0.10890305
0,layer10_83459,layer10_83459,3337107091262661760,86.9893035790139,11.343490082638649,4.092264890922839,-3.078961213943216,-6.089846290023604,,,0.35512558,0.32789287,0.21861131,0.18815362,0.18459785
0,layer10_83459,layer10_83459,3337138603438519168,87.09314381797516,11.618691391965347,3.756903799154781,-2.9362077203626487,-5.93208066818007,,,0.08301893,0.07016607,0.060587104,0.14436911,0.41044843
0,layer10_83459,layer10_83459,3337933790862943616,83.98208077294358,9.65609220384416,4.090413531485593,-0.5867138179397003,-4.570128816560868,,,0.29876822,0.3261391,0.22417423,-0.09023455,0.4359843
0,layer10_83459,layer10_83459,3395886673646221440,85.01887974566952,15.574886214133748,3.8158843076587465,-2.320980096097915,-6.534239356050194,,,0.10719884,0.107795976,0.07239467,-0.0060511534,0.49163303
0,layer10_83459,layer10_83459,3395886677941324288,85.0167395251478,15.574587911599252,3.6720939050038814,-2.069219257956101,-6.355212965585937,19.830095,0.80491096,0.015676027,0.016095014,0.0102095,0.07319049,0.37774003
0,layer10_83459,layer10_83459,3395978384080326144,84.88589519912362,15.916678556559374,4.125016979889633,-3.779655844518743,-7.45190202328568,,,0.0746019,0.086119056,0.05242344,-0.19250232,0.371501
0,layer10_83459,layer10_83459,3395996010628908672,83.68056504598107,15.144222489567314,3.88864038686917,-1.9251802067090984,-6.622423556973907,18.812605,2.509003,0.022772497,0.027215647,0.017208422,0.21552806,0.21315485
0,layer10_83459,layer10_83459,3396029442654233472,83.70624371765292,15.632873816644668,3.740466635241245,-2.2392516984230046,-6.6279795352518445,,,0.10378419,0.09950886,0.06716667,-0.0149254,0.44709334
0,layer10_83459,layer10_83459,3396042430635174016,84.33228671965394,15.706043687388936,3.61829285026774,-2.918542243290566,-7.221939311518786,,,0.08410248,0.0821615,0.054116942,0.2950131,0.33914468
0,layer10_83459,layer10_83459,3396052287582509952,83.91777398688687,15.731349738262397,3.8074964777614295,-1.7717562573626875,-6.581953925832641,,,0.075142376,0.07986302,0.052060086,-0.011422971,0.31302336
0,layer10_83459,layer10_83459,3396057475903770112,84.00890629593678,15.746887245694754,3.732971580292598,-2.2941672379128173,-7.023170306515548,,,0.15441695,0.16765417,0.11174703,0.15638174,0.31676275
0,layer10_83459,layer10_83459,3396068952057178496,83.48410644735661,15.56855432811266,3.908915412697613,-1.795678323892544,-6.43582882931093,-31.924517,1.1585646,0.016214876,0.020359684,0.012420556,0.13326149,0.25094223
0,layer10_83459,layer10_83459,3396106026213533952,83.57422422660233,15.844753342817397,3.61023072612318,-1.2696776332446975,-6.46948337771114,,,0.036641255,0.03635334,0.024731701,-0.092890754,0.43887419
0,layer10_83459,layer10_83459,3396219142769977088,84.20761664492039,16.332323245656863,3.990741688481801,-1.7438081863497106,-7.135456661939372,28.267418,7.729511,0.037748285,0.035587877,0.024369728,0.081004106,0.4856899
0,layer10_83459,layer10_83459,3396888745350728704,83.38144367007203,16.29925869561368,3.6950095214940224,-1.7631260644965183,-6.794984006785533,,,0.050888643,0.051463068,0.035282727,0.03511006,0.42483842
0,layer10_83459,layer10_83459,3397227669810194432,82.29778958742587,17.015671872226434,3.678516727439743,-1.6354188597367345,-6.079672680434875,,,0.050725944,0.055636548,0.036428533,-0.23239855,0.22871631
0,layer10_83459,layer10_83459,3397334215061790848,82.57871649178567,17.374167912154793,3.6771800746170498,-1.290538829003839,-7.116521729704625,,,0.10160767,0.12746519,0.07535215,0.10759178,0.12190582
0,layer10_83459,layer10_83459,3339968020516593408,84.26248830400743,11.73323170759975,4.204146205678319,-2.152876599605922,-6.130429272614015,,,0.06031953,0.07700817,0.04888504,0.10753512,0.2676536
0,layer10_83459,layer10_83459,3340101340598356864,85.86885611816689,11.702376195308617,3.613713515754697,-1.7689126691491968,-5.539685866211338,,,0.069015294,0.07801945,0.053661067,-0.012003528,0.3277194
0,layer10_83459,layer10_83459,3340144423413584128,86.43461773830374,11.758477614193913,4.028010448335671,-3.181901921418557,-5.80432229744349,,,0.21933879,0.25085366,0.13511197,-0.15852228,0.468944
0,layer10_83459,layer10_83459,3340155938222983552,86.50476764251705,11.89799926769908,3.902338171534117,-2.5440314783078626,-5.91297317444201,19.441011,2.995021,0.013839172,0.015151282,0.009369662,0.04706583,0.3889131
0,layer10_83459,layer10_83459,3340198711801621504,86.01353420375271,11.858468983489844,3.580056549910427,-2.46938827727372,-5.566026949068607,,,0.08509877,0.09875114,0.06454693,0.10098963,0.21397084
0,layer10_83459,layer10_83459,3340231838885938048,86.56972497286165,12.176091675572598,3.558182479400369,-1.496496966574077,-6.6351573308786405,,,0.21179904,0.22080474,0.16426983,-0.047159016,0.5282811
0,layer10_83459,layer10_83459,3340253932196723200,86.24226115215775,12.396709800264476,3.956854128590097,-2.785133966409328,-7.574207273172597,19.994545,3.1747382,0.029913686,0.030780496,0.020905837,0.076814905,0.44582322
0,layer10_83459,layer10_83459,3340261968079086720,86.51673535056874,12.54639551635186,3.882064200054101,-2.4199078434589243,-5.895735294266382,35.278698,3.9003844,0.028582674,0.032928932,0.020865742,0.19154927,0.2688922
0,layer10_83459,layer10_83459,3340332439900785664,85.5072357921284,12.260466915487346,3.865013697276552,-2.6230189304552347,-6.262469576175494,20.640574,2.2612898,0.016670575,0.019853666,0.012270278,-0.05972515,0.2865329
0,layer10_83459,layer10_83459,3340436107529966080,85.71731030241924,12.501288115414376,3.914895848546249,-2.257765659450318,-5.874007078978947,,,0.09153971,0.09674555,0.058520954,0.024926893,0.36302823
0,layer10_83459,layer10_83459,3340446209292924800,86.1576013822416,12.50915999116832,3.943770298128839,-2.474878772431232,-6.009411982891709,,,0.0765744,0.07549528,0.05507519,0.061345488,0.5233126
0,layer10_83459,layer10_83459,3340476686380713344,85.4138692503933,12.453164941048362,3.660461764890558,-1.9698106843482883,-5.734178388026583,,,0.034422867,0.035221096,0.024307227,0.06566003,0.402306
0,layer10_83459,layer10_83459,3340484073724369792,85.64472787957861,12.538024263958466,3.5725651063400727,-2.198797414372127,-5.867860902544391,,,0.15836869,0.15716296,0.10245693,0.0029381234,0.38539553
0,layer10_83459,layer10_83459,3340486234091129856,85.74085648749235,12.613718507864386,3.9768705224740937,-3.418202028900444,-7.744305455144691,,,0.14822048,0.1620353,0.09675153,0.034860183,0.42266035
0,layer10_83459,layer10_83459,3340487818935798400,85.68925698196472,12.705730030838774,3.745001953702091,-1.9128554283460613,-6.008892171298476,-10.2646675,7.729484,0.033205636,0.032380924,0.020713804,0.22070815,0.4551868
0,layer10_83459,layer10_83459,3340487922015090944,85.50524530162733,12.584336988776764,3.640994793762831,-2.151969445597348,-5.852598697034498,36.776817,8.399549,0.0194847,0.019391505,0.013146456,-0.038501203,0.4491684
0,layer10_83459,layer10_83459,3340526404921864960,85.90032777351048,12.995609201891089,3.947702642448068,-1.8855369652220435,-6.659632162120999,,,0.08703561,0.10128746,0.075739734,-0.06260636,0.472635
0,layer10_83459,layer10_83459,3340803584931161600,83.92187251348159,12.329234593422909,3.670226429948393,-0.7420529280928261,-5.070280065347642,-0.734253,0.3581681,0.017502693,0.018697605,0.012778547,0.06340042,0.3919232
0,layer10_83459,layer10_83459,3341007303818798720,83.21460865448498,12.461726278326578,3.6353234843122304,-1.352111665966094,-5.635133546932381,24.89912,6.3150244,0.021154648,0.023090683,0.015545087,0.094997875,0.27429008
0,layer10_83459,layer10_83459,3341157765114683648,84.75440202195969,12.63250873316396,3.5145979627888644,-1.466527269701703,-5.531359039814592,21.192896,3.6520367,0.018594094,0.020967357,0.014486274,0.103751704,0.28035572
0,layer10_83459,layer10_83459,3341157936913368320,84.75628060397568,12.655264089037813,3.6727968238655344,-1.704781147088278,-5.732494836525756,,,0.06635848,0.07513413,0.049383793,0.14746022,0.20940639
0,layer10_83459,layer10_83459,3341269777861616768,84.97990567461083,12.932674516986618,3.839139614396944,-1.967065231008095,-5.729631234914416,,,0.14389446,0.14907765,0.104089774,-0.17879571,0.44795856
0,layer10_83459,layer10_83459,3341287129529663744,85.55164541440192,13.107729605667387,3.735036705961966,-1.6203903302490963,-5.374872004474816,36.396313,6.4438834,0.03719315,0.03911046,0.02477323,0.1651617,0.3369072
0,layer10_83459,layer10_83459,3341324130670469632,84.68418288405101,13.078056623270614,3.755135992547708,-2.010642472306395,-6.116756370526114,18.64749,7.543255,0.015844893,0.01818217,0.011678852,0.143985,0.29128107
0,layer10_83459,layer10_83459,3341327257406218368,84.67548158516453,13.184876191816276,3.568353135768238,-1.790402137535616,-5.890919481927763,24.553143,0.4380271,0.021887287,0.021016665,0.015359221,-0.1292409,0.48163006
0,layer10_83459,layer10_83459,3341358219828016384,85.17547043741561,13.430058886341705,4.2030939829003975,-2.556522432258126,-6.827044523047568,,,0.041706175,0.04504475,0.03037993,0.021663673,0.23983581
0,layer10_83459,layer10_83459,3341366981561251840,85.33356009583582,13.572986535278211,3.988583954851497,-2.087696143984424,-5.218616274518548,,,0.058412194,0.06071148,0.043615073,0.059284013,0.3895503
0,layer10_83459,layer10_83459,3341368867050726272,85.11874124719783,13.55279299493829,3.571091216446434,-1.757670419428393,-6.050279933412464,,,0.055802703,0.06059585,0.040393725,0.26489007,0.24116911
0,layer10_83459,layer10_83459,3341374398969118976,84.95881917076512,13.513922155872022,3.589736577630075,-1.729078543506554,-6.025118667261669,,,0.20327525,0.23168227,0.16159315,0.24596739,0.1952877
0,layer10_83459,layer10_83459,3341384436308122624,85.12002284887456,13.726001793094888,3.7561527163195376,-2.06518231605332,-6.093357368002658,24.126337,13.50444,0.03328699,0.037776183,0.023901587,0.21162698,0.32272884
0,layer10_83459,layer10_83459,3341384711186022784,85.18207676642653,13.742812262284156,3.721703418654609,-1.98134111375396,-6.223553931401321,-18.441545,6.9659877,0.03344671,0.031721037,0.02260128,0.15499565,0.49068233
0,layer10_83459,layer10_83459,3341428652995808256,84.14279747005202,13.134283358346384,3.85478068309039,-2.616528529531532,-5.7617196479532495,,,0.065065436,0.07823613,0.054364253,0.18699147,0.24461228
0,layer10_83459,layer10_83459,3341428657291180928,84.14287382462751,13.133895908772605,3.728118627569435,-2.3209947717541093,-6.174154386835898,,,0.06525366,0.07881021,0.054224994,0.20148116,0.22445102
0,layer10_83459,layer10_83459,3341456900995918208,83.87595740837045,13.410786280938456,4.174063673454015,-1.917961244786232,-6.420021685095849,4.091698,6.833337,0.023204729,0.028178202,0.018393071,-0.09410095,0.26131237
0,layer10_83459,layer10_83459,3341492635123714176,83.21067632204259,13.458539425841478,4.070267288504873,-1.2221364376663602,-6.167486967188408,,,0.29366368,0.29418188,0.20865135,-0.06282329,0.34261823
0,layer10_83459,layer10_83459,3341525891054936064,83.5787138885903,13.662872834882238,3.744609105420069,-2.261245856216747,-7.4890304342088925,,,0.26874515,0.33077043,0.21816511,0.28470606,0.11621606
0,layer10_83459,layer10_83459,3341544793205098880,84.40623541638901,13.55299983937711,4.219556919790393,-2.8639268330589123,-7.433327001362885,,,0.101582386,0.09823964,0.07034816,-0.08652768,0.48887116
0,layer10_83459,layer10_83459,3341575506517712384,84.88398770762531,13.796626390395254,3.789587020232088,-1.914115454652756,-6.134374732754512,,,0.06366893,0.074432895,0.048408408,0.14807083,0.21226405
0,layer10_83459,layer10_83459,3341577396302190208,85.01983007759775,13.879788238128937,3.5902017118461327,-1.7718475852586597,-5.99519939380166,,,0.03552501,0.040956955,0.026868833,0.11363114,0.24571852
0,layer10_83459,layer10_83459,3341617597196206848,84.19651876518911,13.94814851616612,4.142781528337176,-2.745168231010372,-6.946575037310884,,,0.10309719,0.09872622,0.07029724,-0.03184665,0.3541172
0,layer10_83459,layer10_83459,3341623099050609792,83.79805263014102,13.83711950276769,3.588561817563545,-1.7992575603108754,-5.295709575114025,,,0.33255383,0.34226674,0.22754508,0.040653657,0.39433596
0,layer10_83459,layer10_83459,3341637908097947392,84.37437939311754,14.00058822941377,3.511976644773904,-1.5865785645706625,-5.810474273001949,,,0.034578763,0.037447482,0.025819259,0.007995009,0.23088847
0,layer10_83459,layer10_83459,3341641133617145216,84.33973940060717,14.04228711283487,3.736204211615418,-1.6759944978632615,-6.183373028669029,,,0.09996381,0.10278836,0.06990351,0.08371711,0.19049293
0,layer10_83459,layer10_83459,3341644947548745600,84.55140866557983,14.060343730387787,4.240983690117096,-2.654887986361144,-7.139349484386323,15.512507,3.9463778,0.014086856,0.016520286,0.0107777715,0.11737093,0.15067562
0,layer10_83459,layer10_83459,3341657420133770112,84.30786196226276,14.212137789093266,3.725787247199386,-1.7138253564958197,-6.118029120233165,23.063984,2.8219676,0.020491255,0.020542294,0.0139743835,0.122212656,0.38725638
0,layer10_83459,layer10_83459,3341660963482209280,84.23046819049557,14.266481255166108,4.038011514121028,-2.225444556997508,-6.6870486423729165,,,0.10001506,0.10964517,0.07254917,0.09478783,0.33978933
0,layer10_83459,layer10_83459,3341662372231474816,84.40027983200424,14.211854505775282,3.781402061272008,-1.7878057930192712,-6.148908462776559,21.844479,0.93356335,0.02736309,0.0289961,0.01921918,0.2746783,0.32168844
0,layer10_83459,layer10_83459,3322670507885071872,88.5762968645261,7.114883308866135,3.913864532412836,-3.2429251198216766,-5.1518466345714895,,,0.057070922,0.054472744,0.044443265,0.11772132,0.27787006
0,layer10_83459,layer10_83459,3322839076762103552,87.94938577142338,6.941164089614353,4.116987166188171,-3.091721656176874,-4.949724262184194,,,0.05709722,0.065014794,0.055097982,0.07298434,0.16234922
0,layer10_83459,layer10_83459,3323021110358761856,88.93827038567262,7.960527365341034,4.150002932863842,-2.6114973496095324,-5.803311439652933,,,0.24376304,0.2392205,0.19040804,-0.02031673,0.3660396
0,layer10_83459,layer10_83459,3323438271941423104,89.64520155667417,8.472800832345925,4.061084391631157,-3.72468357757424,-5.813738652253472,,,0.1228468,0.1232982,0.09802187,0.15959471,0.30504143
0,layer10_83459,layer10_83459,3323449679377283584,89.04034647171858,8.280441020341511,3.690353617320225,-3.236526120866679,-5.247877400359653,,,0.20714979,0.20687719,0.17315851,0.087425224,0.2261978
0,layer10_83459,layer10_83459,3323515654372086272,89.28727547654825,8.96183374401788,3.942497366403488,-3.644233851421902,-5.994268250057628,,,0.0644745,0.061857607,0.048580486,0.038860753,0.4096012
0,layer10_83459,layer10_83459,3316600168615057024,90.86710560692632,3.9171014947181977,4.186943110619708,-3.345076634911484,-4.65301486424798,28.814262,4.4960594,0.014786238,0.015339742,0.013358796,0.021666579,0.14089228
0,layer10_83459,layer10_83459,3316600172907288064,90.8676169591419,3.9168769652385778,4.192201750716885,-3.5376514543752724,-4.578147768217345,12.10576,5.4999638,0.015652219,0.016125808,0.014094349,-0.01386383,0.11156182
0,layer10_83459,layer10_83459,3316600344705971712,90.87013193278209,3.945839521224882,4.2546754898673305,-3.346388864682108,-4.51083790585783,,,0.078939945,0.08032578,0.07194566,0.10855251,0.071786344
0,layer10_83459,layer10_83459,3316683254754329600,89.63110916050825,3.708970548187889,4.097942771513893,-3.513113265494705,-4.469794307643312,,,0.18354838,0.17729482,0.16347504,0.1405703,0.24347222
0,layer10_83459,layer10_83459,3316701671573957120,89.25066500164456,3.5772962095915526,4.22812095437667,-3.09841067833168,-4.228519286961475,44.53917,4.55316,0.020653527,0.02231452,0.0185298,0.042600937,0.25164375
0,layer10_83459,layer10_83459,3316701671573957248,89.24967882061173,3.577806588725394,4.144100920273771,-2.582345159551094,-4.396635525982079,,,0.04788516,0.049411453,0.041130167,0.028426863,0.33123448
0,layer10_83459,layer10_83459,3334376561509483392,84.0855289375371,7.519400414691971,4.005090444905332,-1.0046580804168843,-4.471328712287249,,,0.07033741,0.07461508,0.054594904,0.023136977,0.27886483
0,layer10_83459,layer10_83459,3334625738329467392,85.06612187570408,8.748229797776215,4.0710276582267735,-1.282979083376702,-4.981656563980857,,,0.053228974,0.06527928,0.043382388,0.037022717,0.25705823
0,layer10_83459,layer10_83459,3334689402630616832,83.9185277271711,8.354510803446717,4.00900097073471,-1.1015886123341263,-4.712031536911542,,,0.028273087,0.030166961,0.021242501,-0.047329918,0.39651728
0,layer10_83459,layer10_83459,3335125702587672576,88.23696007359696,8.612434914182012,3.958235302515314,-2.8257089483534474,-5.125634833767621,,,0.10746431,0.09913584,0.08071651,-0.1366714,0.49836898
0,layer10_83459,layer10_83459,3335185733347357440,87.60721776546035,8.720784996669975,4.1378114392580185,-2.806937683504141,-5.423523079567618,19.155924,5.3741975,0.024931008,0.028099947,0.020378893,0.1497731,0.19911206
0,layer10_83459,layer10_83459,3319994154847918592,89.16116537174463,5.218045266588589,4.096622620539868,-3.294489103462316,-4.61918091958223,21.531733,2.908583,0.014608204,0.016719038,0.013409581,0.004091984,0.10018499
0,layer10_83459,layer10_83459,3320192273098477568,88.71129366928297,5.302501536494906,4.1067140428057485,-3.314867122542434,-4.771156687394871,62.201405,8.2386,0.030055698,0.030493323,0.02564698,-0.31508452,0.5181508
0,layer10_83459,layer10_83459,3321105593600579200,88.06449213292758,6.4097460590784605,4.169284069178293,-3.3632069650704186,-5.21731235979156,,,0.122774415,0.12491074,0.10623641,-0.07923141,0.23276782
0,layer10_83459,layer10_83459,3321508766475691264,89.71930350516025,5.590014646863746,4.140598316958369,-2.874898579408953,-5.05758446565401,,,0.32646707,0.2948226,0.24194482,0.11185651,0.4240682
0,layer10_83459,layer10_83459,3321805948147322368,89.43968301282234,6.290019287871458,3.924260649977965,-3.6449774685653153,-4.953601634088025,,,0.06278132,0.06835317,0.05389649,0.115628526,0.15536907
0,layer10_83459,layer10_83459,3322261695718806400,90.93847934982004,6.895393191201202,3.9509295135571167,-4.101577772288341,-5.032300430592472,,,0.15238573,0.15685438,0.12610096,0.13281943,0.19318621
0,layer10_83459,layer10_83459,3316024200611173888,89.36823942924836,2.5178121120891546,4.297355007764094,-2.895947502274408,-4.359679486875036,,,0.121508986,0.13500343,0.12077014,0.25624025,-0.10032203
0,layer10_83459,layer10_83459,3347324234343513088,85.54405304191343,13.591826608981163,3.809258102798563,-2.2864654500041617,-5.984023879682503,17.819756,0.8241902,0.02924584,0.03710684,0.024851004,0.116821304,0.27040732
0,layer10_83459,layer10_83459,3347324234343542400,85.54573111744745,13.59154877475184,3.79929344139435,-1.8862699605117164,-6.165421222859964,20.3596,2.522595,0.027249942,0.029886557,0.01966356,0.110668145,0.35209614
0,layer10_83459,layer10_83459,3347331106290011136,85.887043508584,13.764899343962036,3.6200155929206064,-2.1447775678233576,-5.491136302815889,,,0.15851314,0.17076322,0.10966509,-0.06846718,0.4303906
0,layer10_83459,layer10_83459,3347343308292593664,86.09040812219472,13.751818781240686,3.5643015732376115,-2.159262248147873,-6.351056814798287,,,0.35451403,0.3859087,0.24597472,0.17956384,0.3191886
0,layer10_83459,layer10_83459,3347375052396648832,85.51677846817098,13.74912393092369,3.876959631154625,-2.4158894986837107,-6.933383246287673,,,0.17519738,0.17802198,0.11720666,-0.13473837,0.35534075
0,layer10_83459,layer10_83459,3347398112074485888,85.4458425476829,13.944269122968253,3.5782811659199814,-2.318695430949753,-5.741388859670149,,,0.32909226,0.3369715,0.21966751,-0.0730506,0.42109072
0,layer10_83459,layer10_83459,3347445318059920256,86.56084495709509,14.058869332483477,4.003891877840533,-3.160727429427829,-6.843964790170976,,,0.042485803,0.04765895,0.032750607,0.128901,0.3445542
0,layer10_83459,layer10_83459,3347500572817471232,86.6644342324518,14.494373999702052,3.930402462136576,-2.567553292698384,-6.803656387967402,20.17163,0.8957761,0.0370123,0.03951713,0.023744594,-0.012753566,0.5036319
0,layer10_83459,layer10_83459,3347607118069668480,84.93942512598458,14.266971904621382,3.884504772120696,-1.3388597838645075,-6.729271286593758,,,0.3757212,0.32689527,0.24218273,0.012952267,0.54424196
0,layer10_83459,layer10_83459,3347696388966821504,85.27982010888849,14.661070351539395,3.775194873002349,-3.074086573531151,-7.265898146365699,22.957335,1.8438382,0.015623137,0.018355401,0.012309464,0.2450696,0.28133637
0,layer10_83459,layer10_83459,3347812112565435264,85.20922497639988,15.03131582169321,4.082684982692777,-3.1577970401673774,-7.419139190279147,,,0.03751755,0.04183911,0.026297286,0.16501896,0.30284882
0,layer10_83459,layer10_83459,3346184796700406144,87.2927657572841,12.259672501385726,3.5752660914641727,-2.1187157245914414,-6.946506808914669,,,0.15684906,0.25067756,0.2043518,-0.176475,0.33508822
0,layer10_83459,layer10_83459,3346213731895890816,87.65756542977172,12.522874684569445,3.603068848076733,-1.8618365442315008,-7.03562052850811,20.456404,0.7765834,0.022899043,0.02538896,0.01887864,0.22086279,0.32307345
0,layer10_83459,layer10_83459,3346221492900779136,87.87000896486482,12.637326162290496,3.883113193521525,-2.49774516341541,-6.927372890657471,,,0.23313567,0.2831092,0.21131122,0.104585476,0.2068371
0,layer10_83459,layer10_83459,3346274784853279232,86.88576870159855,12.785342598977795,3.907642067870608,-2.798282385853481,-5.709736626406653,,,0.14832267,0.1572516,0.09573549,-0.20954987,0.4373589
0,layer10_83459,layer10_83459,3346461087652529152,86.4687759983059,12.776561359338675,4.139140409060103,-2.6079790660212265,-6.106787860613477,,,0.19687396,0.21866426,0.14449303,0.14118734,0.34889415
0,layer10_83459,layer10_83459,3346532177950964736,85.9892123451536,13.096025109423556,3.702568826121252,-2.6088808756757174,-6.35353257868576,,,0.060688872,0.0593759,0.04194154,0.19649866,0.43757758
0,layer10_83459,layer10_83459,3346532590267802752,86.08069173506568,13.13383095196042,4.075021073364916,-2.524022878566832,-6.894315312810805,,,0.053502318,0.061139293,0.03854057,0.21449813,0.30077857
0,layer10_83459,layer10_83459,3346554541845140352,86.15526285872893,13.348101717548005,3.58595011299524,-1.1338830815875938,-7.1298565783926415,,,0.34784272,0.38803267,0.24673817,0.07300635,0.2806114
0,layer10_83459,layer10_83459,3346602404959042688,87.08057314014584,13.40013762555253,3.5713836199872766,-2.87590688286503,-6.63637634785333,,,0.18910971,0.19560692,0.14296201,0.37636676,0.26841158
0,layer10_83459,layer10_83459,3346712149964603648,87.41046864447958,14.124539099969985,3.952219879629607,-3.192650694077716,-6.674018544241602,,,0.13640513,0.14451393,0.12486443,0.05212051,0.22826819
0,layer10_83459,layer10_83459,3342821910323705984,88.43476211143135,11.18812015729088,4.128469636323783,-3.842486374601441,-6.461825139775536,19.804506,4.7128196,0.020821411,0.026840491,0.016324198,0.0020821022,0.20780498
0,layer10_83459,layer10_83459,3342934816423503616,88.50462597813346,11.87796536961358,4.03425022403064,-4.111837986956683,-7.173320866546455,,,0.11737276,0.17034046,0.12787291,0.4399813,-0.21548793
0,layer10_83459,layer10_83459,3343207254789175680,87.57747327213289,12.332414242294623,3.98374825097852,-3.198735711121159,-6.209739330445768,21.734577,4.5348773,0.016666979,0.017205995,0.013144977,-0.14278722,0.3275684
0,layer10_83459,layer10_83459,3343228763986534400,88.79499364030754,12.261244948926878,3.942817819248426,-4.196370076684041,-8.05028967527662,,,0.0878934,0.097616166,0.06865339,-0.050232746,0.20137256
0,layer10_83459,layer10_83459,3389458761166182656,81.24534789287814,13.780647798487696,3.676326885032995,-0.732122225707622,-5.763729265413444,,,0.12594442,0.1451456,0.10076516,0.006044813,0.31959534
0,layer10_83459,layer10_83459,3389565340777802112,83.34983278849943,13.832301417650712,3.7634370695318,-2.641359319870945,-7.724986279460605,,,0.12978984,0.14028792,0.094339095,0.20931007,0.34006417
0,layer10_83459,layer10_83459,3389597883746236800,82.46244507699946,13.708377983941803,3.731002381107656,-1.1552426570389307,-5.920045006827888,12.625041,6.865713,0.023808135,0.025645748,0.017044,0.06744937,0.38496807
0,layer10_83459,layer10_83459,3389637255710511872,83.12280986539722,14.077016736594612,4.0120763592367625,-1.3004616215842393,-5.829976292402177,,,0.15505867,0.17885487,0.11862984,0.041957147,0.28609642
0,layer10_83459,layer10_83459,3389688623520060672,83.47406763464507,14.299268438934016,3.9725976404610224,-2.9489393254626,-6.464042907570407,,,0.26057252,0.27255902,0.17647505,-0.32051006,0.3155435
0,layer10_83459,layer10_83459,3389698484763404544,84.02731292160092,14.249796808797576,4.0565128178540055,-2.972480831262695,-7.553601366963504,19.36452,2.1372318,0.020679316,0.021688672,0.015220849,-0.017625717,0.32676175
0,layer10_83459,layer10_83459,3389707727535050240,84.1823798038472,14.414901897561142,3.709136028997068,-1.849675133219729,-6.412207529556045,,,0.047053695,0.054880187,0.036119852,0.03047546,0.26747003
0,layer10_83459,layer10_83459,3389708144147254912,84.1980918965122,14.43050393992795,3.6505402365051967,-2.1089774413147087,-6.62410985814617,,,0.12661675,0.1482198,0.09809431,0.1542034,0.17689633
0,layer10_83459,layer10_83459,3389801396476815872,83.68539779078178,15.00274072239795,3.752143016155036,-1.8253455201842368,-6.573754980603643,,,0.06139353,0.063873716,0.042090084,0.1989065,0.28893313
0,layer10_83459,layer10_83459,3389801770138042624,83.69190503439003,15.00015707274515,3.691687659665852,-2.0985211745683574,-6.585534243266779,,,0.069693275,0.07502208,0.047205724,0.2557853,0.24870344
0,layer10_83459,layer10_83459,3389811704398683008,82.24917596115357,14.127674053303684,3.6594375265399615,-1.1168817428388833,-6.293058429121354,,,0.08754775,0.08294515,0.055316746,-0.030426223,0.4525344
0,layer10_83459,layer10_83459,3390004599970024576,83.12001264740431,15.186094756236738,3.680372748906516,-1.2803313184549772,-5.936039820050041,,,0.100655995,0.105821595,0.072141394,0.13232172,0.35389632
0,layer10_83459,layer10_83459,3390015869964096768,82.56724822909054,14.888328446355128,3.8731992356224985,-1.3123884057599773,-6.2775625900618754,,,0.06336814,0.069225065,0.043320913,-0.108801916,0.31510064
0,layer10_83459,layer10_83459,3390083077612091648,83.01738504944386,15.621925191120472,3.935190499490559,-1.68124133433531,-6.4308239037442325,,,0.22593819,0.27174547,0.1715046,0.07661709,0.20634171
0,layer10_83459,layer10_83459,3394251115739542400,80.55874518636585,16.974616835826634,3.655608599679984,-1.5511003191685735,-7.661986265263249,,,0.19396262,0.20947087,0.13911034,-0.17895848,0.42971843
0,layer10_83459,layer10_83459,3394266684995672448,80.58584098849289,17.12748548703991,3.678700662379681,-1.5603159482501625,-7.769878968556444,,,0.050738234,0.059654213,0.040795222,0.13418251,0.34707314
0,layer10_83459,layer10_83459,3394279840478980608,80.8682955211783,17.218178066165365,3.6630321607210585,-1.50102727980609,-6.552440978404866,,,0.15348257,0.15203589,0.11634364,0.116380684,0.508408
0,layer10_83459,layer10_83459,3395720411167008128,84.30852314550663,14.67474239732333,3.748459302454093,-1.7420891927004738,-6.29292152767673,21.866396,1.8174616,0.022194004,0.025131343,0.017068535,0.019397806,0.22349459
0,layer10_83459,layer10_83459,3395744806581177984,84.47036995879157,15.001860430860276,3.777281585222593,-1.770937980375216,-6.272719762534471,50.995228,4.7649283,0.04151033,0.03867098,0.026500309,-0.07092252,0.48841852
0,layer10_83459,layer10_83459,3395782224336163840,84.62779088962513,15.312405281567074,3.942042907975431,-2.7793824143061205,-7.041747896931174,11.951096,8.734315,0.028879045,0.030736253,0.019714314,0.19815342,0.43490413
0,layer10_83459,layer10_83459,3400282177534421888,82.07699159670635,17.728825333830056,3.713574278429871,-1.4683783583417949,-7.01156725420799,,,0.026648732,0.033192843,0.022531144,0.14025636,0.19886515
0,layer10_83459,layer10_83459,3400441331842641920,82.14001389182947,18.222175337239594,3.664653576765267,-2.193513936653357,-7.843155544322358,,,0.085060954,0.09758783,0.06737464,-0.028381437,0.35907298
0,layer10_83459,layer10_83459,3400584856766251520,80.60412471231204,18.270592285133525,3.706545908273435,-1.3819371620529504,-7.226489062137473,,,0.18816592,0.20706841,0.13147959,-0.24367377,0.43722162
0,layer10_83463,,3335543345209372288,88.9791303931329,9.111992637013238,3.052363411128645,-3.566129873758996,-4.353656257475135,,,0.20971149,0.23656099,0.18522188,0.06525022,0.26811072
0,layer10_83463,,3335574238909476096,88.02106346203742,9.052464722199076,2.955321469159988,-2.624009776058625,-4.716601606858338,,,0.090376265,0.08918155,0.06529029,-0.21658936,0.43616962
0,layer10_83463,,3335717446003610624,88.88078883662479,9.677943748344909,3.198238300592464,-2.015473309733516,-3.997989654064511,,,0.190305,0.19689427,0.16719012,0.0040441286,0.2737145
0,layer10_83463,,3335762319819934720,88.01217462690107,9.111394581594771,2.897187126880704,-2.53959769091309,-4.653654353885971,24.145254,1.4998416,0.023580749,0.021102183,0.015146248,-0.22811572,0.54922247
0,layer10_83463,,3336292941557470592,86.42557858686071,9.735930228046708,3.097255373106725,-2.7537483896730124,-4.135036949044374,-3.7897716,6.1162663,0.019701079,0.020153128,0.014390528,0.039658416,0.41306317
0,layer10_83463,,3336643647110484864,87.64888779307252,10.09405070439595,2.97472825511044,-3.678476673555635,-5.348883256120824,,,0.23780356,0.27722436,0.18200137,0.1963043,0.09776509
0,layer10_83463,,3336644574823369600,87.48837780309792,10.028911724276895,3.006691611184325,-2.372707330200157,-5.424588882457726,,,0.23677158,0.268189,0.19005916,0.035063054,0.17849581
0,layer10_83463,,3336987141414060416,86.06707683984423,10.911129051310985,3.0875688420840097,-2.7787388790306804,-3.970257135462099,,,0.21162675,0.21552755,0.14250676,0.07878422,0.4154536
0,layer10_83463,,3339571444713180160,85.40082608923194,10.487207837162334,3.1058750087094653,-1.947425888139636,-5.660016250346182,30.569395,4.2205844,0.020543966,0.023565589,0.016184667,0.01742646,0.24863096
0,layer10_83463,,3340199021039271040,85.96410301906887,11.86886161007637,3.0872329604997018,-2.8797802174236167,-5.217491981969872,,,0.2075886,0.24713632,0.1671655,-0.1424298,0.2250651
0,layer10_83463,,3340304505434870272,85.27115248384361,11.857700953921,3.1175810966583746,-1.852939035332196,-5.667398731795453,,,0.27015436,0.30241266,0.19594075,0.11084982,0.20622179
0,layer10_83463,,3340414976290861184,85.97236335903477,12.304820985481664,3.102103538144358,-1.9477749055577704,-5.278076995589752,25.01944,3.349415,0.025075115,0.024562787,0.016354397,0.11843148,0.45709655
0,layer10_83463,,3122802276324166528,92.92708643809196,0.8449663383538532,2.85127725912252,-3.5529215377266667,-3.017879921826895,,,0.2688463,0.26703307,0.22628024,0.23076412,0.1666043
0,layer10_83463,layer12_88322,3122846462947178112,93.2292286928898,0.8582865451251402,2.9764663156466176,-3.874033683610264,-3.1007172695929226,,,0.09215159,0.10310828,0.0869691,0.17268418,0.06088469
0,layer10_83463,,3122846604685010688,93.24807198394396,0.8793021394813763,3.3912714226067067,-4.2027636200691045,-3.410195838441599,46.062965,10.098012,0.030940002,0.03335504,0.028146287,0.19568767,0.08213114
0,layer10_83463,,3122869041594199680,94.060064788815,1.1299673297672976,3.3207238937364503,-4.289934489935232,-3.186749503138275,25.189047,0.92315006,0.015316042,0.015320062,0.013547336,0.20832095,0.1383138
0,layer10_83463,,3122874122538723072,93.90892542251947,1.2147890375647243,2.833386018913556,-4.321563029921843,-2.871239009643325,,,0.058309585,0.061887056,0.05064911,0.010506296,-0.079882205
0,layer10_83463,layer12_88322,3122882884271109120,93.5537019554624,1.2121259373563091,3.028237889623598,-4.155630874341846,-2.861704531686198,,,0.097346075,0.10212723,0.096084915,0.15814547,0.14882278
0,layer10_83463,layer12_88322,3122901885205504000,93.22751746742092,1.1352348071830007,3.03349942395883,-4.158139268053758,-3.1772310835665576,29.597437,1.6705335,0.016607402,0.01756914,0.0145125,-0.015027073,0.17328778
0,layer10_83463,,3122905291117449600,93.30534615389236,1.1614311992437785,2.858191694555541,-4.235205299550025,-2.827706107003713,,,0.086624265,0.08036448,0.077339195,0.1504716,0.31192157
0,layer10_83463,layer12_88322,3122911682028698240,93.3663430388108,1.296401836883008,2.985391409703888,-4.062868674488663,-3.144741962724752,,,0.1072616,0.10226976,0.092859544,0.12870882,0.17333378
0,layer10_83463,,3122919035012939008,92.9472002066062,1.2330414441127748,2.8123049550215566,-3.35123134560345,-2.437503903089408,119.4257,13.704653,0.03352034,0.036187273,0.03052451,0.1449074,0.3261912
0,layer10_83463,layer12_88322,3122933667964854016,93.62833520938754,1.3693150133358785,3.0256049738942763,-3.981237399105592,-3.357892796008984,,,0.13282925,0.120620884,0.1019696,0.24365562,0.012636556
0,layer10_83463,,3122999707379812352,92.11476676631467,1.1555107728458442,2.93570473388257,-3.739671958162495,-2.946170750632106,28.68661,5.1130514,0.023691539,0.020908754,0.019453818,0.12329069,0.30092293
0,layer10_83463,,3123077295966908160,92.08509462493238,1.37617898356373,3.855030495825602,-4.38902916651914,-3.4385412658320207,22.459517,3.2021375,0.034380857,0.03328696,0.028917521,0.30588913,0.2384422
0,layer10_83463,,3123080525779251968,92.25402249164443,1.4168291700825657,3.5228483606067926,-3.712204936335998,-2.981650474860722,,,0.21036781,0.20549594,0.17814265,0.17637198,0.1603347
0,layer10_83463,,3123084133554777088,92.2018554722556,1.485931058037655,3.4340336848607307,-3.5819333651482035,-3.311764896047956,,,0.06939097,0.07836486,0.06285017,0.23660684,0.0706264
0,layer10_83463,,3123085439221759360,92.22507177897076,1.533222704983583,3.552202100673127,-3.752619561397772,-2.6513669437792875,-8.874166,11.597099,0.096262135,0.12808953,0.10172629,0.4955396,-0.24302948
0,layer10_83463,,3123102172417411072,92.06001592647846,1.6523282444087937,3.8004229379545023,-3.7300377157775615,-3.449742636773358,,,0.0910246,0.09822024,0.07861239,0.07407254,0.1667499
0,layer10_83463,,3123116053753434880,92.99237393964609,1.4261456201202751,3.281662308932293,-4.133986330622168,-3.4599542732342967,,,0.060942225,0.05653645,0.045957085,0.34106657,0.12732889
0,layer10_83463,layer12_88322,3123134917249310976,92.9742553195543,1.6367979077372057,3.037403413653288,-3.7715340851155714,-3.2590518159597783,,,0.09495219,0.086486034,0.07552959,0.027345633,0.17480873
0,layer10_83463,,3123135157767487616,92.9476929340924,1.6463368687348536,3.2662927893060645,-3.881621531583528,-3.181243190667116,35.37538,11.194764,0.030251492,0.03250661,0.028025312,-0.023720764,0.13142958
0,layer10_83463,layer12_88322,3123162542478791168,93.06295325687718,1.829884062747441,3.0999949595483605,-3.7190720883838697,-2.95878340426741,,,0.074247204,0.06606987,0.05871511,0.09338979,0.24771635
0,layer10_83463,,3123168452353733504,93.15315028768576,1.8596199811325385,3.042297643272436,-4.166528213154407,-2.290709727876039,,,0.15784992,0.16851576,0.14194763,0.0019837064,0.010747324
0,layer10_83463,,3123211810047568896,92.8563550024222,1.862702282030109,3.821086170318949,-4.113778991853873,-3.688462935855301,-9.431692,5.998095,0.06479851,0.066757746,0.057054207,0.1937212,0.20113474
0,layer10_83463,,3123212398459296384,92.7948724172484,1.8521399520838973,3.4596921509272627,-3.9182634501450777,-3.358864365649695,,,0.020396775,0.017228859,0.01508121,0.19771673,0.23128754
0,layer10_83463,,3123236690795233536,92.61489999651732,2.1672790360410565,3.44629519306958,-3.971612069223932,-3.7182665612726113,,,0.08038742,0.0804109,0.07205905,0.054596037,0.10757389
0,layer10_83463,,3123241226279109376,92.83379510651716,2.243753087618324,3.8085642331203977,-3.926991894862073,-3.9427244132923263,14.887751,5.9658813,0.017572304,0.01734832,0.014090093,0.20579779,0.06132517
0,layer10_83463,,3123247411031983744,95.66723837145928,0.0949969120927881,2.8370500607572984,-4.5888070331714905,-2.4902933375220804,-0.6943912,2.7112975,0.023897408,0.029300919,0.027179157,0.10563555,0.107455395
0,layer10_83463,,3123301866920329472,95.93132856985012,0.5770356495992196,3.6798645909197214,-5.31774483522747,-3.716355112156026,,,0.08445803,0.09188256,0.09363643,0.07295513,0.02671476
0,layer10_83463,,3123303932801451904,95.70592731717043,0.5681137299518784,3.0856368938506,-4.390980027875838,-2.85331900996877,,,0.2988157,0.31148317,0.28145853,0.14327769,0.12983033
0,layer10_83463,layer12_88322,3123325128463968768,95.30001252610676,0.5566171312102409,3.171035881815324,-4.830174386172341,-3.2149901167046497,,,0.050489232,0.058957297,0.052725267,0.10137806,-0.0054378035
0,layer10_83463,,3123340285404435584,94.95369673762104,0.6073868460766797,3.473664353329573,-4.569711135447799,-3.44042789704095,,,0.055816405,0.050253257,0.04980111,0.20050095,0.25954732
0,layer10_83463,,3123348767963443456,95.17114301100688,0.7402979130052244,3.0924220696837,-4.68669922716791,-2.878176134329583,,,0.02003722,0.021154063,0.01993637,0.30936408,0.233422
0,layer10_83463,,3123407488755795584,96.26835952469985,0.8778538815582726,3.28050641974357,-4.782796070215794,-3.4408466231586043,,,0.05680058,0.06745361,0.062174343,-0.10694696,0.076530516
0,layer10_83463,,3123422027222352512,96.31620431532504,1.1584743897580312,3.451709492630188,-5.104970241974739,-3.5319488564567263,,,0.050772525,0.052772272,0.04657537,0.16184174,0.21194296
0,layer10_83463,,3123438485537207680,96.8787454703278,1.2614682346287875,3.3818637927873265,-5.241385384724106,-3.5134722679084565,25.361584,5.3707585,0.01345283,0.01463481,0.012791885,0.09229468,0.0867438
0,layer10_83463,layer12_88322,3123486932767782912,96.07611581607289,1.341597427498983,3.1885795700901665,-4.683308170712134,-3.2852528673853505,,,0.06592406,0.074827686,0.06370878,0.06618848,0.07561803
0,layer10_83463,layer12_88322,3123517989673442560,96.10054036088609,1.5507804450495042,3.112648367277422,-4.863010389341629,-3.3651774232029648,25.689817,3.4926584,0.013200298,0.01338321,0.011619025,0.21294956,0.077395506
0,layer10_83463,,3123536269054432384,94.93580745356375,0.8612070954435894,3.03877760907939,-4.608835028491134,-2.9259917662125665,,,0.092615955,0.09693147,0.08620322,-0.0036543275,-0.015157193
0,layer10_83463,,3123544240513582976,95.140173989671,0.9885324570133968,3.3237624080193946,-4.506913446228822,-3.204247701803122,26.823053,4.4604735,0.015418238,0.017264346,0.016620848,0.18864998,-0.106269225
0,layer10_83463,layer12_88322,3123559805475550208,94.7926907886294,1.0285898913514375,3.148305032439348,-4.441344067630267,-3.0735553442576133,,,0.09442838,0.098702446,0.09071768,0.12631537,0.23750539
0,layer10_83463,,3123579326104324480,95.46713908692426,1.2778388669367162,3.030475897015382,-4.152182057760987,-3.185906870716126,24.150206,7.526307,0.059066806,0.059084382,0.050707582,0.05487013,0.07159771
0,layer10_83463,,3123587400640913664,95.11232330204076,1.231419860761624,3.022635232093783,-4.435241964383195,-3.1162694124803894,,,0.20681232,0.22438045,0.19704989,0.14658289,-0.030622652
0,layer10_83463,,3123613750266440192,94.78012522219946,1.235904987631535,3.82871859320832,-5.081785723302644,-3.714779739970399,,,0.2982848,0.2269069,0.2109692,0.38011697,0.29419747
0,layer10_83463,,3123622237119535488,94.31066536329652,1.239737545688398,3.4868312706575595,-5.315868555418817,-3.3657715960130066,,,0.16899529,0.21515507,0.1809034,0.16134627,0.21644934
0,layer10_83463,,3123622481935628032,94.39426123627123,1.2224359465537318,3.32044462894444,-4.609609490164972,-3.4539975915447307,,,0.07718123,0.07788623,0.06476735,-0.040920276,0.33050886
0,layer10_83463,,3123650072805228800,95.06510223539613,1.5596801247973993,3.329633421151636,-4.605888869404785,-3.1647040813711933,,,0.16698304,0.16554925,0.1496614,0.19157036,0.1170897
0,layer10_83463,layer12_88322,3123659276920692480,94.73518204492956,1.5794169810717602,3.138430896070168,-4.368925205942869,-3.300379930753483,,,0.151995,0.17551124,0.16167107,0.16573448,0.13244653
0,layer10_83463,,3123679824040759936,95.86393760464505,1.451633414001235,3.05741439556062,-4.786625062692225,-3.1654784613081657,20.615997,3.6725357,0.014669186,0.015537325,0.016648741,0.12343607,0.2537534
0,layer10_83463,,3123741950746930048,95.379600922884,1.6267533633378428,3.05345058764893,-4.5191466203078186,-3.3417880064914645,43.212543,10.292162,0.09734254,0.094176464,0.08661504,0.22824125,0.16193202
0,layer10_83463,,3123745932180632576,95.27911779080878,1.6885242681552235,3.748609638584576,-4.920007600003394,-4.031954043371157,,,0.12688613,0.13272445,0.10873109,0.12530926,0.14886954
0,layer10_83463,layer12_88322,3123753529978385408,95.29882984365894,1.7911587705653234,3.1729797843218472,-4.576543201875268,-3.211971891477466,22.143377,2.3049119,0.019423781,0.01863197,0.015756868,-0.012581172,0.25202745
0,layer10_83463,layer12_88322,3123770155794763520,95.19779162308036,1.9235198038998096,3.126279012805279,-4.691335115182205,-3.743138718124072,,,0.26252326,0.24360193,0.22923623,0.06598906,0.25184628
0,layer10_83463,layer12_88322,3123774523778774912,95.61910088209667,1.8387955707954928,3.110478998118248,-4.563115818998856,-3.4299025422834046,,,0.14888659,0.13550456,0.14746831,0.17329474,0.2702486
0,layer10_83463,,3123856918431880960,97.57835092113214,1.7917966330213675,4.52453867228156,-6.2156766686908105,-4.8824007368261535,,,0.15072787,0.14927618,0.1259833,0.25273877,-0.0032442217
0,layer10_83463,,3124127256555186304,96.64281968775698,2.1676030106778,3.3578193741961884,-5.310220427238936,-3.618390571139064,,,0.17610529,0.18323861,0.15393375,0.18394136,0.18439138
0,layer10_83463,,3124164266291206528,96.08448483544366,2.2535309462860367,3.063072478346066,-5.280177658315084,-3.770607655671407,13.386918,3.1681404,0.04717037,0.04536179,0.04052977,0.113599636,0.12672178
0,layer10_83463,layer12_88322,3124374032494743552,94.24238737483896,1.294673255506677,3.0017589078683216,-4.304169069764368,-2.974459484248998,23.284315,3.715026,0.01743702,0.016518291,0.015793294,0.13891362,0.24584518
0,layer10_83463,layer12_88322,3124381282399511040,94.41061222231524,1.391355103155091,3.0804066718174483,-4.321710109432935,-3.114171406566963,,,0.048808496,0.043455396,0.038717613,0.12860997,0.29299894
0,layer10_83463,layer12_88322,3124381656062074112,94.42905145775222,1.3955124853711631,3.092221200065776,-4.558627795113612,-3.1983917468200307,27.595007,2.897779,0.0151855685,0.014506521,0.01416714,0.06652972,0.28614125
0,layer10_83463,,3124397049219737856,94.07750059045604,1.5490488194964835,3.298954652156526,-4.177870312632219,-2.9899974768238766,,,0.21923335,0.26995105,0.23945336,-0.061020993,0.21769021
0,layer10_83463,,3124401997027362560,94.24799405733462,1.6269690509103014,3.2304001728791403,-4.414461106311956,-3.3549523402324017,24.57799,3.5212789,0.013338919,0.013632098,0.011854328,-0.13809265,0.14706992
0,layer10_83463,layer12_88322,3124406532508700672,94.1869785127404,1.718696629682587,3.0781543828203226,-4.397390571098138,-2.9982296293056034,,,0.06685392,0.07477204,0.07079499,0.041076835,0.22309758
0,layer10_83463,,3124408319217129856,94.58507700407594,1.5614919954283444,3.271535395538515,-4.023690200770812,-3.105339789979683,,,0.11891374,0.108278275,0.09393108,0.36823997,0.053134196
0,layer10_83463,,3124414194730854528,94.61171533339837,1.678003984686831,3.7820834505903296,-4.638120576561103,-3.4967314100626106,,,0.14071113,0.1372735,0.10579392,-0.059159096,-0.0032006695
0,layer10_83463,layer12_88322,3124426465455127552,94.3225550811762,1.719517955196539,3.151723655001753,-4.2017866212859385,-3.0491903295011715,62.03374,8.560511,0.033005882,0.03318626,0.028981727,0.055291284,0.112026155
0,layer10_83463,,3124429794052261504,94.2859192910304,1.7685138203429205,3.7307237763013448,-5.097251863923714,-3.074627255713931,,,0.28515133,0.2603251,0.22513612,0.036881894,0.06990383
0,layer10_83463,,3124433715359826176,94.40014693025114,1.9202414005616275,3.2894981769641327,-4.217020619230964,-3.5210018678348343,16.362751,5.920065,0.053261112,0.060958583,0.051398948,0.21281338,-0.05626058
0,layer10_83463,layer12_88322,3124455361995117184,94.13111309848766,1.8184947245229768,3.007499481107467,-4.305329725150634,-3.0771895012007264,,,0.086730964,0.07652347,0.07946968,0.10043918,0.39946783
0,layer10_83463,layer12_88322,3124465395038447360,93.6763826901268,1.8006583836922918,3.1827248138262934,-3.937730942819977,-3.3106161741671305,27.879967,9.583111,0.0292398,0.03220916,0.026941055,0.036192264,0.101365834
0,layer10_83463,layer12_88322,3124466490250817280,93.63104386827742,1.840543449017343,3.1069843839701257,-3.330460354635661,-3.574896642751922,,,0.24241786,0.29227778,0.2279094,0.28514785,0.13182981
0,layer10_83463,,3124478589178189696,94.28551163213665,1.8665726894272,3.7210751262283934,-4.949450921390399,-5.069091166781623,,,0.04627998,0.045190513,0.03973324,0.18947786,0.13017482
0,layer10_83463,,3124479207653517440,94.16734819174224,1.871340864212809,3.746809066637884,-4.722896354273347,-3.997792446051877,21.315216,1.1865369,0.019115772,0.018152235,0.015544458,0.2470323,0.26042697
0,layer10_83463,,3124491989476047488,94.36284143683626,2.104301918555497,3.758432138925504,-4.198515416989202,-3.739999788392349,,,0.13732989,0.14733316,0.12616694,0.23933923,0.024232248
0,layer10_83463,layer12_88322,3124492779750036608,94.32739428034584,2.1178617315075665,3.1008999052810355,-4.579738788628019,-3.321723714868525,,,0.07871089,0.08262691,0.0680521,0.21370745,0.0006258632
0,layer10_83463,,3124524081472003712,95.1826204150171,2.0493803003597035,3.352764535766594,-4.503800307204924,-3.439105075507394,,,0.11070887,0.07458297,0.06497485,0.36092705,0.2372673
0,layer10_83463,layer12_88322,3124539435978220544,94.91670616266198,2.1108125617950253,3.0083117445083114,-4.261431895100615,-3.4093393782067274,,,0.15543215,0.17556988,0.15397026,-0.032364644,0.26465705
0,layer10_83463,,3124588192447142400,94.49467898986067,2.2257334458944698,3.19333657391692,-4.501253597867223,-3.6623070445735673,,,0.08028225,0.08788319,0.07444553,0.20624655,0.09187817
0,layer10_83463,,3124628225838463616,95.11304268192116,2.61100758448194,3.221228780231144,-5.027891285128975,-3.909312132501008,,,0.059795946,0.061164785,0.056095015,0.17895271,0.043121718
0,layer10_83463,layer12_88322,3124657736554541952,93.63320281270296,1.9723495855477189,3.0870344645304164,-3.76983339966933,-3.675353707615901,,,0.061124697,0.07271734,0.059625823,0.08880196,0.2038425
0,layer10_83463,,3124659252683598976,93.38809697249052,1.9236913817016776,2.9905255130836874,-5.156335047013733,-4.094276938770202,,,0.27151087,0.33698648,0.25756,0.14577593,-0.032163456
0,layer10_83463,layer12_88322,3124682067549379072,93.50471053715832,2.1982273111105446,3.0283187243417857,-4.158902249311595,-3.1109538196370936,,,0.06236767,0.071813084,0.05863064,-0.03863708,0.17297086
0,layer10_83463,layer12_88322,3124705191653497344,94.0605081301674,2.4635641711061544,3.027474032570376,-4.081400643613966,-3.261275440807234,14.995474,6.631521,0.028125253,0.027108593,0.022494769,0.1183375,0.019055769
0,layer10_83463,layer12_88322,3124727044446950528,93.31177417503962,2.243233279290106,3.0126006003457,-3.934651908950216,-3.17863673503077,,,0.09212694,0.13355814,0.118639,0.0024607822,0.09070315
0,layer10_83463,,3124728002220368128,93.23836104055978,2.2583631212784985,3.266867778606654,-4.108207046686447,-3.989800828728591,,,0.24212082,0.28741476,0.25651312,0.15696804,0.10262599
0,layer10_83463,,3124738073919252096,93.31452847528509,2.393365947560362,2.889674947869713,-3.740952646398581,-3.317598243201355,,,0.16510633,0.19162957,0.15805213,0.043036427,0.20265763
0,layer10_83463,,3124746114097078144,92.91580035975475,2.3376064888991586,3.0699208850045148,-2.8949942739145307,-3.5489406981169607,,,0.119617656,0.124960385,0.10887272,0.14626776,0.1866189
0,layer10_83463,,3124746423339001856,92.86965885682932,2.3577433812175874,3.607731380665689,-4.094336400519674,-3.81252511891165,,,0.05289808,0.057258375,0.04736812,0.08047139,0.03812079
0,layer10_83463,,3124746423339003136,92.86830220946074,2.3561041217939787,3.909515459640883,-4.192082826376804,-2.8766485267259534,10.466727,5.317542,0.101453386,0.10735671,0.09503696,0.10304235,0.062311787
0,layer10_83463,layer12_88322,3124749786297923456,92.9399128198137,2.47119149825713,3.099565455105384,-3.499750802319729,-2.9119592713776496,21.839563,2.58797,0.024047364,0.02816595,0.026511984,0.12316393,0.060074277
0,layer10_83463,layer12_88322,3124749790593287168,92.9404756350297,2.471067847720351,3.1120495405900046,-4.045501665974979,-3.5220208231951204,27.40432,3.6313694,0.03360864,0.038366076,0.033838242,0.16888513,0.011787563
0,layer10_83463,,3124751160684720640,93.22256614753736,2.451413556680455,3.491089645323643,-4.49750891320721,-4.174229420909044,,,0.22360672,0.2844933,0.22934075,0.19340084,0.05718486
0,layer10_83463,,3124756452083576960,93.01816626730454,2.554230158244008,3.516613125778861,-4.148446045990959,-3.5332499029802733,,,0.090960495,0.12019052,0.10324461,0.1424723,0.012208357
0,layer10_83463,,3124757212296684032,93.19193626499543,2.5661766880887007,3.650476242499362,-4.6244321063070775,-4.148978398022981,,,0.11567008,0.119506106,0.10223596,0.16739313,0.20829359
0,layer10_83463,,3124778339237119232,93.275020091224,2.618953898173699,2.8520712973876314,-4.00260947170225,-3.1742848014298346,-24.351809,9.533314,0.01611523,0.016792443,0.014176851,0.04764536,0.27222177
0,layer10_83463,layer12_88322,3124784077314721408,93.36493413978724,2.741597940237797,3.053494679853864,-4.185494993074781,-3.385326480107812,,,0.13421485,0.1117854,0.10135171,0.14558142,0.23520896
0,layer10_83463,,3124785108105568384,93.34131139654556,2.7702755491594004,3.057868826367649,-3.747620839156921,-2.350230047280073,27.732428,2.7711112,0.026713235,0.021750988,0.01912251,0.10768854,0.31248307
0,layer10_83463,layer12_88322,3124785112404185600,93.34142083209474,2.7714061493194064,2.997001766025008,-4.727989943185119,-3.5650913924509986,40.051468,15.442217,0.041457668,0.031928547,0.028316995,0.09375664,0.3002439
0,layer10_83463,layer12_88322,3124794630052118272,94.25241726212874,2.4280135331285897,3.0947937678446427,-4.373584790597322,-3.4164458911902416,,,0.052327923,0.055312693,0.04777097,0.19737794,0.06611815
0,layer10_83463,,3124798302244829056,94.30826990796828,2.55429374635809,3.10522262356394,-4.221741610017593,-2.406325925403083,55.56363,8.343579,0.022458348,0.027475134,0.020980591,0.09020659,-0.0011491429
0,layer10_83463,layer12_88322,3124806552881223296,94.44563189933952,2.659281021390644,3.134139972942923,-4.5887070357877855,-3.389913246907769,,,0.08517341,0.10081585,0.075066805,-0.14888106,0.23899905
0,layer10_83463,layer12_88322,3124806793399371776,94.46690199403778,2.6976975988233054,3.126805489788264,-4.661670739367901,-3.639177912432655,,,0.1158514,0.13674621,0.10493142,-0.2055281,0.29476228
0,layer10_83463,layer12_88322,3124820292477171200,94.04341778444,2.7775231639086155,3.124579535713609,-4.448919819287089,-3.572775000948283,,,0.033084985,0.037534013,0.033553537,0.10150111,0.14008947
0,layer10_83463,,3124823968970219392,94.32584145161326,2.842148457496793,3.2698403721310685,-4.161105657971435,-3.5846141278014083,,,0.246003,0.25784138,0.2159985,0.06341571,0.3384693
0,layer10_83463,,3124827374882165632,94.11543556208017,2.886602228092537,3.1974925534252945,-4.128125407620413,-3.725733422019498,-59.418125,8.66468,0.021840261,0.027616587,0.022205899,-0.053921,0.04791149
0,layer10_83463,,3124847990725596928,94.44792496853904,2.905811063000108,3.3249362228553294,-4.779622862125489,-4.016239384910875,,,0.057780154,0.0496383,0.047083702,0.19171624,0.49351564
0,layer10_83463,layer12_88322,3124872145621320320,93.94649528167984,2.913822609862168,3.141536667064472,-4.510195527277668,-3.600086430002821,21.481068,1.7301859,0.01966793,0.024125045,0.021722132,0.012455571,0.085269615
0,layer10_83463,,3124875817815053440,94.12548240571824,2.9210340532948056,3.5504774641998726,-4.340740641249072,-4.800400132691034,,,0.10396582,0.13083996,0.11461218,0.10818804,0.0421367
0,layer10_83463,,3124878880129982976,93.99743028300573,2.984749175430693,2.8834305253915744,-4.323460879954887,-3.4641001008167613,,,0.087416954,0.116605684,0.09734594,-0.021353796,0.14646932
0,layer10_83463,,3124881109216369536,94.04610546095545,3.0589839004302086,3.845188875325389,-4.786807405813386,-4.107623394990615,,,0.135553,0.1550631,0.12241188,-0.061525717,0.2057442
0,layer10_83463,,3124881246655803776,94.07087208221654,3.0775994335586403,3.808516234867213,-4.565551583996616,-3.668169940881327,,,0.22812234,0.27591074,0.20961756,-0.030376285,0.19121815
0,layer10_83463,,3124881899490374656,94.053944969097,3.0839189163017666,3.2768434740171988,-4.071821291269933,-3.385580206238998,,,0.22250107,0.24385256,0.18989304,-0.052826773,0.26581028
0,layer10_83463,,3124891455794245888,93.89559501106838,3.0344478561988675,3.8888264705673934,-5.204135847940382,-4.51442464410787,,,0.053348918,0.06381925,0.05409178,0.11772167,0.12872799
0,layer10_83463,,3124902725788251392,94.31098719391576,3.121996574898488,3.2692310571892,-4.249413364936156,-3.610403581790797,28.630484,4.0377407,0.014273577,0.014322887,0.012700007,-0.041873377,0.19954208
0,layer10_83463,layer12_88322,3124902760147979520,94.3502435157677,3.115285129724995,3.0923660627375584,-4.247993815112993,-3.527410496685027,24.506943,3.6071143,0.013970339,0.013227618,0.011594414,-0.02046409,0.2064368
0,layer10_83463,,3124902790210651136,94.36291778633696,3.119953906478166,3.377052107511417,-4.525507836896535,-3.49361861245638,,,0.16282396,0.152132,0.14081179,-0.012551179,0.27342615
0,layer10_83463,,3124996729737429120,95.80037303388464,3.117658450437736,3.197340899754347,-4.568121610441657,-4.258511336490134,,,0.18448037,0.17391618,0.17011023,0.1864016,0.09146815
0,layer10_83463,layer12_88324,3099585469830107392,102.51491540621824,-6.380853039459431,3.795721771989349,-7.195213431291874,-2.844879239236552,,,0.09453663,0.10256652,0.09043433,0.007858144,0.026427457
0,layer10_83463,layer12_88324,3099587531414571904,102.56332835681329,-6.298220991525724,3.733008003426729,-7.238905035966693,-2.1416161251857586,,,0.13959184,0.16824147,0.14661151,0.13389,0.10608356
0,layer10_83463,layer12_88324,3099592792752299136,102.46305663298708,-6.194762883503998,3.3805177945220435,-7.407008778145285,-2.027943080957095,,,0.21539901,0.24695925,0.23796846,0.09629286,-0.14247128
0,layer10_83463,layer12_88324,3099593136350193024,102.48980493924488,-6.190624807237112,3.718588158746343,-7.705053707993323,-2.2542737789977894,,,0.054660715,0.05894859,0.052339148,0.02119568,-0.041068453
0,layer10_83463,,3099595129214927488,102.58758464563574,-6.192812647456624,4.157620565548602,-8.000940916709562,-2.968412604022196,32.086853,4.9847345,0.038653575,0.042078268,0.03909675,0.11523543,0.11308601
0,layer10_83463,layer12_88324,3099596881561291392,102.78101372653217,-6.107710094694703,3.413538137590001,-7.014069860137008,-2.107023541664186,18.592295,7.0172415,0.021070322,0.024517443,0.022767847,0.090654105,0.06434627
0,layer10_83463,,3099619936945398656,100.0276808454494,-7.9546132352856445,4.668240238872024,-7.512306600041463,-2.350810168250011,,,0.07488697,0.08227751,0.07577173,0.061654557,0.05020457
0,layer10_83463,,3099648489887734784,100.3661904180394,-7.808911379773596,3.2069139640484927,-5.687939157882194,-0.4924934176661359,-4.367416,1.993123,0.013816709,0.012957256,0.014115183,0.23742875,0.14077193
0,layer10_83463,,3099666013354317568,100.16252354934412,-7.663284929272739,2.750305845173571,-5.517670287823727,-0.7807441640748558,,,0.05467684,0.059801012,0.05879255,0.10997927,0.046355497
0,layer10_83463,,3099672266826587264,100.20080905056332,-7.552016162103478,3.2520676386959946,-5.478983139857063,-1.0977917456373487,,,0.0846737,0.08405841,0.088896446,0.107995085,-0.00537136
0,layer10_83463,,3099674740728873088,99.46219637888996,-7.979653508843824,4.725985589505787,-7.680686014233584,-2.518745332358279,,,0.099298015,0.103557594,0.1116221,-0.05666328,0.09936866
0,layer10_83463,,3099698861263435904,99.33373109701616,-7.6719287844697694,4.176992469321922,-6.921552319343326,-2.5757262182650864,14.960863,14.446555,0.023260023,0.02220073,0.022973966,0.21986403,0.18708906
0,layer10_83463,,3099725077743853696,100.033834580352,-7.385389530321065,2.793777727320832,-5.566381497333493,-1.0637528705645398,,,0.1702843,0.15903778,0.15492132,-0.035873473,-0.14276691
0,layer10_83463,,3099803795905395456,100.70553411738383,-7.111335772977712,3.4333676513344447,-5.96929294701075,-1.862420259894196,,,0.059134472,0.06095018,0.058683258,0.084782444,-0.024077589
0,layer10_83463,,3099815272058507648,100.18444311326952,-7.389308290161689,4.748056288144683,-8.331226423142434,-3.0666950201408256,,,0.084265485,0.08283686,0.09024485,0.028886097,0.27478603
0,layer10_83463,,3099857259657741696,100.52163048521032,-6.9266311186466325,4.8197973561349,-8.648531176687356,-3.3437493642296583,,,0.05355732,0.05397944,0.04686312,0.14166634,0.04239496
0,layer10_83463,,3099882303608582400,100.60442772720135,-6.666517778496176,3.4191966123378257,-7.200881033589308,-1.466110451086921,,,0.33083197,0.35414496,0.32717258,0.21842936,-0.14442776
0,layer10_83463,,3099950065312049536,99.4416029041894,-7.063296268913376,3.4106968074466386,-6.267843278781301,-1.5935397776064124,20.828016,2.1499279,0.016272945,0.0153810475,0.01367644,0.26017392,-0.087942295
0,layer10_83463,,3099957379636336256,98.8881459468516,-7.3366244694558995,2.8983567122953264,-5.261951406447075,-1.1241523880649744,,,0.08279803,0.0771938,0.07437389,0.06090447,0.14667511
0,layer10_83463,,3099960918690519808,98.79701403477328,-7.315911104054503,3.1888567890689217,-6.127439125020349,-0.9695189193030944,,,0.29375213,0.25121683,0.22836761,0.09372208,0.04663927
0,layer10_83463,,3099962125579985664,98.76441054438531,-7.262366742599729,2.781509495265042,-4.489441800379703,-2.555581266352692,23.400604,6.580584,0.027762095,0.0271798,0.02668218,0.10074618,0.19337903
0,layer10_83463,,3100009404579752832,99.075961978444,-6.91990898835696,3.0002888792129783,-5.248779063446854,-1.523168906441295,,,0.11183044,0.11950368,0.12023277,-0.18647139,0.26241612
0,layer10_83463,,3100016856344868992,99.1993508752853,-6.787600799771153,2.841307379248258,-5.188638920819689,-1.1754895017034577,27.383598,1.7731568,0.015279319,0.015047003,0.015951479,0.11584234,0.053167865
0,layer10_83463,,3100034345450558592,100.03607111765244,-6.957482688158855,2.7095875102733764,-5.712675596989154,-1.2208807377116866,,,0.10436999,0.10244215,0.11589833,0.20277551,0.23593575
0,layer10_83463,,3100034865147577216,99.96950726913305,-6.951656653242266,3.014015481917744,-4.505469777901607,-1.6739824031349002,,,0.087519355,0.0828678,0.09091867,0.16483487,0.3083451
0,layer10_83463,,3100065514033576448,100.09108129606852,-6.733734108132655,3.298318961615892,-6.110962339787078,-2.14549729899536,,,0.04828115,0.055040248,0.067732714,-0.09040912,0.37884054
0,layer10_83463,,3100084858566146560,100.0488660198078,-6.514365144617247,3.713887302598997,-7.28746361588219,-2.556538966760079,,,0.27949136,0.25880563,0.2753923,-0.06963174,0.16123566
0,layer10_83463,,3100089084815241600,100.32680175970168,-6.443101512347474,3.246667309225862,-5.872997440465186,-1.2303381702077285,,,0.17772394,0.19016734,0.14957406,0.340228,-0.090411
0,layer10_83463,,3100095750599610880,99.56912406446888,-6.799862953734907,4.779799223232626,-8.169665497107806,-2.649583540885604,,,0.13039808,0.14211448,0.13862215,0.08852248,0.24224207
0,layer10_83463,,3100096403438821248,99.42657577107676,-6.820868942174405,2.708841701879868,-5.245484283002623,-1.1735802398031394,,,0.060172737,0.05924334,0.054267973,0.30316883,-0.033217438
0,layer10_83463,layer12_88323,3100104443617335040,99.7022676777306,-6.681563773041707,3.0974041990989973,-5.2966560011736,-1.525765034172691,,,0.036912836,0.031570032,0.031687852,0.22318666,0.22446898
0,layer10_83463,,3100139593629259776,100.07493345851498,-6.381241808679134,2.814856964581899,-5.605620642133636,-1.4874936405513517,,,0.116487354,0.106002346,0.10665143,0.3042236,0.023362383
0,layer10_83463,,3100152547250324480,99.55453847415474,-6.317461707647056,4.019793777066752,-6.953498993032083,-2.557800022964493,,,0.1194624,0.13027036,0.12076962,0.076781474,0.054361284
0,layer10_83463,,3100158487187754112,99.86130559793796,-6.15592465458482,3.0086804286155013,-5.7542351081029,-1.669463633133852,,,0.0932092,0.09416163,0.0946465,0.14752398,0.10508852
0,layer10_83463,,3100171372086994176,101.10431759902652,-7.005736857650088,4.056960054390085,-7.172533685369713,-2.1838670731233254,,,0.1872495,0.1893982,0.20615362,0.14816627,0.25251582
0,layer10_83463,,3100180962754939392,101.45312935178998,-6.84246002803272,2.749685065879073,-5.537220666170364,-1.181044052901005,23.824118,2.9599838,0.015681118,0.016362,0.015516453,0.09181222,-0.08857069
0,layer10_83463,,3100196699514666240,101.16363566936634,-6.743351759234218,3.876369236780341,-6.85810691392678,-2.5023309055624607,,,0.11758765,0.10656131,0.107352436,0.080533266,0.067049876
0,layer10_83463,,3100202368871889408,101.62499712212627,-6.78098162991365,3.165091596671992,-6.258879577486771,-1.5569437650895643,,,0.10221014,0.10988136,0.0987178,0.09119975,-0.016668092
0,layer10_83463,,3100208003868951040,101.6179782472606,-6.663160424128998,3.044816836799223,-5.841059284047744,-1.6407165800859798,,,0.035957184,0.039257158,0.034588367,0.0078538405,0.06304394
0,layer10_83463,,3100215318191025920,101.65912215558728,-6.5667599176773965,3.529177303488948,-5.760732400052123,-2.806004968308338,24.016893,2.7828944,0.14087099,0.14360118,0.13033633,0.1737113,0.00018096792
0,layer10_83463,,3100224148646698880,101.28852333842728,-6.56348650836079,3.1452385950057664,-6.222094728044067,-1.7858575402106251,,,0.112039976,0.1154517,0.095665015,0.08170165,-0.064603426
0,layer10_83463,,3100244425187237248,100.89566929401136,-6.612539300933139,2.689202162012678,-5.530999625616992,-1.077907344943274,,,0.17270353,0.17056358,0.18054599,0.16175263,0.2711184
0,layer10_83463,,3100258031647019008,100.60535606153948,-6.624498716914816,3.309986581322666,-5.674280788226619,-1.9376555299958045,,,0.089793235,0.10020695,0.0875759,0.090515,-0.07564217
0,layer10_83463,,3100271260146742144,101.24005797372972,-6.548851636787618,4.114126927971451,-7.529161297321957,-2.741360104376973,,,0.06449845,0.06676443,0.056487348,0.101743765,-0.07865116
0,layer10_83463,,3100275241578328448,101.35180894570088,-6.379859574146206,3.958765526296805,-7.963986789589407,-2.8649599559833216,,,0.21800646,0.22444156,0.21411932,0.09152399,-0.042210996
0,layer10_83463,layer12_88324,3100304344274263680,101.25719198184213,-6.07961935695194,3.556845728688101,-6.648290718867415,-2.237007410570401,24.791723,2.942871,0.015060578,0.016524788,0.016181756,0.12935194,0.1424227
0,layer10_83463,,3100305551164970496,101.2034152459092,-6.01897105965901,4.172040930234742,-7.738970176460818,-2.908665755115489,2.8244798,8.351438,0.022466512,0.02347503,0.021175554,0.18092537,0.058823753
0,layer10_83463,layer12_88324,3100305791683132160,101.26270532819612,-6.011721326623503,3.5404942710708527,-6.826903223630944,-2.2576217765697293,,,0.046004273,0.04808075,0.044296082,0.19170265,0.08480714
0,layer10_83463,layer12_88324,3100312182596734208,101.867149398121,-6.413690667014143,3.4636699436547507,-6.747381543914469,-2.078393914669221,,,0.07854952,0.08511814,0.09129811,0.09711376,0.113238074
0,layer10_83463,,3100312659330376832,101.8538590229461,-6.36682242165943,2.891173213690231,-6.097953047248274,-1.5048367766707706,33.69591,6.1458316,0.02861712,0.030814972,0.03737146,-0.0101074325,0.24400921
0,layer10_83463,layer12_88324,3100329809141902592,101.70418354410356,-6.254825585756959,3.68709524255215,-7.033973483037117,-2.4023782693936835,,,0.047235206,0.045957495,0.045216657,0.14388964,0.21700008
0,layer10_83463,layer12_88324,3100335650297852160,102.06189538928416,-6.113186875403823,3.5714432689247766,-7.096340663956415,-2.367041583776734,,,0.11412333,0.10117317,0.08945124,0.16839492,-0.061696883
0,layer10_83463,,3100344686908939264,102.34774992732784,-6.147441239000781,4.22973948393896,-7.800777850575417,-3.2587994294659217,,,0.061578035,0.068397775,0.059437,0.14947866,0.059990317
0,layer10_83463,layer12_88324,3100345580262086528,102.3895815244426,-6.081166523897587,3.7938014416714494,-7.4695097692413555,-2.5095096152858507,1.6728002,6.997504,0.034065764,0.039034154,0.035575986,0.18672487,0.08091906
0,layer10_83463,,3100346439255613440,102.29096776082538,-6.13415892627641,3.062683762668557,-7.457758899401166,-2.381098083729104,,,0.23107336,0.24418871,0.20001882,0.41008082,0.14043455
0,layer10_83463,layer12_88324,3100353345562798592,102.59899281036294,-5.964815241113572,3.483623712457776,-7.077110562058531,-2.632270192630473,,,0.06344538,0.06853647,0.06821759,0.12830552,0.063572794
0,layer10_83463,layer12_88324,3100353787940781568,102.50253166465173,-5.9753238167604605,3.570347141507276,-7.792127176949044,-2.9993168109890256,,,0.25884506,0.2846286,0.26861244,0.28866613,-0.04719734
0,layer10_83463,layer12_88324,3100354479434154368,102.56949235876442,-5.92093088751211,3.7741366082213945,-7.536458821681604,-2.790193713719916,,,0.111022584,0.118801065,0.12189311,0.24358958,0.098886676
0,layer10_83463,layer12_88324,3100356918975624448,102.4859179044317,-5.937191309909752,3.4822881773263217,-6.79694774795362,-2.467370932995109,,,0.073859416,0.0764495,0.073825076,0.24578246,0.09118451
0,layer10_83463,layer12_88324,3100359805193859072,102.14356755438462,-6.048672162811563,3.6213915814205193,-6.754494866757069,-2.256753361337462,,,0.09832466,0.10211026,0.089863405,0.10507016,0.004864534
0,layer10_83463,,3100363752262920832,102.05336459335535,-6.005490017591736,2.6080957849918867,-5.873991925763482,-1.5382918042419425,,,0.10432206,0.094897956,0.07782098,0.23299603,0.07043426
0,layer10_83463,,3100372724455337088,102.24800768479116,-5.85415898014331,3.2351028544954223,-6.462451553855986,-1.9495434050298703,,,0.06373129,0.064645,0.059681423,0.10043673,-0.022680454
0,layer10_83463,layer12_88324,3100375816830797312,102.270202121647,-5.743647778340399,3.815390247220797,-7.001329616828441,-2.46901303398239,,,0.10261612,0.10869433,0.09575728,0.12027295,0.10055715
0,layer10_83463,,3100378458230112640,101.5953313481355,-6.166177551239441,4.094523293389098,-6.888289570856724,-3.421023294802051,,,0.19079696,0.20813219,0.1998488,0.07603931,0.094365224
0,layer10_83463,,3100380386676662400,101.70217582856664,-6.114494573047242,4.148388478490747,-8.262993284231765,-3.767322725834924,,,0.10815312,0.113878734,0.10723713,0.08212247,-0.0077728643
0,layer10_83463,,3100381932864994944,101.5478411095355,-6.109384995197584,2.827175177128787,-5.866822963132458,-2.2463068215325013,45.42555,3.517599,0.020319425,0.019681983,0.018639322,0.14474879,0.14358233
0,layer10_83463,,3100386154812065024,101.81271751888656,-6.058542181446086,3.1231428239205283,-6.691721600051487,-1.985812642428711,,,0.19990428,0.1946387,0.18387419,0.14436273,0.2069249
0,layer10_83463,,3100394268011114880,101.45470812275585,-6.091537503525987,2.638357915366296,-6.121514146194014,-1.564372029913622,,,0.109018475,0.11473743,0.10984798,0.18534979,-0.0025623294
0,layer10_83463,,3100400104869180416,101.29865114208168,-5.946851347979441,3.065699659037947,-5.599466844194441,-1.099488149129625,29.473042,13.878414,0.023990681,0.026395822,0.026262322,0.12208259,0.059490275
0,layer10_83463,,3100403815718441984,101.6299933480954,-5.892966145883835,2.873776938697296,-5.932894785385217,-1.5966711805936944,19.249083,5.8129807,0.017549872,0.015204446,0.015575965,0.22543798,0.16146442
0,layer10_83463,layer12_88324,3100410584587428352,101.55387312251712,-5.788100667840391,3.674853363245437,-7.123440559580277,-2.473356481528392,,,0.034007084,0.02890476,0.03004824,0.10707487,0.18678136
0,layer10_83463,,3100436255610822272,101.7528314230278,-5.639060255918994,3.305856072467528,-6.406467002935328,-2.134103906115937,66.74329,11.310632,0.03548068,0.034426223,0.03408858,0.2018576,0.038081385
0,layer10_83463,layer12_88324,3100439829023435648,101.9491819458796,-5.571135213963128,3.446447566068305,-6.923567962563628,-2.312808453088938,,,0.052843124,0.045139827,0.04173458,0.19364916,0.03420439
0,layer10_83463,,3100444570668704256,101.88261125533576,-5.4707274606860405,3.31360976685324,-6.602000491894648,-2.223167092608895,,,0.058343545,0.056927215,0.049872253,0.17796315,-0.070774704
0,layer10_83463,,3100445665882094208,102.01119978958864,-5.430593719011348,3.184126569456144,-6.74814525452863,-2.1772024895412105,,,0.2736664,0.26899952,0.2480685,0.14157188,-0.21985193
0,layer10_83463,,3100445704538583040,101.99083501204372,-5.431916610321483,3.303006132334623,-6.695117524869641,-2.064577595761004,21.797266,2.7502666,0.01776573,0.019993939,0.017897815,0.07617147,-0.04581249
0,layer10_83463,,3100449140513462016,100.62887714767017,-6.490557057439154,3.2571700176076246,-4.544772709663197,-1.1403714511912328,26.32123,12.353051,0.26480043,0.27405858,0.24811645,0.0961763,0.10229023
0,layer10_83463,,3100452125508900352,100.48707572568732,-6.428452219741764,4.189587074259121,-7.252588980302644,-2.584847509231081,,,0.09821607,0.10570628,0.09172201,0.17773163,0.050310086
0,layer10_83463,,3100476589642469248,100.59540099404003,-6.148635970787777,2.881568335104558,-5.447965879348137,-0.5567491297765307,58.44527,9.033729,0.06279194,0.057257555,0.05163112,0.062726304,0.24213944
0,layer10_83463,,3100476593943671296,100.59480884830252,-6.148990585001968,2.765548928729511,-5.471129688222081,-1.4538840610911927,43.26011,5.9032226,0.024167273,0.02286977,0.020944143,0.060403347,0.25684243
0,layer10_83463,,3100479926838944512,100.53043262603649,-6.114284601829164,3.1633377172675874,-6.584780297708258,-1.467291604289089,,,0.10805012,0.099726774,0.09869597,-0.023851926,0.17976473
0,layer10_83463,,3100483324151986944,100.88239033612832,-6.209008768603321,3.986662740798234,-7.44381772675655,-2.8758582712385303,,,0.057568356,0.062063273,0.07630759,-0.10803271,0.30686423
0,layer10_83463,layer12_88324,3100486077231948800,101.01754792243877,-6.086464521521473,3.571440275031432,-6.879137636981864,-2.255253535710525,,,0.033357214,0.03624561,0.033950254,0.08918227,-0.10240776
0,layer10_83463,layer12_88324,3100496002896674176,101.046699155166,-5.978361001771507,3.702533726314644,-5.88717544126578,-2.2050899248237346,,,0.30486646,0.29338855,0.2523352,0.16781634,0.04963975
0,layer10_83463,,3100496728750824576,100.92985890868684,-5.968804370282593,3.169584384940093,-6.517820849782852,-1.4502308946155524,,,0.06548156,0.066571645,0.06104907,0.31145352,0.041503355
0,layer10_83463,,3100503291460162560,100.73548236700528,-5.975539194842389,3.1891684688540245,-5.02672788813234,-1.625482627246617,,,0.14478642,0.13260832,0.1338207,0.23583136,0.20257588
0,layer10_83463,layer12_88324,3100506933592345344,100.78836884761174,-5.910469989843055,3.756761171909582,-6.739128892736789,-2.646364041121235,29.692059,6.004121,0.016581895,0.01819988,0.022522733,0.034807157,0.3466453
0,layer10_83463,,3100538437173490432,100.05163665844503,-5.986033111141086,3.4375625591928847,-6.971084355631198,-2.301739338024327,,,0.1704764,0.18015915,0.19927604,0.21223004,-0.08076827
0,layer10_83463,,3100538712051544832,100.11888966368844,-5.961685741798704,4.00188934038761,-7.147089431504403,-2.748505354541507,,,0.054351646,0.053160828,0.04623092,0.1569807,0.0813551
0,layer10_83463,,3100548573297064448,100.1430165081402,-5.855312150603519,2.866045653682864,-5.727726670511732,-1.6763241117223042,,,0.09089589,0.08443257,0.07817258,0.21722889,0.10975889
0,layer10_83463,layer12_88324,3100556136737739264,100.58908802193868,-5.814375297121692,3.7485653199675446,-6.448132608288258,-2.3370404027657994,22.588547,1.8610924,0.014374996,0.015485735,0.01434914,0.08334764,0.033704653
0,layer10_83463,,3100569055999158528,100.69825917034692,-5.619334265937634,2.599014307551544,-5.957341806081629,-2.0558138251678773,,,0.19037993,0.20123428,0.20522003,0.10541745,-0.111402296
0,layer10_83463,,3100579329561017216,100.54424152970977,-5.614165840527607,4.3302888757534825,-7.721560979922708,-3.0446335838974488,20.344357,2.7451084,0.01461951,0.014304785,0.013138827,0.30137604,0.13145448
0,layer10_83463,,3100585273795705600,100.4640940536798,-5.478261353615059,3.201873896386506,-6.04371358008,-1.7606642665348784,,,0.072048366,0.06884603,0.06572458,0.27382475,0.04798276
0,layer10_83463,layer12_88324,3100589289588381696,101.2592368600979,-5.878691460449009,3.662619248367311,-6.840700491522697,-2.392332775059435,15.813548,5.095689,0.031802144,0.036839876,0.03157958,-0.16657677,0.017375227
0,layer10_83463,,3100590354736650368,101.38209135200334,-5.85636306027119,4.033898741465724,-7.550042155357215,-2.141901173093923,,,0.3428223,0.36674193,0.31614876,0.14148755,-0.025742827
0,layer10_83463,,3100606576835109376,101.00497155355484,-5.76770573772838,2.674647481886482,-5.470160835623705,-1.4432903104053587,27.249804,2.1638272,0.014686084,0.01351212,0.012542019,0.35233405,0.15282226
0,layer10_83463,,3100621450300923264,101.27967805857382,-5.452977552225914,2.6422420148313104,-5.629439148346022,-1.0216490559567144,,,0.24208541,0.21480149,0.20180225,0.07086859,0.2079419
0,layer10_83463,,3100622897710489088,101.59326908151196,-5.6491284338485865,2.7950528043389977,-5.781532458339204,-1.232966909314893,,,0.0830727,0.08987974,0.08934971,0.07859674,0.027055988
0,layer10_83463,layer12_88324,3100627845512763648,101.55882036675332,-5.537183090419828,3.671439976850104,-6.598104563104333,-2.5210250220499435,29.476141,3.6969783,0.017318739,0.023786802,0.022581143,0.1901233,-0.1095245
0,layer10_83463,,3100628631485907200,101.43758019563856,-5.534608518579248,3.9854155108997342,-7.165066126051129,-2.7158614602412423,,,0.086361334,0.08964018,0.082795896,-0.045285534,0.04586646
0,layer10_83463,,3100628837642414080,101.511558215558,-5.515022073750158,3.010327584620013,-6.829528014974965,-2.307538479582202,,,0.14828776,0.17134613,0.17594476,0.039667986,-0.03550083
0,layer10_83463,layer12_88324,3100629735298344960,101.56338861536636,-5.495600965797798,3.842857662930793,-7.302759410922118,-2.9108071930219905,,,0.039790165,0.052254815,0.050844114,0.04295829,0.04889902
0,layer10_83463,layer12_88324,3100630285054107520,101.612190989842,-5.452816330035288,3.583313318861084,-6.580634872643783,-2.4850947385492903,17.572529,4.6906605,0.014213765,0.016081857,0.016941188,0.043842383,0.039471623
0,layer10_83463,layer12_88324,3100633239992111232,101.7723338205346,-5.449571525315589,3.652896861876851,-7.0835102414405,-2.453715075697165,,,0.0730408,0.072801605,0.06956749,0.15430999,-0.02578613
0,layer10_83463,,3100647705441422336,101.50488017560843,-5.302172228590576,2.5992025589044645,-5.664722234740568,-1.4362370677612948,,,0.11730378,0.117198795,0.11619822,0.1755783,0.12375829
0,layer10_83463,,3100651961746788864,101.74257214243131,-5.24160568149608,2.861141366040005,-6.837460313242986,-1.989614372831405,,,0.22551566,0.20233493,0.18166608,0.29922083,-0.06607077
0,layer10_83463,layer12_88324,3100653512237051008,101.66937627084744,-5.174245875180915,3.788234781814244,-7.182299540828419,-2.794031015431252,,,0.04987408,0.052040976,0.04877116,0.11729879,0.054501835
0,layer10_83463,layer12_88324,3100663648359803136,100.80908918340776,-5.528069219649899,3.82055345148709,-6.701744348870168,-2.640587014363827,,,0.06536213,0.069182284,0.0638033,0.1349916,-0.028310908
0,layer10_83463,layer12_88324,3100669622653104512,101.20967405286414,-5.393332111945718,3.395870018731987,-6.497376166875833,-2.249402287101254,27.854212,9.819331,0.018262729,0.016540175,0.015602815,0.15441199,0.33803025
0,layer10_83463,layer12_88324,3100670034973175296,101.19665981388476,-5.351853945602482,3.58995528795354,-6.452541786873264,-2.697796541244496,,,0.23603854,0.27640173,0.25810662,-0.0031312048,0.23538867
0,layer10_83463,,3100677804571928320,100.82483505297915,-5.429277333664839,2.944064521198811,-5.803709002892167,-1.747312290311473,,,0.14155333,0.14555728,0.16011237,0.11917937,0.062345266
0,layer10_83463,,3100686978621856512,100.98709855675897,-5.261478896228758,3.039098556142443,-6.149538944100114,-2.195310310500034,26.920214,3.4933105,0.013816875,0.013058417,0.013539521,0.13586785,0.27011445
0,layer10_83463,,3100702131266952448,101.45691287800676,-5.1888393028286535,4.008214807402271,-6.40330013287279,-2.805716522664391,,,0.18037523,0.18551715,0.17708753,0.12303293,0.14268519
0,layer10_83463,,3100704880045899776,101.58450772933035,-5.0792073278314005,3.2128973513812897,-6.533661429206199,-2.170335299920593,,,0.06985912,0.06803185,0.063775875,0.19615476,0.050411765
0,layer10_83463,,3100711477115151616,101.14742361306368,-5.150105800043548,4.0664813486086535,-7.741817897596185,-3.3045755097021816,22.323933,5.493148,0.032117803,0.032641113,0.03116018,0.122359365,0.17603591
0,layer10_83463,,3100714702632381952,101.15831350688036,-5.046836165438788,3.959726297534373,-7.4076287000145475,-2.612102643230607,,,0.13860756,0.15339446,0.15486081,0.1322235,0.059854016
0,layer10_83463,,3100716493636995712,100.96745722464144,-5.067361112751635,3.432903846037425,-8.32089546726144,-3.042352804360815,,,0.13430929,0.12941986,0.12662825,0.13117498,0.24864276
0,layer10_83463,,3100720715588068992,101.1894714623048,-5.022577436681647,3.1917072053037066,-6.676860359998131,-1.9382634138106347,,,0.21373177,0.22597261,0.22407833,0.18636614,0.052450165
0,layer10_83463,,3100728206009954944,101.25025617367086,-4.807913432177909,3.253772238892136,-6.458125941664184,-2.282519076382509,,,0.06151222,0.05382643,0.050278865,0.31042016,-0.0033820425
0,layer10_83463,layer12_88324,3100729584699871616,104.0323354297294,-7.1166231321346345,3.5821710419486954,-7.714780156260776,-2.145952908980228,-13.841972,7.674183,0.03489149,0.031095186,0.032400172,0.005856661,-0.16016479
0,layer10_83463,layer12_88324,3100730031376444416,104.06437851688564,-7.0853132543631645,3.4217599778767243,-7.324629662424578,-2.222156437070791,,,0.038684707,0.034903325,0.034683645,-0.0016730267,-0.02492719
0,layer10_83463,layer12_88324,3100736731525338880,104.08031026264604,-6.928066298573845,3.5556323206663523,-7.074890169869798,-2.11053669601722,,,0.09122302,0.08563724,0.08242788,-0.058117382,0.014029182
0,layer10_83463,,3100737448776562304,104.22939853923214,-6.986764728154496,2.8171281323757,-6.366074969485324,-0.8746580180989559,,,0.16381563,0.1809641,0.16901343,-0.027085671,-0.12040519
0,layer10_83463,layer12_88324,3100740511096457984,104.27645651975122,-6.894003732552703,3.341417076958363,-7.271088851617981,-2.029114990230898,,,0.09492081,0.096921824,0.074478135,-0.23791453,-0.04355058
0,layer10_83463,layer12_88324,3100745596337670784,104.2534667534613,-6.76763617568988,3.302499576097303,-7.187075672344449,-2.04320302686628,,,0.16543351,0.17473671,0.16578189,0.039615363,-0.069542475
0,layer10_83463,layer12_88324,3100753602156100224,103.927556561936,-6.778174338516879,3.714111057902471,-7.472141087490887,-1.976105260698349,,,0.056012366,0.05250176,0.05388144,0.06254988,0.07262796
0,layer10_83463,layer12_88324,3100753945753559680,103.83145885969572,-6.796106802104148,3.45154492143146,-7.156141374954633,-2.110733627943107,27.246187,2.9340413,0.021276958,0.019427376,0.021714175,0.1162015,0.05099502
0,layer10_83463,layer12_88324,3100755109682451840,104.04651099299802,-6.831185629221038,3.483047407037617,-7.592055430541681,-2.412407161600746,,,0.08466279,0.08832898,0.07867321,-0.19590457,0.03331553
0,layer10_83463,,3100756660173533568,104.03893332046214,-6.784165060456001,3.885329104924845,-6.31348307418676,-1.7049794249228185,15.295021,5.531374,0.06103437,0.064487346,0.06211436,-0.086630955,0.09631262
0,layer10_83463,,3100759610807628544,103.96896251429666,-6.747654944224588,3.881400050705792,-9.54232456549792,-2.982267045772144,28.820017,1.6831945,0.013256089,0.014804325,0.014982486,-0.07822638,0.1542816
0,layer10_83463,layer12_88324,3100769540774712448,104.27636439312876,-6.699830483053119,3.5700849525321305,-7.286480129221748,-2.407083622961834,,,0.19212836,0.19119784,0.1773137,-0.019168837,0.0021060903
0,layer10_83463,layer12_88324,3100770605923335296,104.4037084880392,-6.674684644068552,3.555860093060542,-7.32878930640884,-1.822907207288829,,,0.20091899,0.20363311,0.19845046,0.07641389,-0.13851485
0,layer10_83463,layer12_88324,3100772122055531904,104.37361300523284,-6.618377757868361,3.6969673942404166,-7.985657442605476,-2.5784238902368246,,,0.0571578,0.059904445,0.05626811,0.05080143,-0.062855765
0,layer10_83463,layer12_88324,3100772946689167488,104.61548345562504,-6.672167850226724,3.401826652674228,-7.179168091007497,-2.032101457421206,,,0.13906176,0.13790515,0.13768442,0.10795176,-0.036698584
0,layer10_83463,,3100773255926793984,104.62078641278438,-6.6460285807835975,3.2254529147229576,-6.457131386613584,-2.497163821427256,31.920391,4.5810113,0.059473637,0.05648172,0.056265466,0.025714114,-0.0050115553
0,layer10_83463,layer12_88324,3100779956075675136,104.61887679353973,-6.488888265462249,3.555816536237052,-7.678426243167422,-2.411821830653216,,,0.052084163,0.05054594,0.057465333,0.23102725,-0.22588952
0,layer10_83463,layer12_88324,3100792493076122240,104.47719404651409,-6.462704647439859,3.649792000628291,-7.894445120951473,-2.5555900969735603,,,0.019137314,0.019545073,0.018135142,0.041602824,-0.1634006
0,layer10_83463,layer12_88324,3100795310575097728,104.3836596354748,-6.413067663061928,3.3845861935802253,-7.86772515863472,-2.141104312833802,,,0.1172703,0.11395583,0.11035614,0.3397056,-0.06661486
0,layer10_83463,layer12_88324,3100795486676752768,104.27130949466893,-6.453865767711737,3.624157152748592,-8.106790388260945,-1.96910133256174,23.195797,0.8134694,0.017480126,0.01805526,0.015823247,0.11907396,0.034390297
0,layer10_83463,layer12_88324,3100797170304595456,104.46705868150788,-6.365031413353194,3.553296678793737,-7.728242256638945,-2.394487087244377,,,0.049558483,0.048810158,0.04844638,0.27147406,-0.10992184
0,layer10_83463,layer12_88324,3100797410822781824,104.42259315537528,-6.354444113006097,3.390893246172338,-8.073414933956405,-2.7531985524265785,-26.03735,9.206646,0.027394924,0.026851673,0.02544686,0.29565376,-0.009870496
0,layer10_83463,,3100799987803070976,103.69677338711077,-6.807230756060883,2.805673722340178,-6.33422125123705,-1.6425435382911069,,,0.13976346,0.1441534,0.15120915,0.2948766,-0.24978736
0,layer10_83463,layer12_88324,3100800228321249024,103.67113048143308,-6.798269466066789,3.666390000066488,-7.361944383447186,-2.2905723819066908,,,0.06289253,0.06324151,0.06656001,0.3108927,-0.16608231
0,layer10_83463,layer12_88324,3100800743717283840,103.6917171062725,-6.760421230262165,3.760681072135725,-7.334556684658686,-2.542787438015252,,,0.07490987,0.074633285,0.074373834,0.28525615,-0.056738168
0,layer10_83463,layer12_88324,3100801602710611840,103.85822628473927,-6.736333108562633,3.67506315158996,-7.484610013327071,-2.194370944422735,,,0.06877811,0.05340666,0.060349345,0.075868174,0.031913668
0,layer10_83463,layer12_88324,3100804282770401920,103.57033641266432,-6.749633560163015,4.013503749881015,-8.100046015434726,-2.8915237578601087,,,0.102911465,0.0916345,0.083036005,0.32005194,-0.107511185
0,layer10_83463,layer12_88324,3100805618498321408,103.69861495839427,-6.6853611958700645,3.5509244536812528,-7.749549549163078,-2.640755445651435,,,0.10921155,0.09262211,0.09319102,0.1142689,0.15444487
0,layer10_83463,layer12_88324,3100805824656827136,103.72140325313698,-6.664378875422312,3.611768274839831,-7.438674436926815,-2.08376898436884,,,0.12027138,0.0917573,0.096174024,0.17963496,0.12319354
0,layer10_83463,layer12_88324,3100806172555828864,103.73539918192355,-6.656482098659157,3.5434921461074405,-7.393161846278772,-2.3754579270987057,,,0.08259505,0.06572808,0.067823656,0.16823922,0.1148625
0,layer10_83463,layer12_88324,3100806309994742656,103.76504577907824,-6.635611619492299,3.788199802735152,-7.773208397090944,-2.364166811121555,,,0.15711838,0.1305997,0.14192659,0.12893699,0.15712206
0,layer10_83463,layer12_88324,3100811738833210752,103.95629072512442,-6.530628484226497,3.504599018861085,-7.467843930389149,-2.436385998549616,,,0.03809711,0.039554425,0.037881244,-0.042219356,0.15279464
0,layer10_83463,layer12_88324,3100812215568337536,103.7897344663711,-6.612296907509758,3.742680204623976,-7.660936983790246,-2.641346098622208,,,0.19400257,0.16134843,0.175649,-0.12794231,-0.012818472
0,layer10_83463,,3100812975783880192,103.83516548248993,-6.549528774688687,3.656015898259346,-6.129841606272663,-1.3564830853098817,6.689281,2.7639787,0.08400016,0.08826314,0.08612419,-0.01442718,0.14558907
0,layer10_83463,layer12_88324,3100817339470898432,103.56549817616389,-6.639210502539262,3.83031655904817,-7.39446071028195,-2.9529817501311806,,,0.105685994,0.13228406,0.13955396,0.26208836,-0.18785176
0,layer10_83463,layer12_88324,3100817506967875840,103.49400932616452,-6.660876116985157,3.676895984157069,-6.934995725210156,-2.452914649718411,,,0.35654604,0.3946866,0.37548283,0.22902593,-0.173947
0,layer10_83463,layer12_88324,3100821119042173952,103.44553651732387,-6.61527384184475,3.608185948865012,-7.191038850168832,-2.2867613307718315,,,0.09278433,0.105746344,0.09996322,0.15105236,-0.21145399
0,layer10_83463,layer12_88324,3100825448368989440,103.6810933075645,-6.54004642490503,3.615621898837904,-7.620796697375364,-2.232201754967566,21.725275,7.980176,0.023824167,0.02226518,0.022107758,0.14634882,0.15440314
0,layer10_83463,layer12_88324,3100828399005539968,103.74971379117294,-6.462383854903609,3.4877700256600046,-7.587273509619938,-2.2357301735974766,,,0.12543623,0.14008467,0.14293477,0.0010476381,0.26111045
0,layer10_83463,layer12_88324,3100846613967311232,104.31297498824654,-6.261846474342777,3.3574594717710307,-7.15212297730378,-2.214647720688661,,,0.065119624,0.06994769,0.0620517,0.1474757,-0.27096367
0,layer10_83463,layer12_88324,3100846957564669952,104.32170606819275,-6.227791950875667,3.503108393685632,-7.338751064301084,-2.513116591629689,-15.871717,10.396486,0.016512593,0.015762195,0.014461595,0.07511805,-0.1899902
0,layer10_83463,layer12_88324,3100851080733273600,104.25628073526482,-6.174979088375806,3.4077292232779777,-7.027283914144651,-2.414298078856836,,,0.08255316,0.09495823,0.07712842,0.2337811,-0.044439025
0,layer10_83463,,3100854001311264768,103.95783144529818,-6.316836984630112,3.041914464366451,-6.531660131299464,-2.912261972563524,24.423573,1.4010588,0.019273102,0.020954557,0.01843122,0.06868786,0.1315654
0,layer10_83463,layer12_88324,3100856848867159552,103.8468562889139,-6.270323458402395,3.3559186045580742,-6.954407508174722,-2.0748282610848827,18.472246,1.8566383,0.012165508,0.015315926,0.014147612,0.11587635,0.16180862
0,layer10_83463,layer12_88324,3100857192464465920,103.76591073545632,-6.279940130427482,3.582715950085818,-7.718398637865845,-2.55362732337738,,,0.07803892,0.08467109,0.08403413,0.12463769,0.058929104
0,layer10_83463,layer12_88324,3100857746522775168,103.80839216018867,-6.245295170288256,3.637632797186184,-7.194921025709975,-2.2298109750044315,,,0.06794408,0.070651084,0.07029964,0.1780249,-0.0051809936
0,layer10_83463,layer12_88324,3100858880394039296,103.9505619191289,-6.193404082772241,3.4018699253133544,-7.531098810046025,-1.6557428974180044,39.89341,5.9712477,0.03857336,0.044228382,0.038687646,0.19037035,0.10834703
0,layer10_83463,layer12_88324,3100860353562656896,104.04962041136734,-6.25925181144267,3.623938412704836,-7.426994121696738,-2.165347744201961,,,0.16165216,0.18404947,0.1581627,0.31641003,-0.09305943
0,layer10_83463,layer12_88324,3100860460943346688,104.0930765707465,-6.237853760272406,3.3996714019401555,-7.500121715489841,-2.500246838868996,,,0.07674315,0.087996714,0.07793752,0.147801,0.032605235
0,layer10_83463,layer12_88324,3100860735819871744,104.06421596319105,-6.222278064312508,3.650257835265335,-7.318291675194961,-2.2461139365578022,,,0.0955721,0.11570588,0.09925096,0.20538525,0.03310411
0,layer10_83463,,3100861560453592832,104.05052624497074,-6.211446428618722,3.1205573131350146,-6.733754699279961,-2.119538664237333,,,0.07138559,0.08513913,0.073319346,0.25306004,0.124862805
0,layer10_83463,layer12_88324,3100861594813339776,104.02806858422105,-6.210984126579083,3.478930071008713,-7.594406501242385,-2.302677480490205,,,0.055913363,0.06703459,0.057264816,0.20785159,0.05130069
0,layer10_83463,layer12_88324,3100862483866552832,104.15093475818114,-6.190339387988062,3.3849306671571493,-7.152353480297752,-2.0892506806329045,,,0.14990458,0.1746375,0.15162532,0.31030348,-0.04854553
0,layer10_83463,layer12_88324,3100863347159875072,104.19185133850256,-6.129755243664517,3.4661762983248603,-7.655990287336774,-2.468532944043898,,,0.0711517,0.076153,0.067839414,0.2922819,-0.0870111
0,layer10_83463,layer12_88324,3100879358798818304,104.87495372387404,-6.346832386874465,3.295257887660321,-7.438205974165143,-2.315601282699015,-35.09616,8.066831,0.02897233,0.027878856,0.026697785,-0.07844847,0.011813957
0,layer10_83463,layer12_88324,3100882794772622720,104.85974469883122,-6.285917392054042,3.5374248038627067,-7.383494475902927,-2.57562969640882,,,0.12719704,0.13331978,0.12662724,-0.082630396,-0.0012615486
0,layer10_83463,layer12_88324,3100887669553819136,104.64624413859224,-6.335210713614441,3.876957289803764,-7.797242351932672,-2.926030774797088,,,0.2464526,0.23391198,0.27143052,0.1408304,-0.09551999
0,layer10_83463,layer12_88324,3100889701075193472,104.69974914387969,-6.295811714749868,3.221732730979765,-7.777089047427868,-2.337106305456244,,,0.1701408,0.1539121,0.17810954,0.09726387,-0.06260029
0,layer10_83463,layer12_88324,3100906984028797184,105.20177648794773,-6.144740219286288,3.8121705131232217,-7.288878222160939,-2.5133635659552525,,,0.30067444,0.31633112,0.2911393,0.002151029,0.18001147
0,layer10_83463,layer12_88324,3100911171613486208,105.09854718336425,-6.093719515882491,3.5859506312480804,-7.778303092265677,-2.56218531276858,,,0.06305418,0.069347985,0.06362391,0.06380997,-0.1604759
0,layer10_83463,layer12_88324,3100943130472548736,104.43311188644724,-6.119933194904195,3.4269473026296304,-7.442612776343722,-2.358807111405111,10.594303,10.033384,0.03036453,0.02935203,0.029622782,0.122768365,-0.17781255
0,layer10_83463,layer12_88324,3100946081109278464,104.4276011100368,-6.104108798011631,3.245102837385832,-7.651524673323123,-2.6816886842524883,,,0.22105488,0.19981557,0.20818996,0.16488464,-0.22457998
0,layer10_83463,layer12_88324,3100951342450557696,104.6888432672475,-5.971332147881489,3.5324192819564217,-7.83618969039194,-2.5968544818450554,,,0.06677687,0.07113514,0.06821988,-0.02885409,0.06768094
0,layer10_83463,layer12_88324,3100956320310482048,104.53184063761994,-5.89464875978011,3.525907486872021,-7.737147950663884,-2.581720938227446,16.607603,5.3441005,0.022215601,0.027746731,0.029386027,0.013909358,0.15036303
0,layer10_83463,layer12_88324,3100959176470389504,104.22328312305808,-5.993702469986316,3.2795866675441205,-7.32776138024873,-2.2263749397983394,24.362764,3.2588274,0.022134284,0.01999039,0.018947538,0.3324165,0.11911244
0,layer10_83463,layer12_88324,3100960516500136192,104.32024943067024,-5.981000704168779,3.4529237047878896,-7.235336181169471,-2.4373218223632787,210.20856,7.3261995,0.026443178,0.027030285,0.023535939,0.39870256,-0.13501391
0,layer10_83463,layer12_88324,3100961027594398976,104.35676409228336,-5.95079956814743,3.2659657081896025,-7.961165035585919,-2.780449319800846,,,0.22039981,0.22008795,0.20904839,0.2652373,-0.13483249
0,layer10_83463,layer12_88324,3100961165035055104,104.30279189109528,-5.95139679722027,3.5577266382838824,-7.183749078449295,-2.3170683359267112,,,0.13242413,0.1262392,0.11368895,0.366556,-0.018433673
0,layer10_83463,layer12_88324,3100961680431085440,104.1742961689127,-6.012299961527529,3.45259395478338,-7.431378831436362,-2.265982315925912,,,0.026392533,0.02514405,0.023820307,0.2849569,0.12550029
0,layer10_83463,layer12_88324,3100962779942747776,104.12309970089544,-5.967739107650932,3.6510146712171214,-7.408764499348895,-2.639761704195544,,,0.1784151,0.1724245,0.17221484,0.15195534,-0.05023902
0,layer10_83463,,3100963673296063488,104.25740771294338,-5.961097471470971,3.942903853023189,-7.181071831754232,-2.636106273746611,,,0.3158093,0.27549073,0.26617295,0.40494075,0.009053328
0,layer10_83463,layer12_88324,3100965391282912256,104.23324691257558,-5.878216454542994,3.480371369093952,-7.477260873651621,-2.3687274569543635,,,0.077742785,0.08345777,0.07215124,0.35308698,-0.20561212
0,layer10_83463,layer12_88324,3100967555944951424,104.3965456119608,-5.887105084272844,3.608357424251686,-7.444812464500407,-2.5819548175617,,,0.08913962,0.10317819,0.104748055,0.12929726,-0.027220068
0,layer10_83463,layer12_88324,3100976661278084096,104.74044950179324,-5.8535276792135305,3.276141897888453,-7.867599225272473,-2.810261936656296,,,0.20537607,0.20997766,0.18119933,0.017438205,0.02165275
0,layer10_83463,layer12_88324,3100983159567466112,104.7356753534656,-5.725720753299715,3.825158573475067,-7.608042583397101,-2.626033730191531,,,0.098586,0.10529006,0.08878499,0.1920389,-0.0867276
0,layer10_83463,layer12_88324,3100996074529620992,104.6755928896856,-5.669131090961845,3.382437848998901,-7.732888301772012,-2.753582519526406,,,0.11140686,0.11368883,0.110460274,0.22470273,-0.03398905
0,layer10_83463,layer12_88324,3100997247060253184,104.5365272553204,-5.698575664530863,3.532985952906732,-7.780882533028102,-2.680588573651109,,,0.11181532,0.11369453,0.124328956,0.05026482,0.057624284
0,layer10_83463,layer12_88324,3101003599312994944,104.83058530225944,-5.549857050523443,3.3750521498316792,-7.338570238829456,-2.8536453981186507,,,0.19541827,0.20427671,0.18244173,0.24699098,0.031236649
0,layer10_83463,layer12_88324,3101009891442867968,103.35053725100714,-6.553574457245787,3.467625701782634,-7.184103806340386,-2.039955107872792,27.335838,3.68271,0.016607763,0.018218925,0.016304485,0.28583184,-0.16798215
0,layer10_83463,,3101011914367264384,103.37089393909162,-6.439724147440446,3.056674185872547,-6.3408415178091655,-1.707042615265087,24.260845,2.7798135,0.019738508,0.018077463,0.016868167,0.17132734,-0.22907056
0,layer10_83463,,3101013391838744192,103.37270234043616,-6.4395529138593455,3.0872044244703414,-6.276522599698082,-1.918058238700461,,,0.06423766,0.059676994,0.055678792,0.16123815,-0.23926105
0,layer10_83463,layer12_88324,3101016316713846400,103.28197131369107,-6.365846094927225,3.5969089100608564,-7.411693023298099,-2.600403413828344,,,0.05416928,0.054204103,0.05393549,0.19085602,-0.034358043
0,layer10_83463,layer12_88324,3101017033968459648,103.39281350128192,-6.376345272260704,3.482915707698717,-7.639622742394942,-2.5570065632011647,,,0.07589986,0.0572076,0.0531738,0.20252712,-0.031863444
0,layer10_83463,layer12_88324,3101017794182591616,103.28937265387,-6.361782036686036,3.601309729887169,-7.753562468166622,-2.3070547445974405,,,0.069296345,0.06780582,0.062090866,0.21541028,-0.058354236
0,layer10_83463,layer12_88324,3101018137779941248,103.34995836321542,-6.336814827543942,3.4582060981667846,-7.560029686422761,-2.5973607639637004,,,0.075879365,0.06720487,0.05929148,0.23989664,-0.1316711
0,layer10_83463,layer12_88324,3101018515737037440,103.36793220089652,-6.299176880655021,3.446994256673421,-7.283928299025542,-2.6207857067674225,,,0.1007877,0.06479287,0.062834784,0.38563943,0.16611628
0,layer10_83463,layer12_88324,3101019168572026112,103.57822435628891,-6.389261064116106,3.625920079977142,-7.467905808678686,-2.1382387328849144,,,0.050955437,0.04807718,0.046036355,0.18591762,0.167032
0,layer10_83463,,3101021127077069184,103.61396599541504,-6.309739368481252,3.065009755821896,-7.262151200798737,-2.087235656481397,4.6592355,7.2072053,0.023437325,0.02393055,0.023359904,0.044838864,0.07565499
0,layer10_83463,,3101021127077072512,103.61550416665256,-6.319576679549559,3.012104671792441,-6.414752587380672,-2.750246920978792,,,0.2750658,0.27741748,0.2781765,0.13535474,-0.04684378
0,layer10_83463,layer12_88324,3101021917351061504,103.58415710860548,-6.3097893285596935,3.489774300504185,-7.611787333590516,-2.494596695447606,,,0.058182716,0.05537286,0.055115253,0.054222755,0.018998666
0,layer10_83463,,3101025486463901312,103.51411142704242,-6.24962788545993,3.722734149467514,-7.347257925924609,-0.4866932068171469,22.645542,4.254907,0.079642326,0.074701905,0.06642446,0.08730568,0.05832793
0,layer10_83463,layer12_88324,3101027140031254016,103.51669637096036,-6.180742587394679,3.4438489647693435,-7.84550707024432,-2.873661295658187,17.396027,11.884828,0.07567942,0.071750104,0.07004759,-0.008683836,0.23324856
0,layer10_83463,layer12_88324,3101029678356305024,103.26053897274387,-6.338993533606264,3.7844393362815607,-7.571242612244577,-3.0788805846743474,,,0.20560238,0.20097807,0.18458085,0.19617863,-0.08668355
0,layer10_83463,layer12_88324,3101030193748424192,103.32671896747436,-6.295307199089998,3.3700879999215454,-7.15091214990268,-2.41950829325232,,,0.23606208,0.18654394,0.17679423,0.23111953,-0.0696678
0,layer10_83463,layer12_88324,3101030266767757184,103.31112297402174,-6.284525070647388,3.4793083831827145,-7.17870381061922,-2.412652310721236,,,0.07292898,0.05802362,0.055661686,0.19259138,-0.06319029
0,layer10_83463,layer12_88324,3101033702740818688,103.11390905509283,-6.234568062568559,3.430925321268869,-7.124471642924785,-2.0962798102805444,9.364877,6.559122,0.020952092,0.0261529,0.021869931,0.30498293,-0.061773814
0,layer10_83463,layer12_88324,3101036756458642304,103.40397817492192,-6.224634780650427,3.340737925985529,-7.367415003402976,-2.435179797845136,,,0.1917902,0.17724441,0.16931537,0.1681879,-0.0043739537
0,layer10_83463,layer12_88324,3101037581091802240,103.28869700917548,-6.212466867626383,3.7006417501141113,-7.632314826449474,-2.5481161202254685,10.289245,17.006351,0.021346068,0.017760497,0.016282728,0.18930607,-0.11653221
0,layer10_83463,layer12_88324,3101038341306010368,103.34985568624263,-6.144874733169347,3.346027436862448,-7.327411196545524,-2.185675520795656,12.366743,7.1480155,0.038160704,0.033800732,0.031091869,0.1688428,0.13135378
0,layer10_83463,layer12_88324,3101038508804350592,103.44654843310934,-6.178550526362099,3.273625551625841,-7.861316529923691,-2.0751864595403324,,,0.23482016,0.22493048,0.21920303,0.14762641,-0.01788998
0,layer10_83463,layer12_88324,3101039269018888192,103.47956923890013,-6.127478564950092,3.689948568464074,-7.549255498008401,-2.612752365364482,,,0.10959747,0.107939616,0.099297225,0.0639032,0.123178154
0,layer10_83463,layer12_88324,3101047996392703104,103.86250041579534,-6.11983544362448,3.4508681074110514,-7.349083045733835,-3.217777060740965,,,0.21623589,0.22078688,0.1931293,0.092385106,-0.014168076
0,layer10_83463,layer12_88324,3101049125963883520,103.77839984076046,-6.104458797481724,3.6390585510285054,-7.686443521217408,-2.409339727568701,22.152504,0.87900436,0.012327775,0.012648465,0.011693373,0.04793033,0.0930163
0,layer10_83463,layer12_88324,3101050676451974784,103.60149532305984,-6.129277910238488,3.3286355796961047,-7.365128233414333,-2.19748631743661,,,0.19495502,0.18898754,0.18814473,-0.048930984,-0.013866679
0,layer10_83463,layer12_88324,3101051707244064384,103.70913636966536,-6.095452940140491,3.458279107811342,-7.464812346199472,-2.1738630979285176,,,0.055616762,0.059005864,0.05524445,0.090053104,-0.004967
0,layer10_83463,layer12_88324,3101053871907962496,103.8826175886154,-6.110504386408782,3.519218039154158,-7.6654275714071805,-2.4095514275793533,,,0.055789657,0.06184223,0.05649007,0.10863671,-0.05820666
0,layer10_83463,layer12_88324,3101055796052846080,103.84782748684977,-6.020929029365056,3.4653336146624056,-7.649728089929371,-2.6768445376002505,,,0.06715443,0.07343242,0.063643895,0.10559222,-0.081188865
0,layer10_83463,layer12_88324,3101057200502386688,103.9363523354408,-5.989394081357487,3.5246790296754056,-7.375259310060473,-2.361883330517806,22.844978,1.5071013,0.012933786,0.014123156,0.012285417,0.044551164,-0.023935808
0,layer10_83463,,3101060361601150976,103.79497228300336,-5.918175068640906,3.921362569918224,-7.99967635535943,-2.645356638531477,,,0.11548339,0.13443993,0.12459698,0.16695897,-0.03843704
0,layer10_83463,layer12_88324,3101061362330373248,103.92715551144492,-5.896183137556794,3.6868701725352047,-7.432345552490547,-2.59577916802246,,,0.102262415,0.116960384,0.099654816,0.114250444,-0.06537919
0,layer10_83463,layer12_88324,3101065313700435840,103.62906498069316,-5.989184823333269,3.5343455488121007,-7.429191854934543,-2.584498475277184,,,0.10299082,0.11084351,0.11809262,0.087683745,0.19675928
0,layer10_83463,layer12_88324,3101073005980312960,103.66928747182769,-5.874163730902225,3.366004932698097,-8.068883732907924,-2.131927816885428,,,0.14368267,0.16089027,0.15424408,0.25742364,-0.009563902
0,layer10_83463,layer12_88324,3101074144153062144,103.8374783627828,-5.859915090083308,3.343437019776046,-7.132122079049718,-1.9804612608947687,,,0.05960832,0.06687839,0.058107458,0.120797426,0.010868277
0,layer10_83463,layer12_88324,3101074831347846016,103.76902053724176,-5.839503538538338,3.439011463070188,-7.461306420201296,-2.474019109193914,,,0.053646762,0.057356533,0.055858463,0.17757891,0.2295397
0,layer10_83463,layer12_88324,3101086513658746752,102.89516368995682,-6.103446513737588,3.5292726537668906,-6.792120753809117,-2.290804577650699,,,0.07114977,0.08230701,0.07453648,0.038357817,-0.09680559
0,layer10_83463,layer12_88324,3101087510090943616,103.08442933857891,-6.050743762068557,3.4144710101058173,-6.994725879532652,-2.2071256931409526,,,0.069095984,0.06456479,0.060250636,0.3198617,0.046692017
0,layer10_83463,layer12_88324,3101088953200869760,102.99779128862964,-5.988132123337183,3.61285286790064,-7.325124521448486,-2.4199843246968595,24.789654,7.133923,0.044841934,0.04205956,0.039951816,0.23993753,-0.033599712
0,layer10_83463,layer12_88324,3101091216643374080,103.28681218426884,-6.035440081355467,3.4570366141654203,-7.130359823405342,-2.301273483267166,28.050987,4.3512406,0.036539026,0.03329449,0.03127978,0.18442382,0.14103507
0,layer10_83463,layer12_88324,3101091220942535680,103.28833393909758,-6.033047785094065,3.494505696981605,-7.426170943641403,-2.351836983963085,22.52259,6.7199035,0.022567783,0.02072625,0.01938889,0.17923926,0.1251827
0,layer10_83463,layer12_88324,3101092148655412224,103.30574201918684,-5.970871206625531,3.5628485569015944,-7.554078269310303,-2.649339998087992,14.644438,2.3311584,0.022029988,0.02162781,0.019957066,0.13933887,0.07226961
0,layer10_83463,layer12_88324,3101092217374878848,103.30468827314446,-5.956179754869165,3.5447960077935416,-7.20510615957392,-2.669032686068944,20.163944,2.8714693,0.035016526,0.033864405,0.03071266,0.13064657,0.09787577
0,layer10_83463,layer12_88324,3101094072800870400,103.15896209606376,-5.988094044031803,3.603293320486949,-7.263949284424039,-2.668225036623651,,,0.14566033,0.1371226,0.13212459,0.33120424,0.02947532
0,layer10_83463,layer12_88324,3101095481550120704,103.10269949707715,-5.91717085047488,3.4960830613505003,-7.587942818750108,-2.321381842450802,,,0.08527618,0.05613733,0.05221523,0.2813676,0.018125731
0,layer10_83463,,3322527876315446528,91.31785603009467,8.242437725477568,3.1779526527740782,-4.263152932364863,-4.230628346934944,,,0.24921489,0.24284004,0.2131136,-0.08605186,0.3605829
0,layer10_83463,,3322574055802833792,88.94506392227184,6.5146026063702855,3.083114671382853,-2.7086864029527287,-4.218217130394142,18.973618,5.153459,0.0170562,0.020186506,0.015426832,-0.12757489,0.2641157
0,layer10_83463,,3322576632783997568,89.10616926484414,6.549497556722793,3.0568669265200223,-2.7412869276433804,-4.105761996441267,,,0.08912016,0.091621384,0.0763524,0.08408103,0.27635995
0,layer10_83463,,3322663769079455744,88.5482794485274,6.946981288893734,3.1187871299498227,-2.576259026415808,-4.127217732957644,,,0.083211295,0.096174106,0.07060682,-0.13835284,0.27198282
0,layer10_83463,,3322723318803355392,89.75743326834183,7.254980203914563,3.113225639491965,-3.320376622092532,-4.786210819457248,25.964117,8.429275,0.039541833,0.04334106,0.032363325,-0.1976626,0.33827645
0,layer10_83463,,3322790663890266880,89.43803805880997,7.452520764745803,3.131793970941396,-2.774808433395383,-4.387916948813059,,,0.124205574,0.09453307,0.08869252,0.025061686,0.60223824
0,layer10_83463,,3322863094219004672,88.41646721402961,7.228010871541944,3.1272246359966283,-2.2234180682526854,-4.219134328640548,,,0.100501195,0.083864465,0.07036141,0.14660805,0.4185453
0,layer10_83463,,3322863987572200448,88.38584508684767,7.258719738226349,2.9894843709358128,-2.594811688966468,-4.208895210276951,,,0.16447718,0.13209608,0.110126466,0.1797374,0.41794986
0,layer10_83463,,3322867217387712000,88.17795400848465,7.128152972107138,3.211619016229146,-2.9385499139098195,-4.351244850557444,,,0.056487113,0.07421109,0.050526228,0.020555628,0.19038191
0,layer10_83463,,3322930336224462720,88.16797442871658,7.494989331381503,3.0003663066608874,-2.724129554853384,-4.223550155752315,19.934643,5.2841377,0.0234138,0.02314555,0.018476907,0.03218199,0.4873809
0,layer10_83463,,3322930336226972800,88.16786119627545,7.495282401094298,3.034396306839122,-2.2119687300496658,-4.365634586171265,35.087955,5.1585755,0.025791733,0.026188238,0.019731916,-0.08007745,0.3755031
0,layer10_83463,,3322971529257484928,88.36796900511321,7.380539625390006,3.0237292992381883,-2.627697509028899,-4.45154703513014,,,0.1452648,0.13444744,0.11318401,0.123523474,0.2891915
0,layer10_83463,,3323048842965644928,87.99026226932135,7.859636666487268,2.948095168039336,-2.281813485952986,-4.289624887015559,26.236427,5.7413597,0.01410653,0.015240237,0.012398298,-0.045821413,0.19813156
0,layer10_83463,,3323048842965645056,87.99370031552843,7.856541260280685,3.003718054374273,-2.4092745968762266,-4.696653308574041,,,0.09250713,0.09437313,0.08121022,2.7143633e-05,0.27202222
0,layer10_83463,,3323063789452046592,88.55210873324988,7.951229139836288,3.0414236036964577,-3.371015800174813,-4.373927149879588,,,0.07994964,0.09706023,0.07279182,0.060585525,0.19067821
0,layer10_83463,,3323087772549009280,88.74506603133433,8.247430675511106,3.1383356153428434,-2.7148342390484803,-4.809081829113642,,,0.057359297,0.0464009,0.037836514,0.09640606,0.4108483
0,layer10_83463,,3323139582735705472,90.51013729321798,7.759609531978811,3.00056091428915,-3.388710024325661,-4.610253354538005,22.476,2.9290202,0.018934606,0.018196622,0.01414071,0.09578156,0.23462194
0,layer10_83463,,3323166245894666112,89.73347222317419,7.588655634022619,2.992095429442436,-3.421650678087297,-4.625985299567321,,,0.13438733,0.12925324,0.10590471,0.3164913,0.073051095
0,layer10_83463,,3323195593407359360,89.58551248678071,7.932618919532217,3.2349116922182004,-3.006807347377229,-4.557347178665616,37.043007,5.106847,0.013954673,0.017004127,0.013753492,0.23054636,-0.13281384
0,layer10_83463,,3323197758070852096,89.66841355205261,7.991890797080841,3.1568392870158526,-3.0185799498361527,-4.5043256451741644,,,0.050852597,0.05320378,0.040872864,0.32620212,0.10088256
0,layer10_83463,,3323200605633452416,89.94053608848606,7.869760702748549,3.250586488283492,-2.8863072907550245,-4.574654429089052,,,0.123192854,0.13575347,0.10297599,0.3096642,0.2602982
0,layer10_83463,,3323235961803384320,90.70669173424432,7.8669192243375425,3.1558987512930927,-3.538825996794751,-4.550401940062307,,,0.15015456,0.14274837,0.12033175,0.18590483,0.24320729
0,layer10_83463,,3323315676398247168,90.6133562379228,8.319565113697616,3.089776058943211,-3.768535279227004,-5.041763072914228,,,0.104870856,0.118304476,0.09538883,0.19219813,0.03650363
0,layer10_83463,,3323394948610699776,89.19988835346325,8.037141081097698,3.2032864386922832,-2.812738235462932,-4.528526466584173,26.432049,1.1554581,0.014108913,0.014172897,0.0112160975,0.053364243,0.22471443
0,layer10_83463,,3323450783185299968,88.89494091763476,8.244502669621053,3.142586065277741,-2.79610089434704,-4.430851164466023,,,0.16136615,0.13571061,0.11659078,0.012503107,0.38690773
0,layer10_83463,,3323485933197480576,89.22461156479996,8.542700283687513,3.0206508521852493,-3.091376537863637,-4.852504415745373,,,0.039214376,0.05282284,0.037127767,0.3762626,-0.10589793
0,layer10_83463,,3323495141607290752,89.36433002564897,8.69872850000796,3.087485812032553,-3.731898784107027,-5.207864091172996,,,0.19757803,0.19919857,0.15734576,0.119208656,0.28289023
0,layer10_83463,,3323946280676059776,94.93410290444402,5.62969570753357,3.0753545284424533,-4.665458177099407,-4.181979248703373,28.101034,4.5593405,0.016572325,0.014721815,0.012265841,0.40077886,0.21709266
0,layer10_83463,layer12_88323,3020404350410107264,95.25323524542576,-4.97666100793599,3.095207045618825,-4.402295083964666,-1.5985953772294232,,,0.053498138,0.052691597,0.057640582,0.07713268,0.27373633
0,layer10_83463,,3020477364853721728,94.87294484608644,-4.671140860276037,3.187254882354967,-3.895192683850439,-2.532297184623668,59.82233,10.309796,0.03116665,0.03055951,0.030280016,-0.018880313,0.3111565
0,layer10_83463,,3020554674264962560,94.1365752958099,-4.790172904573674,3.037119030941268,-3.8975825769604207,-1.2325564167059992,,,0.09706125,0.09348348,0.09097531,0.06413142,0.20869201
0,layer10_83463,,3020726984055940096,93.83075653988011,-4.253811525555282,2.989668108838466,-3.697466446627936,-1.5300325678562214,,,0.09762289,0.08993963,0.08650114,-0.04504709,0.33738002
0,layer10_83463,,3020732829507918208,94.00119553198444,-4.209593107075338,3.0494151743754,-3.979213008097332,-1.717851631605304,26.272547,3.113265,0.025844837,0.023896275,0.02303673,0.07219369,0.19804491
0,layer10_83463,,3021443178441302144,92.40200351076966,-4.20498933621132,3.31196506665349,-3.622708942936025,-1.373714712171343,,,0.0912714,0.10135442,0.10137033,0.18939778,0.09634384
0,layer10_83463,,3021520973186911232,93.43976621107046,-3.813173579749008,3.325673429239998,-4.031423591173686,-1.2558351104729382,41.65742,0.54713404,0.01540645,0.014314553,0.014745445,0.011809561,0.1948697
0,layer10_83463,,3021601061440762368,93.63533991187124,-3.476535417831336,2.976836817272609,-3.481657038894341,-1.3878917118570815,,,0.23477703,0.28888458,0.2489451,-0.04963515,0.114564024
0,layer10_83463,,3021893226592803840,93.0695939173643,-2.637980904396905,2.694190550759414,-3.827119487327521,0.2283817623077854,,,0.1117116,0.11416878,0.10550045,0.085237026,0.19774823
0,layer10_83463,,3024235598675617664,90.32916416391802,-4.005633892125824,2.6188072596613368,-2.623924734710771,1.874182780998024,,,0.09214147,0.091171965,0.0858863,0.09021443,0.21294133
0,layer10_83463,,3024444295429091072,90.60298725992436,-3.1883112493821604,3.245011825327214,-3.695565329601214,-3.411928068701019,-4.384974,1.9993659,0.015893433,0.013994002,0.014168736,-0.015409216,0.38046905
0,layer10_83463,,3024606752568996864,90.14442328475866,-3.174356483214876,2.639820943444456,-2.2893152100126706,1.5933473288528446,,,0.07794519,0.08321899,0.07558932,0.09221048,0.23851418
0,layer10_83463,,3024802804940683008,91.16365971277774,-3.184741125046948,2.6507996822313245,-2.35734636057086,0.919099752966183,,,0.11177161,0.12481317,0.12002673,0.09312821,-0.06594478
0,layer10_83463,,3024841910619235328,91.33953326707592,-2.79857846219087,2.6790753033680423,-2.144488016297508,-0.3086010406288875,,,0.036899272,0.039829694,0.036055263,-0.07085725,0.19631475
0,layer10_83463,,3024921693932276352,92.61815216916835,-2.353741777375648,2.742268871415306,-3.66105332101599,0.3356598801159177,,,0.06975997,0.07871909,0.07507505,-0.0059639346,0.20114544
0,layer10_83463,,3120265947814881280,96.43923083850112,0.2284589845971013,4.5184865026570735,-6.861656813330968,-4.452853787412931,,,0.0571473,0.050855484,0.046544388,0.059931643,0.19188415
0,layer10_83463,,3120270895617164928,96.39685591780167,0.3471669939097696,4.690345749563387,-7.2321965286838035,-4.799608783983143,,,0.20276847,0.17931849,0.16674821,0.17702042,0.0928769
0,layer10_83463,,3120272544884570880,96.43851739950507,0.3760286406348694,3.722414475965336,-5.144698581863654,-3.526439468786631,,,0.08794164,0.089842975,0.08337726,0.1467092,0.1410078
0,layer10_83463,,3120273644396437376,96.131016062881,0.1893620855395963,3.22225967736292,-4.783991373824128,-3.047133549458602,,,0.062043622,0.06421189,0.052963823,0.12409423,0.13689032
0,layer10_83463,,3120300307553860608,97.25961421611382,0.2126253437947488,3.4907617274998866,-5.144480083948227,-3.219954027506449,,,0.09032674,0.093107775,0.07731285,0.07801344,0.017850028
0,layer10_83463,,3120380945562539520,96.4910875971416,0.5828398071572167,4.772985185302333,-6.090537190910951,-4.672214203228331,,,0.048994724,0.05589072,0.051221665,0.086066276,0.13203649
0,layer10_83463,,3120385725863059840,96.49174422622106,0.6351653652356889,3.6062232501052778,-5.319120497020707,-3.680408540661702,31.674875,6.8638105,0.02885848,0.03288436,0.02872455,-0.020956865,0.17360064
0,layer10_83463,,3120410189996444160,97.17063535058828,0.8715529481283081,3.465836289476824,-5.654558714944502,-3.678936975598362,,,0.034642044,0.039023466,0.03328608,0.13329579,0.0812519
0,layer10_83463,,3120422280328382080,96.86881135555748,0.9836178566873952,3.4161955917046987,-5.518392106843256,-3.8289370794329134,,,0.073246874,0.065253064,0.057355195,0.2726352,0.12011271
0,layer10_83463,,3120994649146021888,92.81115631375756,-2.3550311844849285,2.7778315754146514,-4.296179318811844,-0.6509079147012661,14.744192,4.44503,0.06978687,0.063464,0.05683805,0.030990357,0.24212997
0,layer10_83463,,3121002448806553728,92.78142946093548,-2.1669598152419423,2.6480403874024345,-3.768204335007789,-0.023090234168981,20.530016,2.480689,0.01796778,0.018570146,0.01765395,0.08603581,0.15297455
0,layer10_83463,,3121016806879889024,92.52794027567468,-2.136178546381028,2.6475080592811,-3.6761194641171615,0.0379498230558449,,,0.12668113,0.12464898,0.113716744,-0.007677016,0.17303714
0,layer10_83463,,3121025985227227648,92.76034184664468,-1.947110111498617,2.7827283230454185,-3.1715503466072748,-1.3470865307489828,94.763084,2.1772735,0.014400817,0.014489248,0.013457234,0.05961787,0.2034295
0,layer10_83463,,3121027222177788416,92.74705884324032,-1.8958942219271984,2.8349932214386,-3.9806548924474447,-2.7189212229834308,51.274605,3.376011,0.019373458,0.01808775,0.016752653,-0.0017241859,0.31658074
0,layer10_83463,,3121046051315094016,93.36362899261484,-1.7005016579852814,3.195172632395729,-3.733152373577005,-2.310999683808397,24.923586,2.318633,0.029867062,0.028491635,0.026644206,0.117466,0.2946995
0,layer10_83463,,3121052236067195008,92.90744614956212,-1.7996552675057782,2.6624216043336792,-3.316143810231972,-0.3073400948936616,,,0.040005945,0.036567066,0.03325902,0.06880269,0.17341863
0,layer10_83463,,3121067251272549888,92.5713482158774,-1.9955949285318333,2.653310064462752,-3.715263555007672,0.15107752048352,15.743611,5.425823,0.022146761,0.021240069,0.01995821,0.0073265852,0.33597127
0,layer10_83463,,3121070167553466880,92.40771371531902,-1.9445741369064795,2.664134165510523,-3.738436919534405,-0.0219171297899688,20.438457,3.2916675,0.018500088,0.020029027,0.019497149,0.048206776,0.15240973
0,layer10_83463,,3121112773628721280,93.09632694914586,-1.474754241248432,2.78459301755183,-4.146625126650667,-0.2105175228649593,,,0.15978247,0.16234078,0.16494496,0.057662643,0.3304469
0,layer10_83463,,3121130748068668288,92.91016255856452,-1.2965316851953714,3.200632691299232,-3.352943818324868,-2.1945292613604104,,,0.07114857,0.07361034,0.068626255,-0.06101311,0.1703026
0,layer10_83463,,3121132912732265088,92.69943562104002,-1.2979277296834797,2.8146278248652954,-3.894271766923688,-1.9170420932129968,,,0.081029706,0.08877599,0.075687364,-0.16609862,0.19341889
0,layer10_83463,,3121138513370019840,93.6359152491857,-1.6159728559906743,3.261486256162474,-3.8900782155163,-2.3968995772647914,,,0.14401886,0.1279317,0.116490334,0.21882676,0.1612774
0,layer10_83463,,3121138513370020096,93.63634541174008,-1.6169243318986604,3.407767558202873,-3.884041827132872,-2.6132436383493056,14.861884,6.042351,0.01836293,0.017339496,0.015680024,0.15324123,0.22124897
0,layer10_83463,,3121141468307580800,93.45307688139988,-1.6116472715086811,2.770557381509905,-3.0195473791507754,-0.207021573128479,,,0.03149675,0.027735177,0.028704643,0.1673723,0.40876988
0,layer10_83463,,3121164381956126592,93.60763404826425,-1.348886741390687,3.2924764010589778,-4.071962197077486,-2.3681804758774727,,,0.12377207,0.13456674,0.11784461,0.17761892,0.038243312
0,layer10_83463,,3121164588116313088,93.67539627515194,-1.3466555123902009,3.637284536877092,-4.416626983843943,-2.84864501569521,,,0.07569912,0.0741216,0.06557998,0.25916228,0.062892534
0,layer10_83463,,3121173418568597760,94.00507759661734,-1.3412281317867287,3.703619372070039,-5.423966882353002,-3.749288854259181,,,0.098026335,0.08129316,0.07517632,0.2220709,0.09768561
0,layer10_83463,,3121190946330892928,93.84531450976908,-1.2034515622569868,2.998635455182995,-3.6667286457973938,-1.9551459298880591,,,0.10338899,0.10297451,0.105981216,0.14612557,0.34757015
0,layer10_83463,,3121228084909452672,92.9071549750061,-1.2120167385912215,2.826442354289946,-4.233134680101675,-0.6733364474183685,22.158476,2.0761728,0.02447477,0.026674435,0.023292657,-0.21737425,0.1498685
0,layer10_83463,,3121228192286747008,92.94339871172228,-1.220324302176688,2.831492574350165,-3.951671449621088,0.0715380541381862,,,0.12574491,0.1255567,0.121397614,-0.08196497,0.24287695
0,layer10_83463,,3121241107252351360,93.4923514357867,-1.1675482458173965,3.592624688983596,-3.394801582373105,-2.4387097424136965,,,0.33692315,0.41633797,0.3333661,0.34373906,-0.110912755
0,layer10_83463,,3121243413651054592,93.58576182197736,-1.0743617833495862,3.4235638013965057,-4.143344753778544,-2.820730094791546,,,0.059130173,0.059798963,0.052327987,0.26481774,0.11675008
0,layer10_83463,,3121276364639668352,92.07784459112784,-1.7548696010400804,2.681989216183159,-3.772144834188176,0.0562497342386118,17.838814,2.9276476,0.044095952,0.042960215,0.045213398,-0.013438266,0.36577052
0,layer10_83463,,3121297873835812864,92.01492260942226,-1.449121277217323,2.650826247080451,-3.513624903276545,0.0426415671480681,,,0.04994924,0.05045688,0.05222255,0.057500955,0.1812422
0,layer10_83463,,3121304264747105792,92.11543619563145,-1.385086999530358,3.224707736724727,-3.6726566140497954,-2.1858286415953283,,,0.11695044,0.10466879,0.097236864,0.2106353,0.23756796
0,layer10_83463,,3121328793303178240,92.29006701253454,-1.3356643434214748,3.6103032205403687,-3.1613954679451544,-1.9005953374866715,,,0.16402291,0.17454559,0.16349906,0.15851964,0.1579633
0,layer10_83463,,3121469049754755072,93.33749050063268,-0.5018887801928102,3.217029693733146,-3.869340807189924,-2.7314746286577583,19.85442,2.1355,0.056690246,0.054250136,0.046002053,-0.12154078,0.32137775
0,layer10_83463,,3121492556113852928,92.40603072393684,-0.7215743393203855,3.608024245181963,-3.092009714952228,-2.799559325413592,-1.376514,3.400101,0.025250403,0.022730503,0.022946488,-0.0480397,0.38783336
0,layer10_83463,,3121495987791613696,92.62958563972217,-0.7254701340089378,2.800879698907134,-5.02899531947569,-2.391746979933812,,,0.06375583,0.0690277,0.06364785,0.12059338,0.025216939
0,layer10_83463,,3121501317846903936,92.60497166163717,-0.5764067251264176,3.2742218079023004,-3.589447317060185,-2.7007401248733016,7.36784,7.323309,0.031970177,0.030470496,0.029292917,0.19372776,0.11865782
0,layer10_83463,,3121503345071393280,92.6527238876294,-0.5297537325709369,2.812111088089218,-4.01831962931767,-2.293755724966443,,,0.047491293,0.046672583,0.043268844,0.16316369,0.1569882
0,layer10_83463,,3121582917930907520,94.0287146484696,-0.8305489527703894,3.0708993445178923,-3.955530680606271,-1.638199467714311,6.7979054,6.235955,0.019421171,0.02056877,0.018188814,0.12027622,-0.01741614
0,layer10_83463,,3121583781219267072,94.05596608220904,-0.7680077011759754,3.0612957888768024,-4.257954491739616,-2.3530196857129195,,,0.12291861,0.13637921,0.12041787,0.3392809,-0.23207371
0,layer10_83463,,3121610233920541056,94.7372521041814,-0.4561919664100305,2.9076186431264524,-4.498430915185926,-2.759603587211606,,,0.10225139,0.10569373,0.08971359,0.18431097,0.1630211
0,layer10_83463,,3121637721713014144,94.09482699881904,-0.6441465055177925,3.650871748856361,-3.684764122394823,-2.514888572674681,,,0.1983838,0.18878175,0.15743941,0.34218135,0.25526455
0,layer10_83463,,3121658234476407040,93.98015565963206,-0.4219063547714157,2.861942128022381,-3.453631934571185,-2.8401004179205787,,,0.2417829,0.2520774,0.2076894,0.20631017,0.11225894
0,layer10_83463,,3121665248158733568,94.30064414710723,-0.5104750596136113,3.789970855705993,-4.485249133097359,-3.2814098290925675,,,0.106160186,0.11280775,0.096526265,0.0051815496,0.03992965
0,layer10_83463,,3121671398551856128,94.22219872807224,-0.3444206101803252,3.262602520525316,-3.27532205308769,-2.8978796413530428,,,0.056189135,0.05701703,0.052657273,0.22926626,0.16378807
0,layer10_83463,,3121677029252165888,94.37173542026372,-0.2914240407534236,3.3179094969101475,-4.32477477780676,-3.5073902848528906,,,0.12331479,0.107519224,0.10227127,0.17762001,0.3698306
0,layer10_83463,,3121686134584065280,93.91206003302484,-0.3339150125266901,3.6801687902910194,-3.613562506585839,-3.1033119173439343,,,0.21487829,0.22860177,0.1864633,0.17246756,0.00073695485
0,layer10_83463,,3121690429548924160,94.2747169387792,-0.2044518546001462,3.359115851756356,-4.390931423128253,-3.094781537151184,23.063076,4.380878,0.013524802,0.013083623,0.011551158,0.006119124,0.2546618
0,layer10_83463,,3121691602077697664,94.2265512839918,-0.1604231564699691,2.831485157558376,-3.446141512364693,-3.2609903798895026,,,0.11745224,0.12947406,0.11395226,0.017059302,0.30981553
0,layer10_83463,layer12_88322,3121697202715871488,94.17085123172149,-0.0911359908019315,3.1009385133406706,-3.909832737137952,-2.7223630660571945,31.707262,9.845206,0.06276544,0.068644404,0.059421938,-0.007178969,0.1350442
0,layer10_83463,,3121700703112096640,94.99523152837055,-0.497039028741555,2.9210971776306187,-4.829549562655015,-2.543616597683416,,,0.21312888,0.21426658,0.197928,0.19535235,0.15513392
0,layer10_83463,,3121719188651404160,94.77446051173648,-0.3192981529069276,3.3649762650232606,-4.392198237698815,-3.371992992610444,,,0.28671107,0.26642337,0.22315428,0.271877,0.082699105
0,layer10_83463,,3121720773496247552,94.70646491389338,-0.3267900356738867,2.9194177943315536,-4.345409146975914,-2.6999881836741766,21.955624,6.1742578,0.022779848,0.026507797,0.019925479,0.0052630184,0.10754284
0,layer10_83463,,3121725893097131136,94.9115569689272,-0.2163379606694233,2.986474389801693,-4.2456125342930005,-2.58227198670453,25.799356,4.672938,0.019079158,0.019366508,0.017026475,0.18978295,0.13424352
0,layer10_83463,,3121730222424188928,94.78528544205928,-0.1538027637666476,3.0563383594375506,-4.272405350245852,-2.6540766515096386,,,0.031018477,0.03753847,0.0315862,0.27072695,-0.0012422785
0,layer10_83463,,3121753002930564992,95.05926594878412,-0.0364441568317512,3.0346145205942285,-4.525585450549911,-2.4864468881409216,12.509229,5.3139777,0.14007224,0.1371423,0.12497986,0.254212,0.15329239
0,layer10_83463,,3121753415247846528,95.1999146146508,-0.0310041907088606,2.884072169109396,-4.70557288406824,-2.619844029286309,,,0.06559429,0.0689153,0.06521426,0.14178547,0.18219256
0,layer10_83463,,3121758328689927040,95.17122496846456,0.077195897082909,2.9935408756322675,-4.187245413329628,-2.635853535649511,,,0.10250697,0.103823595,0.09736058,0.18415312,0.16685623
0,layer10_83463,,3121759393841824768,95.11386795888002,0.1058011827244358,3.013892164943129,-4.561600375745129,-2.9548306511795013,,,0.080421306,0.08288882,0.07598768,0.08839081,0.25782186
0,layer10_83463,,3121761176252338048,95.1999144918258,0.0626451485091595,3.778097751649228,-4.913498133845455,-3.5342290792342284,,,0.06731222,0.06792138,0.06397427,0.112429276,0.2260562
0,layer10_83463,,3121771003136954880,94.66676991104345,-0.1932692378615745,3.032224385724296,-4.063355024951928,-2.506460169103029,,,0.18317692,0.17871273,0.15677357,0.19630042,0.019166313
0,layer10_83463,,3121780009685001856,94.838431506523,-0.0247196894442414,2.870524174317684,-3.9397263104127584,-1.6451428215012942,,,0.13500218,0.14095604,0.12481862,0.1102157,0.004287931
0,layer10_83463,,3121790764282810240,94.33644908196912,-0.0422921248688975,3.374008711492442,-4.1693460420744906,-2.944046212781149,28.230633,2.9085493,0.02026295,0.01796925,0.016089633,-0.040985826,0.30392924
0,layer10_83463,,3121793856658668928,94.44160965675538,0.0979364229874446,2.899773713317872,-4.12466330261465,-3.203272778341728,,,0.24065965,0.1959491,0.19822559,0.39730027,0.052773602
0,layer10_83463,,3121795815164714880,94.58427452542716,0.0631375045590018,3.6014605775874307,-4.572015054052032,-3.3564860416514843,,,0.04390517,0.04381052,0.03632273,0.17743148,0.0015441711
0,layer10_83463,,3121803030709377280,94.49449974130496,0.2247408670046511,3.464384118079283,-3.930265463151141,-2.264154427006768,24.513386,2.0581348,0.066694446,0.063181706,0.056325898,0.30720437,0.13663317
0,layer10_83463,,3121829453348164352,94.683249029312,0.3794444355385761,4.680623613434812,-7.042888214720442,-4.866582948616894,,,0.058844946,0.056620333,0.049584676,0.136024,0.25645652
0,layer10_83463,,3121829861369039232,94.77041675755692,0.4268913976896237,2.8983973801891088,-5.319609534863412,-3.0333122586772614,29.003143,1.7110261,0.027453342,0.026236992,0.023065284,0.17718926,0.2260429
0,layer10_83463,,3121836458440104192,94.85305633875696,0.4945456815608025,3.412279821416917,-4.736004157987669,-3.275403686023369,,,0.06912461,0.06827874,0.065066434,0.11910342,0.2736291
0,layer10_83463,,3121852199495523584,93.61738056918016,-0.356236299113947,3.2393929217087,-4.343243585067032,-3.0462389579257945,,,0.07800365,0.08145062,0.07964125,0.16645436,-0.031335585
0,layer10_83463,,3121884566368945408,94.00511314659758,-0.0461077129925699,4.834242570624974,-5.8647135190929705,-4.460427177928417,,,0.056183014,0.056316253,0.050306957,0.12422988,0.19019799
0,layer10_83463,,3121887688806949120,93.92315692742282,-0.0457560745713025,3.7132668125343233,-4.7595608828035445,-3.492423173934703,18.968166,3.7339592,0.01688613,0.018282814,0.015645815,-0.03686221,-0.026746485
0,layer10_83463,layer12_88322,3121905796392327168,93.81444296053093,0.1547507096652096,3.120146055457901,-4.079246549368496,-3.072204313090797,,,0.17334849,0.18910284,0.15527497,0.09206628,0.13473499
0,layer10_83463,,3121905968189469696,93.81259959152956,0.16701844842832,3.232629951167465,-4.074660654770974,-2.907636195432804,26.283731,5.9212384,0.013281002,0.014425443,0.012458157,0.09446114,0.14386095
0,layer10_83463,,3121930814576587008,93.08681783478627,0.0180634499790654,3.4444988355117143,-4.205550462420926,-3.143341352259838,,,0.07294456,0.073931806,0.06374539,0.074825555,0.19506879
0,layer10_83463,,3121935758082707328,93.17187955117134,0.0205027505203463,2.842567107159071,-4.3324937441967615,-2.82720995514459,,,0.1470108,0.1331204,0.117148116,0.14528464,0.15653744
0,layer10_83463,,3121942703045534208,93.1430518933892,0.1930160806159642,3.290826476916396,-3.899303363777423,-2.796820203809968,,,0.1333258,0.14465828,0.121901594,0.23222986,0.13282594
0,layer10_83463,,3121952285117374336,93.46488601292376,0.2107881935371436,2.867487421881315,-4.636318077072959,-2.8113176928049226,24.829935,5.1098237,0.027712861,0.027453171,0.024415232,0.34198606,-0.026161801
0,layer10_83463,,3121972557362373248,93.52542839609744,0.381635907878448,3.539445282993224,-4.609303327917415,-2.7097697977612323,18.133717,2.878022,0.016902406,0.017388944,0.014463666,0.100597836,0.121674865
0,layer10_83463,,3121972557364146176,93.52346788995624,0.3815754394450903,3.4941075708175133,-3.7711682201124415,-3.0525782269900668,,,0.14522839,0.15515086,0.13728549,0.11957072,0.15305531
0,layer10_83463,,3121980223881083264,94.21193851152536,0.0623757188926913,3.388823196760401,-3.926929216365532,-3.005907703269171,55.08924,7.024263,0.026663445,0.028536806,0.024911545,-0.16116166,0.2686001
0,layer10_83463,,3121989226132438144,94.47908378824194,0.2257557331918261,3.389200694239971,-4.21292126268071,-3.3443467124325013,,,0.09476399,0.101657905,0.090792455,0.22018762,-0.055460975
0,layer10_83463,,3122013204933733120,94.2091432840286,0.5136999348801996,3.4116720940705307,-4.249191746814797,-3.1667310365860604,,,0.069730684,0.07503518,0.065516464,0.3616623,-0.12574933
0,layer10_83463,layer12_88322,3122018599411580416,94.61282509913116,0.4573327304629581,3.128174604134575,-3.9902448537478232,-2.781627991416594,,,0.12963462,0.14658523,0.12337374,-0.0014278037,-0.0005231686
0,layer10_83463,,3122028804253951232,94.74465664533696,0.5973667872377195,3.663444750190105,-4.824453075988835,-3.437793829616138,,,0.23342808,0.25913894,0.21382126,-0.09318396,0.076469585
0,layer10_83463,,3122034164371575936,94.41343880865082,0.5404260949555599,3.3058442496516625,-4.141314370205905,-2.90318421257808,26.927692,2.3412097,0.014761457,0.017101584,0.014910171,-0.0040249308,0.09432258
0,layer10_83463,,3122034782846866176,94.48322716388108,0.5506225538871059,3.4156563816875125,-4.535318814292448,-3.3197592209795896,24.789913,9.37588,0.013133286,0.015034774,0.01265959,-0.004244751,-0.07400402
0,layer10_83463,,3122034787143455616,94.48354836971836,0.5496902094914511,3.4847780180817463,-4.42773782764391,-3.4935743959401524,,,0.09637969,0.100786366,0.10348036,0.076667406,-0.16509812
0,layer10_83463,,3122054986374852352,93.7731121859663,0.441152613570433,2.810648900186252,-4.06381331064781,-2.548440910413849,12.140066,33.014236,0.01592955,0.016558038,0.01478145,-0.05442116,0.25409406
0,layer10_83463,,3122075709593574656,93.62310378255548,0.6710115057835085,3.48007919268926,-3.991407038187489,-3.0776993392388263,31.459377,5.169891,0.014180471,0.014659206,0.012781136,0.032961063,0.2890589
0,layer10_83463,layer12_88322,3122084746205225600,93.88260233831323,0.8349688867521824,3.063605529330138,-3.833549483279012,-2.9093733701996354,,,0.04124934,0.04576894,0.04074239,0.16062686,0.10399203
0,layer10_83463,layer12_88322,3122091308914564992,94.1331823504626,0.7610155025825373,3.0892519100433304,-4.232395500272727,-3.371899020881219,,,0.10292445,0.10380453,0.08877381,0.15251681,0.06236929
0,layer10_83463,,3122097184429631360,94.50318405191612,0.9043800431697786,3.444403098156532,-4.369537169999456,-4.276109913541473,53.571392,1.2723283,0.015384031,0.014882017,0.012901329,0.17199092,0.14767423
0,layer10_83463,,3122104361320103680,93.99654270530267,0.8363467791832816,3.6005821580355666,-4.367928067388647,-3.556015894803278,,,0.083668396,0.090425365,0.077379726,0.27833918,-0.0551982
0,layer10_83463,layer12_88322,3122111581160949248,94.0372644393702,1.022264224986606,3.003446844398052,-3.8192613230497297,-3.0148301443605603,,,0.18907331,0.23143536,0.210931,0.2971996,0.15727034
0,layer10_83463,,3122629343761704448,91.2589891826911,0.6801474078687448,3.4527095763848634,-3.776014943242164,-2.264455154495684,,,0.14036347,0.1392233,0.13558878,0.043366026,0.28348225
0,layer10_83463,,3122688927844810240,92.6914122616246,0.1301786354539348,2.8706878835130563,-4.498793449701726,-2.161220731730237,44.184658,2.26034,0.01374157,0.014866781,0.0125767775,-0.12327431,0.18766226
0,layer10_83463,,3122697685279358720,92.8529652695002,0.2755260576154473,3.353147725423728,-3.759950387379842,-2.9699875548440886,26.838657,2.3443348,0.0150937345,0.014149471,0.013239438,-0.09370173,0.23562574
0,layer10_83463,,3122726757916805888,93.10217674696923,0.5439037553559736,3.34409995875859,-3.677665774805533,-3.056775111094829,29.7911,3.2794886,0.018281056,0.0187876,0.017406944,0.1269496,-0.12980841
0,layer10_83463,,3122754997322821888,92.43081885691242,0.3650180082097896,3.260955933899664,-3.685009019280934,-2.967407413217077,,,0.07401121,0.07920907,0.06722549,0.06724262,0.2551178
0,layer10_83463,,3122768157105081216,92.50033557862136,0.5882989147148778,3.344846127070088,-3.749873923419611,-2.519781967174053,,,0.13373269,0.10709913,0.097336486,0.12920086,0.149717
0,layer10_83463,,2953796691917204096,99.83074538978204,-10.907037576824251,3.012150683410676,-5.275791992748032,-0.7118612998462222,,,0.10093833,0.102535985,0.10588742,0.092872314,-0.056119062
0,layer10_83463,,2954130153179226240,101.01138268185682,-10.75435473195841,3.071275615234456,-5.014967806146444,-0.1346505212094478,,,0.07643911,0.072112866,0.08747683,0.09079114,0.136095
0,layer10_83463,,2954285287399184256,101.70024528169476,-10.045182778768726,4.476796144130291,-8.002630626228111,-2.969074415917039,,,0.039915033,0.040913783,0.042954944,0.0027594003,-0.0093599055
0,layer10_83463,,2954357752086546560,101.23021722771692,-9.74211515160632,3.1047618414436235,-5.248426791864694,-0.7864111075046314,,,0.08147399,0.075860485,0.07173769,-0.10135666,-0.09834706
0,layer10_83463,,3052130792793777920,107.2490117758376,-7.105363645296224,4.141943124586797,-9.063798708686216,-2.8524036970380338,,,0.059787884,0.06483568,0.058605496,0.10593411,-0.050884407
0,layer10_83463,,3052134984681853824,107.17762273968052,-7.043688894087725,3.3891595054076635,-8.014432763994327,-2.2647984692333685,,,0.07209294,0.07240706,0.063893475,0.32387993,-0.106256746
0,layer10_83463,,3052172883465051776,107.5315605752946,-6.674798228776911,3.724431086051884,-7.897327455889157,-2.133330940960565,,,0.2784483,0.36515012,0.3744018,0.032725453,0.09201713
0,layer10_83463,,3052172883472797824,107.5309694373632,-6.67537647962241,3.31813141724364,-7.799708896133654,-1.811277343779501,-25.166082,6.929715,0.085551485,0.08785918,0.08770096,0.043685164,0.021957578
0,layer10_83463,,3052205834463726976,108.16082492404315,-6.743344546122731,3.335138002008551,-8.002290438883826,-2.2506440418909124,,,0.06052039,0.05621217,0.050267328,-0.035187423,-0.06499303
0,layer10_83463,,3052330457235844608,105.65032094346304,-8.035987050316768,3.6155077207816704,-7.852096490330694,-2.14902582082008,,,0.085339345,0.081413746,0.082793325,0.2804617,-0.13094437
0,layer10_83463,layer12_88324,3052349247709937280,105.4213117882869,-7.831568044243456,3.331711243811398,-7.332552946680211,-2.237719733584502,,,0.13326271,0.12723517,0.13266683,0.14110547,-0.20158711
0,layer10_83463,layer12_88324,3052393163757917184,105.08604877941067,-7.837663149471898,3.2857465650356,-7.277341793270648,-1.936680173209612,,,0.09050291,0.10162191,0.10550207,-0.2802549,0.19674645
0,layer10_83463,layer12_88324,3052538299291763712,106.05252701123418,-7.166286908820622,3.425300279734984,-7.440782243138749,-2.2104804709967847,,,0.1726249,0.15991692,0.14669529,0.12277493,-0.21593401
0,layer10_83463,layer12_88324,3052549672364637056,105.53793707294524,-7.147874148678125,3.410305880427732,-7.515267929529034,-2.2772216225623763,,,0.051004577,0.050470132,0.046709828,-0.17085885,0.02055305
0,layer10_83463,,3052597363683025920,104.74190358098724,-7.720470825285663,3.2074749789109034,-7.072021175242895,-1.965253606425828,,,0.11215498,0.12784497,0.12256656,-0.11360045,-0.08998512
0,layer10_83463,,3052598806791998336,104.84043726544306,-7.657913580434849,3.141484915471296,-6.9322744484386325,-1.7119148512641469,,,0.08151788,0.086488605,0.07951387,-0.14306086,0.014937735
0,layer10_83463,layer12_88324,3052611245017217792,104.83784255523268,-7.449920821044289,3.933473704176083,-8.276547017363086,-2.474804888821188,,,0.034297306,0.03705178,0.03490127,-0.017541774,0.10809174
0,layer10_83463,,3052637251035787136,104.99592831122588,-7.313480989816672,2.794128239082475,-6.502569466223987,-0.236144567462631,,,0.26529482,0.26377323,0.30516487,0.22991121,-0.036224175
0,layer10_83463,layer12_88324,3052654229049003136,104.86858363863814,-7.1685017315615776,3.846836705027735,-7.9307311252500945,-2.392518312256958,,,0.033387616,0.035091035,0.041852023,0.12174663,-0.19788179
0,layer10_83463,,3052665086725890304,105.17550124900826,-6.944964672009116,2.7535599224622045,-6.799945727363946,-0.8928093232290093,20.231573,1.7505907,0.020392094,0.018660223,0.017211003,0.10942411,0.0024715061
0,layer10_83463,layer12_88324,3052670653004313216,104.4995190865096,-7.295294872709697,3.5637659865137445,-7.994090719704683,-2.446597132455954,,,0.086406454,0.09164817,0.0801394,-0.1563279,-0.05060042
0,layer10_83463,,3052680067572570624,104.47995680626175,-7.203072246112224,3.230683667976142,-7.428474229505293,-2.4334078419719347,16.572372,1.4775115,0.019028727,0.020410363,0.017978689,0.020724904,0.095179655
0,layer10_83463,layer12_88324,3052682885070900992,104.64853442146604,-7.089708601361258,3.538430660556909,-7.65754385961838,-2.06385722432746,,,0.09906326,0.10531454,0.09502922,-0.06682468,0.08094477
0,layer10_83463,layer12_88324,3052698308292879104,104.35536733132068,-7.015813802054425,3.9017750129934887,-7.968819032061106,-2.3314547934977377,,,0.21463251,0.21544431,0.2130439,-0.03600586,0.028734222
0,layer10_83463,layer12_88324,3052704325545611776,104.86073281173938,-7.043409429571844,3.9739883430698377,-7.987745109292613,-2.3645966723867016,,,0.14660569,0.14456089,0.16252483,0.10571538,-0.12809362
0,layer10_83463,layer12_88324,3052705940455092608,104.85397520647771,-6.991159518618288,3.879828321376699,-8.236284263726883,-2.576587017557986,,,0.075703114,0.07984965,0.08597105,0.1851818,-0.05801629
0,layer10_83463,layer12_88324,3052716729412796800,104.86636733452376,-6.846030904147916,3.497595898198595,-7.901625539967514,-2.081818868383761,,,0.18909469,0.19841409,0.21965402,0.2936268,-0.20499985
0,layer10_83463,layer12_88324,3052720715142807040,104.52369598600104,-6.955090508239464,3.6633004693076847,-7.34799239457752,-2.333526192351757,,,0.08855166,0.08823235,0.08549061,-0.07845782,0.07590519
0,layer10_83463,layer12_88324,3052750986072749312,105.58225237183662,-6.865061563955157,3.5961195161339234,-8.162544683002148,-2.3636753011154137,,,0.062427852,0.0656426,0.06668911,0.0019124667,0.10585874
0,layer10_83463,layer12_88324,3052753597412801408,105.62663324042175,-6.797840607302321,3.537309850913636,-8.071592369941781,-2.3851096469946973,,,0.06295892,0.06669547,0.06988736,0.14302488,0.0959698
0,layer10_83463,,3052754314664420480,105.64805723815724,-6.751844862553791,3.2678915358772493,-7.273416393285504,-1.9965698825047289,,,0.048289098,0.05065865,0.054159336,0.031760655,0.1262049
0,layer10_83463,layer12_88324,3052803041076945024,105.74019914435912,-6.4701920238283614,3.567615176925793,-8.019428688842499,-2.5608264651522608,18.496002,5.522739,0.026816165,0.025863755,0.02880568,0.1537749,-0.1664354
0,layer10_83463,layer12_88324,3052824412834680448,105.31058821358788,-6.481125573773249,3.60034509671302,-7.808415348778892,-2.4513319615858205,,,0.057898976,0.060111493,0.059244342,0.09645232,-0.047458917
0,layer10_83463,,3052857741781605760,105.54734345926126,-6.218313749702589,3.6839606619882015,-7.920040737261161,-2.5809035002696183,,,0.16808006,0.17420013,0.18404514,0.117172666,-0.052948486
0,layer10_83463,layer12_88324,3052861383914183040,105.228766644944,-6.363571527350839,3.341734628589789,-7.553806767081559,-2.360990178749663,,,0.031989966,0.0348809,0.032527573,0.14731747,-0.016011182
0,layer10_83463,,3052861486993378304,105.23602117832256,-6.346100776048671,3.5402801173830376,-6.680413913265547,-4.462995906247052,44.479973,0.95786387,0.012729205,0.013416523,0.014486397,0.13392806,0.050632108
0,layer10_83463,layer12_88324,3052862414706185344,105.39632927396596,-6.311938086982817,3.3871241880783813,-7.562229077031111,-2.330491996055581,,,0.030423345,0.030205442,0.028509438,0.1016953,0.021309506
0,layer10_83463,,3052897805235359232,106.7875188747892,-6.9093329799285295,3.653150741446704,-8.356395007399936,-2.621796463033124,,,0.0743008,0.070994966,0.076323345,-0.10270079,0.3055484
0,layer10_83463,,3052985968021252608,106.99977374163782,-6.451706266915589,4.0307298771416695,-8.958123026936088,-2.956692339079133,,,0.09345347,0.0913751,0.08966029,0.094206594,-0.40128085
0,layer10_83463,,3052998307468807936,106.95783860682144,-6.242502919441055,3.5236639704447352,-8.046087117855215,-2.2265863363567178,6.0086308,20.207605,0.18373069,0.1947012,0.16314836,0.079939365,-0.13033563
0,layer10_83463,,3053024244771365760,107.4551934050742,-6.420879260668429,3.303413704687973,-7.744382177434543,-3.1195783784092286,,,0.083820485,0.095537364,0.09178658,-0.048880614,-0.010176942
0,layer10_83463,,3053149490318011648,107.34057806559746,-5.603135506816707,3.2932058798579207,-8.365456582044342,-2.597834345426033,,,0.10755533,0.11159735,0.113114536,0.098244704,0.17269138
0,layer10_83463,,3053186250934380928,106.24226052342206,-6.193054860765582,3.440005566692917,-8.081389666183927,-2.76213886098555,,,0.15124793,0.1829088,0.15511718,-0.12173447,0.16683313
0,layer10_83463,,3053205324894885888,106.784656176815,-6.035092892393847,3.1352865659370788,-7.628241867084688,-2.320965370464977,,,0.068045594,0.06349886,0.05871283,0.24219817,-0.20502186
0,layer10_83463,layer12_88324,3053243807802392320,105.8556983576594,-5.999817121149955,3.5006407167980367,-7.974055530155743,-2.5165892322492014,,,0.053066373,0.053109717,0.04909911,-0.03754002,0.10300579
0,layer10_83463,,3053243910881569664,105.89834130211877,-5.97183008839652,3.173195685203582,-7.200534841111958,-2.312125354511194,,,0.19164312,0.17075926,0.14057498,0.006007699,-0.0058324835
0,layer10_83463,,3053251328282929536,105.74999730653916,-5.925804344316675,3.9858328056438457,-8.085172217283212,-2.777855441105252,,,0.1847629,0.18050449,0.15726545,-0.04981618,0.030400196
0,layer10_83463,,3053268752973534848,106.24254237553568,-5.799257385621666,3.729032357626794,-7.454129630833365,-3.430267633210188,,,0.021103548,0.019923214,0.017675787,0.32848534,0.14498982
0,layer10_83463,,3053316817940736896,106.99779064075751,-5.574421567628307,3.516194561373662,-8.52374080883961,-2.776975163128224,,,0.038934436,0.03889423,0.033678137,-0.2575708,0.041876134
0,layer10_83463,layer12_88323,3104547329586441344,96.78174580693504,-4.546554134109567,3.107804307688068,-4.606034079360409,-1.9419781384206007,26.033388,3.83778,0.017278759,0.016646745,0.015764177,0.098099515,0.12359412
0,layer10_83463,layer12_88323,3104548875774571264,96.95995545772853,-4.488690524008468,3.1752968441112777,-4.7248556322077855,-1.851527045770336,,,0.09135934,0.09844763,0.10974693,0.30047512,-0.007126156
0,layer10_83463,layer12_88323,3104548944494045440,96.94982864615248,-4.475814908560131,3.134406358217058,-4.843667411956928,-2.0605729478417585,,,0.07612354,0.06675951,0.07316329,0.31946132,0.033270575
0,layer10_83463,layer12_88323,3104549288091448192,96.91588405184768,-4.486776718585091,3.151833980194512,-4.835500330624446,-1.7990213038262683,,,0.07128999,0.06867789,0.07258042,0.21655706,0.10266422
0,layer10_83463,layer12_88323,3104549352512006272,96.91024996634114,-4.478505928439376,3.3087158955943106,-4.415726740795028,-1.5978044859996172,,,0.14603724,0.13308556,0.14519101,0.16887219,0.057976726
0,layer10_83463,layer12_88323,3104550559401842944,96.7608739188815,-4.519016714825756,3.141821040008956,-4.582299206435671,-1.88874368674142,,,0.12857994,0.12040527,0.12026604,0.087630846,0.21247268
0,layer10_83463,layer12_88323,3104550799919983488,96.81760924836836,-4.508797629281955,3.101433097525631,-4.903031703538234,-1.790041222387146,23.697243,3.972402,0.017117286,0.016893817,0.016302248,0.13938886,0.07636917
0,layer10_83463,layer12_88323,3104551177877103872,96.7880970144843,-4.4783414217695885,3.156632449526359,-4.083532560432107,-2.43681524552477,14.966042,13.522111,0.026613178,0.025091738,0.02369075,0.13726051,0.14375417
0,layer10_83463,layer12_88323,3104551311015121920,96.80870466151772,-4.453141345074728,2.9981834165795265,-5.199487421721408,-1.643420032757268,,,0.22844389,0.19704266,0.2010275,0.16563407,0.17690948
0,layer10_83463,layer12_88323,3104551414093862400,96.71084933606498,-4.504474723448211,3.150322217079021,-4.782964397488963,-2.0616288565850667,,,0.13823912,0.1330456,0.12704335,0.045567326,0.1325819
0,layer10_83463,layer12_88323,3104553995375595392,96.82289614664322,-4.386860085575347,3.250280697465456,-4.619486090952575,-2.073564634870499,,,0.06614603,0.06278835,0.06618189,0.054277144,0.021800775
0,layer10_83463,layer12_88323,3104557568788221312,97.19642553188788,-4.336360748574045,3.191195841867746,-4.697046781581114,-1.6570134374538967,,,0.024388246,0.024680687,0.02375594,0.20443743,0.05971349
0,layer10_83463,layer12_88323,3104558732721761920,97.1419193134447,-4.279034325923877,2.9839902103438645,-4.999903505270174,-1.7539416020906446,,,0.05358403,0.05438131,0.054222498,0.25033212,0.027304595
0,layer10_83463,layer12_88323,3104561893816700800,97.07043584514314,-4.262099560183792,3.137648115982163,-5.074992587724389,-1.718442671359088,,,0.27048722,0.30999202,0.28176007,0.08915647,0.019393045
0,layer10_83463,layer12_88323,3104566467960800128,97.49129390337151,-4.338111943664553,3.223222227477956,-4.776199354925857,-1.95659575780501,,,0.083435595,0.09224099,0.10659205,-0.2380044,0.3571417
0,layer10_83463,layer12_88323,3104566845914864384,97.43052248525672,-4.3452070098435325,3.36376391407217,-4.424869795519202,-2.339389758074208,,,0.30156237,0.37517583,0.34149256,0.012564935,0.068942
0,layer10_83463,layer12_88323,3104576260486160512,97.67524159494047,-4.143818956432936,3.4084782382919885,-5.026951064209763,-2.2659041377541387,,,0.14460787,0.14204985,0.14491175,0.05311242,0.10210752
0,layer10_83463,layer12_88323,3104576668504245632,97.48388198146786,-4.233524606553597,3.133598173987614,-4.989427448785182,-1.8417762684826464,,,0.052204244,0.051848732,0.04934332,0.06520925,0.21331987
0,layer10_83463,layer12_88323,3104582376519289600,97.18144722674124,-4.2476281714256166,3.3086956731374766,-4.505628116802516,-2.038956400920964,,,0.080975614,0.08815665,0.08158863,0.3076899,-0.0839731
0,layer10_83463,,3104585602036250112,97.15594011298126,-4.217812911056774,3.568935217104164,-4.913304994088072,-1.9906493806248968,,,0.20949507,0.24504259,0.21802552,0.3010647,-0.17366368
0,layer10_83463,,3104589866942139776,97.392976486911,-4.165001875925226,4.181469669778281,-7.244364249579798,-3.588466611448161,,,0.033703312,0.032227937,0.0317805,0.13131306,0.20360592
0,layer10_83463,,3104591584929026304,97.38346335826536,-4.078307900895502,3.570969596876556,-5.102283893889647,-2.113124383834614,,,0.0660893,0.061134577,0.058713213,0.19258836,0.18377171
0,layer10_83463,layer12_88323,3104591653648488192,97.40852262590614,-4.066452553603932,2.91185528198684,-4.556137538150237,-1.8635953655364883,36.458237,19.429098,0.01522831,0.014055728,0.014668143,0.19849108,0.29568943
0,layer10_83463,,3104591653648488320,97.4089125436599,-4.067288907534766,2.8201523230624144,-5.519286247612407,-1.953038060285372,,,0.028555129,0.028915389,0.027590541,0.23444024,0.3046533
0,layer10_83463,layer12_88323,3104591722367964416,97.40412388095363,-4.061955546858844,2.883054126690797,-4.670938516224751,-1.837774904089713,,,0.044867024,0.04340765,0.043224018,0.13325332,0.24434768
0,layer10_83463,layer12_88323,3104601583613532800,96.82579479838842,-4.331778371066851,3.306879877094502,-4.507814457839679,-1.69033323569064,,,0.05869701,0.059636373,0.06561957,0.15322374,0.035407875
0,layer10_83463,layer12_88323,3104601824132174592,96.82283161154128,-4.321451147624599,2.863766700940315,-4.635029809346153,-2.2824343565440417,,,0.062979005,0.06587999,0.069017604,0.12762266,0.048680566
0,layer10_83463,layer12_88323,3104601995929583360,96.71354441881076,-4.356483012520628,3.255882475707892,-4.687172329462582,-1.9800289057172429,,,0.03805803,0.038338903,0.03741993,-0.021530202,0.15789601
0,layer10_83463,layer12_88323,3104605019586592256,96.56683823538232,-4.292307998542743,3.0135038911882908,-4.62417130826984,-1.9901323023701785,,,0.05291625,0.049963087,0.046471365,0.15550517,0.24569832
0,layer10_83463,layer12_88323,3104605191385258112,96.59789039047511,-4.26962594796295,3.139906028141452,-4.682511462084317,-1.866573380609362,30.839508,5.250491,0.021569135,0.020395022,0.02025384,0.13972953,0.24613626
0,layer10_83463,layer12_88323,3104608283762129664,96.88897614638762,-4.257189760725495,2.933035540135464,-5.157029301739706,-1.6847691733076722,,,0.12716353,0.12717845,0.13950463,0.24673577,0.08580499
0,layer10_83463,layer12_88323,3104609035376156032,96.8145974255042,-4.222268416330143,3.0874463421646565,-4.533473581604795,-2.212723251992988,,,0.114763066,0.11944243,0.1289923,0.17350698,-0.08033893
0,layer10_83463,layer12_88323,3104609585132889216,96.8577622723653,-4.195073326388744,3.4025310335304053,-5.090386813435977,-1.926965469169816,,,0.24810833,0.25858435,0.27979574,0.14545529,-0.041930057
0,layer10_83463,layer12_88323,3104612918026630528,96.72172509913928,-4.202643751461713,3.105027912279473,-4.726077540036104,-1.789768229784487,,,0.098163776,0.09213061,0.08595527,0.2149453,0.09395005
0,layer10_83463,layer12_88323,3104613124185120384,96.74132996358568,-4.178513959774943,2.985155269881404,-4.634505716646344,-1.7300943261733488,,,0.21303959,0.19962189,0.19380258,0.25251892,0.067684345
0,layer10_83463,layer12_88323,3104615396227415552,96.7872244638929,-4.112486792135755,3.138382146398462,-4.530770249882127,-1.8838190853619947,26.918537,6.4750824,0.024316393,0.023977557,0.026524078,0.15806395,0.15671442
0,layer10_83463,layer12_88323,3104616804976844672,96.56572190850868,-4.276160087401033,3.2085300908055308,-4.913978558189849,-1.7347131532133169,,,0.07921198,0.07451585,0.06862171,0.18872803,0.27610898
0,layer10_83463,layer12_88323,3104619931714307072,96.54618430418182,-4.164425286359148,3.249919017528248,-4.379989509838338,-1.2327869025610787,,,0.2206292,0.18369405,0.178609,0.2987365,0.39604378
0,layer10_83463,layer12_88323,3104620374092656640,96.58090920626084,-4.139560867100778,3.0545660208711034,-4.579174184357666,-1.6962494756457485,24.736317,5.4422,0.02573333,0.025202567,0.023081377,0.084204644,0.2150907
0,layer10_83463,layer12_88323,3104626902440481152,96.70640639061452,-4.056434368592468,3.0963681460079524,-4.909202504190223,-1.883006478455623,,,0.051029745,0.04959148,0.04466443,0.26103407,0.026596706
0,layer10_83463,,3104627903172142848,96.8339450795406,-4.0492841918009725,2.8057510189424555,-5.196031584130703,-1.9706157383096283,,,0.18854034,0.18774961,0.21777596,0.16799048,0.09545973
0,layer10_83463,,3104635496674790912,97.03988897854282,-4.087880418777004,3.524644787022557,-4.860470958511979,-1.8453945334417088,,,0.13659076,0.14922158,0.13735706,0.07527755,0.026770212
0,layer10_83463,layer12_88323,3104635870332833664,97.03172431105592,-4.062845059475941,2.97538064684225,-5.10702445284518,-2.167604282100469,,,0.21935877,0.2428357,0.21753974,0.049521048,0.13268177
0,layer10_83463,layer12_88323,3104647758801162496,97.17341920330816,-3.889765204671142,3.039168468605663,-4.598509147193704,-2.177611565210145,,,0.2998138,0.27800852,0.24539074,0.17332536,0.09136181
0,layer10_83463,,3104649098831014272,97.12716943199804,-3.820873438603496,4.104979113286261,-6.548080439704422,-2.87951792616159,,,0.13049765,0.13448416,0.12626626,0.18218817,0.14134356
0,layer10_83463,layer12_88323,3104673739063549440,98.3115360227622,-4.670878007154577,3.158488986240765,-5.141279365899103,-1.8011728028047904,12.216552,4.099292,0.01980866,0.019687263,0.019055257,0.11690516,0.07289402
0,layer10_83463,,3104674387597790208,98.41474384914244,-4.612037187249128,4.278617572469887,-7.66034060684843,-3.4089970352323875,,,0.14308414,0.12643895,0.11956302,0.2726853,0.034771163
0,layer10_83463,,3104680537993410432,98.74310286445518,-4.504989998747798,3.893235304627298,-5.664389657593346,-3.1253450282050714,14.805451,3.721751,0.014449783,0.014781576,0.01466593,0.14893574,0.028203985
0,layer10_83463,,3104704761609269248,98.84266807159074,-4.422869984045769,3.9045298299969495,-5.864251441656088,-2.703127603762604,,,0.039592102,0.037742574,0.033666346,0.12518746,0.09019416
0,layer10_83463,,3104709713709125120,98.66301413009764,-4.348040882950775,3.561720823810103,-5.699381286921872,-2.5976465752382265,45.317993,7.4002347,0.028242193,0.0270782,0.029512107,0.043763064,0.23695824
0,layer10_83463,layer12_88323,3104728023152825728,98.53890501697774,-4.146799002054569,3.2158901350198623,-5.783848160518899,-2.0419999987796813,,,0.31009862,0.36948475,0.37224045,0.16531588,0.060124435
0,layer10_83463,,3104747749939042048,98.11405608728518,-4.22768278600671,2.8414255664695163,-4.851829247903545,-1.433530740240836,,,0.08825441,0.08955389,0.080692686,0.24754581,0.017204577
0,layer10_83463,layer12_88323,3104766098039313408,98.04654535586953,-4.145448514841225,3.3350647979816728,-5.652369063213991,-2.1680953123120066,,,0.16502735,0.16781588,0.15238309,0.27159515,-0.007256208
0,layer10_83463,,3104778845502604160,98.5468056947035,-3.976279255590288,3.0875400155487296,-4.596798143777801,-2.828147722949252,,,0.04490209,0.051088832,0.05021141,0.0036986007,0.18247515
0,layer10_83463,,3104802721222215808,98.46443278971014,-3.779085325366918,3.772127831341911,-5.99152282397963,-3.437852126959153,,,0.23615578,0.24119127,0.2301769,0.076709315,0.14377257
0,layer10_83463,,3104823337065738240,99.22051353194746,-3.91073459245262,3.694231891920984,-6.120666377149089,-2.672088363043402,36.29443,6.3176746,0.023282573,0.024529807,0.022363171,0.1663953,0.014059251
0,layer10_83463,,3104823822400074624,99.22920345119115,-3.88294485695528,4.541043049429272,-7.75412180737699,-3.722887837917191,,,0.028654214,0.031793915,0.02986684,0.15544656,-0.042573377
0,layer10_83463,,3104826944838513536,99.35300524204776,-3.776385378077162,3.088734585017571,-4.606356034617996,-1.1667666645141912,,,0.16986646,0.18217672,0.18190466,-0.021894608,0.1262001
0,layer10_83463,,3104832068736976768,98.84368657462043,-3.9246549167096942,3.8701854520363694,-6.0586055449979135,-2.9982034415503582,,,0.054531746,0.04746232,0.041669827,0.15634711,0.16680263
0,layer10_83463,,3104833713704710656,98.84251722968814,-3.840920286045439,4.416833795484821,-7.424431463219645,-3.5432485222248733,,,0.16559659,0.14285582,0.13349308,0.20313276,0.17071849
0,layer10_83463,,3104834164680940800,98.98617953322356,-3.834493041162249,3.386562966280723,-6.06681949181753,-2.444934035944099,,,0.04578836,0.04761197,0.045513917,0.09529511,0.07470257
0,layer10_83463,,3104866080580866432,99.33333406221034,-3.597133024001002,4.015495886702015,-6.561676271336028,-3.299804699127034,,,0.15668917,0.15544103,0.15059641,0.044093598,0.20809713
0,layer10_83463,,3104890132394714496,98.94830328121678,-3.666633350072478,3.09655151773236,-5.682750594022393,-2.097887307914393,17.569447,2.8592231,0.018086957,0.01902058,0.018084893,0.15095575,0.027557753
0,layer10_83463,layer12_88323,3104899276384816768,98.5622390725278,-3.6450046529496354,3.319145441885848,-5.821534022381637,-2.6722393414991137,,,0.09678823,0.07693043,0.070946306,0.17084898,0.17065988
0,layer10_83463,,3104919887928946048,99.06186905978096,-3.478591394555701,3.105510459164058,-5.419270631358256,-2.703927493487532,,,0.14775589,0.17581902,0.1651623,0.078515165,-0.030768584
0,layer10_83463,,3104928340425056384,99.40316368907938,-3.242671671863783,3.324017913526115,-6.425772302626089,-2.747348914153379,,,0.20888369,0.20073369,0.18585743,0.14599264,0.05321917
0,layer10_83463,,3104948647031212160,99.1084632316198,-3.088166700015511,4.084556000141867,-6.464648452499777,-3.4318595847044007,,,0.25200292,0.25516987,0.24437237,0.04996015,0.0942422
0,layer10_83463,layer12_88323,3104957241265971968,97.7570977184364,-3.994203498139382,3.3122720902266565,-5.07120982335405,-2.06226122957928,,,0.31274885,0.29458097,0.2896548,0.23229954,-0.109538846
0,layer10_83463,,3104964250652527488,97.86943708396365,-3.901498590654519,3.8059224761779378,-5.939010403926761,-2.67846588067952,,,0.045039754,0.049024247,0.045225862,0.14468302,-0.036481764
0,layer10_83463,layer12_88323,3104965281444116352,97.78239479770816,-3.859946199708853,2.961433985584573,-5.289142320027458,-1.9438749017850403,,,0.08770064,0.07710457,0.07160672,0.41650814,0.20142508
0,layer10_83463,,3104982598752257024,97.62100852661158,-3.724839919528799,3.608015835646615,-5.390985552487518,-2.613222444031648,,,0.078201376,0.076879576,0.07498389,0.25952467,0.07863155
0,layer10_83463,,3104983629544302592,97.76424712558008,-3.6957000755952367,3.831619421184506,-5.2605025600803375,-2.390810400610459,,,0.06630366,0.06891373,0.064070776,0.24913408,-0.047330577
0,layer10_83463,,3105005722855875072,97.9731726523962,-3.6247292207220543,3.772902083021095,-5.894692032752201,-2.992927981560203,18.653385,2.9100432,0.017873032,0.019660167,0.016460998,0.1420156,0.059791896
0,layer10_83463,,3105008639134285312,97.87724489505948,-3.5608246042834395,3.47618184023913,-5.543841867049803,-2.4000009990419264,35.78565,21.879213,0.013120784,0.013714356,0.01266512,0.2776836,0.012861539
0,layer10_83463,,3105035340949854976,97.43208496357629,-3.579253030631318,2.794010910348722,-4.724638298020968,-1.7554818494077138,24.3097,1.9091953,0.019471576,0.018232452,0.015824074,0.22150958,-0.006775343
0,layer10_83463,,3105071246876738432,97.7972066555632,-3.2342527716041483,3.550915620675634,-5.569237547036021,-2.79557556129063,44.272964,14.659439,0.030770171,0.040861256,0.03385108,-0.09778216,0.06597681
0,layer10_83463,layer12_88323,3105077259830551808,97.56867424830271,-3.282936072241544,3.2912759210619127,-4.882582311285775,-2.0405785722361105,,,0.08282421,0.086865894,0.09975096,0.109965585,0.23345657
0,layer10_83463,,3105083685101557120,97.72858430046188,-3.20673771784828,4.11086189459444,-5.838523294430305,-3.3146238773271426,,,0.06545806,0.08319839,0.070671454,0.18475252,-0.024209572
0,layer10_83463,,3105085398789689472,97.88553005736456,-3.1291618234706613,3.657433569316359,-4.933122134061208,-2.6260208971358754,,,0.29513094,0.2772239,0.24024273,0.3266674,0.04123609
0,layer10_83463,,3105095195614576896,98.54517310318656,-3.4094607014354343,3.792188647826118,-6.171000100490706,-3.0120185739404586,-2.2835312,8.130133,0.02353423,0.02452348,0.023582585,0.14173849,0.20514825
0,layer10_83463,,3105098902169337984,98.39216248447909,-3.387637276697164,3.762403850199562,-6.391455691859864,-2.9978548007821115,,,0.1159245,0.099025875,0.10136167,0.18267593,0.09371154
0,layer10_83463,,3105099799819530624,98.40093072822766,-3.321736728110391,3.977999732928378,-6.285205741064719,-3.2783626926160725,12.026496,6.415235,0.022130666,0.021783434,0.021502618,0.1470333,0.13321766
0,layer10_83463,,3105134808094871296,98.827692890144,-3.025543629437614,4.332693766533716,-6.440125037475159,-3.782439146829488,,,0.092451744,0.1152612,0.100314856,0.029618721,0.031828552
0,layer10_83463,,3105139038640375680,99.04989964912706,-2.9713182518429058,3.107876408265823,-6.241150572591795,-2.6191836325670805,,,0.12171522,0.11974999,0.111282006,0.28840914,0.21876447
0,layer10_83463,,3105145498271400320,98.57373500459003,-3.0495037758812304,4.425669044597966,-6.77937509702121,-3.705387543004207,9.817677,9.894485,0.03387706,0.03526225,0.03099812,0.2886555,0.10482815
0,layer10_83463,,3105149243482862336,98.55820350016248,-2.9912246233688786,3.2065153431865703,-5.520866452547428,-2.205791022079956,,,0.115276255,0.1300373,0.10853686,0.078784876,0.066985525
0,layer10_83463,,3105188482303614080,98.08278122112254,-2.919968769837589,3.724579565691092,-5.960148650293739,-3.117515751428704,-21.450745,11.726971,0.024122262,0.022427112,0.019870192,0.26526278,0.03772813
0,layer10_83463,,3105232084813086720,101.27442482628486,-4.75003998556237,3.059619187739174,-6.7197210509793335,-2.2670480851824384,,,0.1650319,0.12065814,0.1281381,0.30646464,0.07009976
0,layer10_83463,,3105240017611984000,101.18869882675212,-4.543643489724449,3.983251730006754,-7.619041793308445,-2.733095671036256,,,0.14084886,0.14437686,0.13269818,0.302565,-0.12866578
0,layer10_83463,layer12_88324,3105241117123566592,101.40052960121136,-4.581350077781042,3.4259114114359184,-7.676717915649378,-2.5813185012132065,,,0.25081575,0.27868629,0.29272527,0.09979258,-0.09778661
0,layer10_83463,layer12_88324,3105246069225710848,101.36076861044008,-4.473221158252278,3.437930601064642,-6.619297101359686,-2.6303047330483094,-52.377308,12.529812,0.038217694,0.04067054,0.04488134,0.008570683,0.2461252
0,layer10_83463,layer12_88324,3105248160868581888,101.44125711039136,-4.411542680871806,3.7391787013429822,-7.069339183852511,-2.979240742379173,,,0.10019721,0.122810915,0.10961139,0.01618209,0.074903876
0,layer10_83463,layer12_88324,3105256029252731392,101.00189956156191,-4.420591299340633,3.757433915602381,-7.360722366205564,-2.964045392513946,,,0.15658584,0.15394041,0.13932872,0.18751597,0.06847358
0,layer10_83463,,3105287507070071296,101.56929224753512,-4.198988096990358,3.5509928282275904,-7.163444522676287,-2.9470900504374056,,,0.10440132,0.104400225,0.09503389,0.0380618,0.23037642
0,layer10_83463,layer12_88324,3105291733317435904,101.41700540887996,-4.135707208906066,3.622048042037135,-6.888818182515318,-2.900041216021362,,,0.0589092,0.06557368,0.06036725,-0.08209226,0.18159205
0,layer10_83463,,3105354641698009088,101.43256961659516,-3.781214994182853,3.188628232816783,-6.354546433688379,-2.4130692817999604,23.823204,8.923454,0.01774953,0.019887432,0.017128183,0.12755257,0.22917384
0,layer10_83463,,3105356845021254656,101.07364471941598,-3.9209754623201833,2.9973480992308987,-6.363632414059853,-1.7152916192628926,-3.4005413,1.1367705,0.012537079,0.013225518,0.013020138,0.24099612,0.24136776
0,layer10_83463,layer12_88324,3105402028077511040,102.09673469440202,-3.728743258345123,3.772568082868199,-7.563454871964653,-3.3737748042233746,,,0.069032006,0.07548724,0.0851504,0.0985878,0.25368294
0,layer10_83463,,3105447309913798272,101.68999543764524,-3.6785986352271216,4.188870325408289,-8.235662309087758,-3.4917569569112983,,,0.3680424,0.34357694,0.30723593,0.39757687,-0.16233598
0,layer10_83463,,3105453803904408192,101.75837886469267,-3.618871910836472,3.486958168721337,-6.299313316483431,-2.6024149193988326,,,0.2409499,0.21708037,0.20041415,0.353464,-0.005550808
0,layer10_83463,,3105456483964003200,101.7099124988719,-3.614730973106642,3.912232480106336,-6.659891231001971,-2.588840807241884,,,0.3629382,0.38216728,0.33161402,0.48809823,-0.11734474
0,layer10_83463,,3105471396088676480,101.59002760150798,-3.469861561807285,4.610845109904719,-7.714920953669829,-3.2805252824381674,38.41766,0.3387384,0.01362792,0.013113859,0.012575131,0.29621005,-0.07355818
0,layer10_83463,,3105485762759370368,101.97025562180134,-3.354938091522229,3.824014496777629,-6.419731286918454,-2.4481844204103287,51.69348,0.5329284,0.02148796,0.021781327,0.029422456,-0.11009829,0.5419014
0,layer10_83463,,3105491260317378688,102.19136649013176,-3.2338858990658554,3.38257013570368,-7.049604893260362,-2.792890941057083,,,0.12494435,0.12749195,0.11326203,0.080462635,0.14078623
0,layer10_83463,,3105502461592244480,101.77869303921864,-3.2658618282770626,3.201899500914617,-6.580507984865103,-2.509518938947403,,,0.068386346,0.08139209,0.0723736,0.05740428,-0.050072074
0,layer10_83463,,3105508337107371520,101.99551905815498,-3.128004282813801,4.375500110354752,-8.167795995099288,-3.190717156861809,,,0.10935309,0.12441208,0.11479124,0.19551723,0.21536426
0,layer10_83463,,3105521599967394176,100.49785521177478,-3.939515976106717,3.1605633583810606,-7.316436331780943,-1.571952820397046,13.313873,3.0781682,0.018830407,0.01954524,0.017704502,0.1313459,-0.09461364
0,layer10_83463,,3105539089073801472,100.29952439140528,-3.7955438600284688,3.52572321568513,-6.63550119663543,-2.5868438869006387,,,0.013443245,0.014284606,0.015882034,0.048372306,0.23402484
0,layer10_83463,,3105589151212630272,100.14526547260742,-3.723289525501628,2.9429982232206133,-6.0617891582074,-2.692196735997794,,,0.22693914,0.22463512,0.21907653,0.16507964,0.27088445
0,layer10_83463,,3105601245840348672,100.37185345944152,-3.455578648575556,3.1877734146969607,-6.183727782979904,-2.362486068103139,37.052677,6.4397655,0.02403432,0.024860596,0.021669107,0.30862495,0.07359101
0,layer10_83463,,3105603925899678592,100.07645431399924,-3.6241279471755146,4.595265101805455,-7.49426473064513,-3.879944960435465,,,0.03217509,0.027966542,0.027335111,0.05209163,0.15618226
0,layer10_83463,,3105611549465817728,100.12633611858844,-3.519758837351897,3.450768738956835,-5.886320456893571,-2.8744797339864205,-39.04166,15.597059,0.01325381,0.014886068,0.014201617,0.22120109,0.0035823095
0,layer10_83463,,3105656698160178176,101.30572143442714,-3.468755909580912,3.557853016574185,-6.809083212990263,-2.873575454272172,19.701866,7.1277027,0.015668383,0.01739272,0.014992115,0.09819918,-0.016258903
0,layer10_83463,,3105667727636546304,101.31490383631312,-3.306995307834349,3.391191859468264,-6.810400472413444,-2.6830800643613766,,,0.12162617,0.12989464,0.11348389,0.299117,-0.068957314
0,layer10_83463,,3105704153256823808,101.65392265690774,-2.9593651290601315,3.236599553369784,-6.816662272913204,-2.937341857639133,,,0.14735974,0.15486392,0.14255828,0.01770194,0.24261206
0,layer10_83463,,3105761907679055872,101.3400674168687,-2.9024434477362924,4.1858950975564975,-8.5927186264629,-4.137578186397892,12.22375,0.9391176,0.11366226,0.13612472,0.11652566,0.09248299,-0.046369154
0,layer10_83463,,3105772116819245440,101.45977845151936,-2.682629829451191,3.463194391599248,-5.996581738210863,-2.9612613512245165,,,0.03897873,0.040508464,0.037265908,0.062996835,0.046967205
0,layer10_83463,,3105790430559240192,101.32222339912497,-2.486363303284413,3.106902374944365,-7.320975106411447,-1.7625396247894924,,,0.036163583,0.037966453,0.03431932,0.062856354,0.19746989
0,layer10_83463,,3105823896946911744,102.74672326923248,-3.165758813731636,3.9962991198130817,-7.689476914121199,-2.297884861238436,,,0.043525446,0.044332266,0.042470053,0.110857606,-0.024032334
0,layer10_83463,layer12_88324,3105849116994745344,102.76124850799664,-3.061431568499956,3.3262490614954583,-6.97853588518576,-2.710233073586456,,,0.05355202,0.067870185,0.06238779,0.09625086,0.14722064
0,layer10_83463,layer12_88324,3105869114361638784,102.38662380305225,-3.128649458815309,3.5980456177506457,-7.293261909774092,-3.196047472184397,,,0.096738346,0.09620898,0.08332928,0.14336458,-0.040772494
0,layer10_83463,,3105907116232921472,102.65085975996044,-2.815790828717431,3.927120435261483,-7.6475338750248225,-3.1101623527882767,,,0.039486974,0.043892417,0.044112884,0.09454397,0.1457921
0,layer10_83463,,3105987552380897792,103.860794404505,-2.308451482311672,3.2853558350015653,-7.395061937752193,-3.1830868247492328,,,0.06525654,0.07462729,0.06625856,0.12580813,0.20274752
0,layer10_83463,layer12_88324,3106012733769764224,103.03668047147929,-2.5108337734755835,3.3279220246898955,-7.239824025638352,-2.9692446865829627,,,0.14979623,0.124721326,0.11698996,0.28316358,0.061076082
0,layer10_83463,,3106076544102293760,101.99035601761776,-2.945096193196819,3.176172146167382,-6.365416352132709,-2.49982009637216,,,0.074811935,0.07798855,0.07173144,-0.036526196,0.08402732
0,layer10_83463,,3106093827050203520,102.1283518432955,-2.572399757911145,3.4105071835096337,-6.297201224143064,-2.218817371752202,11.284859,10.3604,0.020227177,0.018662598,0.016915118,0.24441762,-0.17314138
0,layer10_83463,,3106098976711753344,101.7215296136983,-2.7064780473464,3.242306256162565,-6.534463373434998,-2.7322222724491243,,,0.02304683,0.021826826,0.021700727,0.16481957,0.30604717
0,layer10_83463,,3106133061573286272,102.20690108592493,-2.3641691516170047,3.2465902012510743,-7.5020010707887295,-2.646730652731156,,,0.121573545,0.14548859,0.1280026,0.24719337,-0.0965148
0,layer10_83463,,3106205393120004480,101.62951815473365,-2.0818878308540345,3.993070765666369,-7.204226319863897,-3.414261455956745,,,0.042660862,0.04700893,0.04826476,0.2919343,0.14801809
0,layer10_83463,,3316553031346478592,90.41130315658852,3.45705035990274,3.840784014465665,-3.2944312687059667,-4.224269349378249,,,0.08141983,0.08312325,0.07131078,-0.025845027,0.26669627
0,layer10_83463,,3316579552773928576,90.45046520120502,3.7575061960675793,3.101573896389556,-2.874709241247248,-3.9015357307413416,,,0.21915667,0.2536305,0.20812012,-0.08541098,0.33158505
0,layer10_83463,,3316591376814343296,90.69301557104214,3.763353198067924,3.538623567597784,-2.892076527343596,-3.6847920416780062,,,0.13443914,0.15286694,0.12860349,0.09173223,0.09444391
0,layer10_83463,,3316853537323170560,89.44028050162247,4.190590938194902,2.9758874798517665,-3.0369694730230594,-3.3986754367649654,,,0.15796192,0.15631959,0.14032467,0.013302738,0.27163616
0,layer10_83463,layer12_88322,3316917858752981888,92.96052959290736,2.7680269149891026,2.9840927973015643,-3.8581494871700857,-3.315751407131593,,,0.058545522,0.0775155,0.056519125,-0.009614791,0.15932728
0,layer10_83463,,3316928201034324480,92.87879049061536,2.7577471228060126,3.58544382967569,-3.16119339928558,-3.4366083938078806,,,0.27495137,0.3400298,0.2789845,0.31977957,-0.03871482
0,layer10_83463,,3316937276301278848,93.20093525585138,2.7688077199280463,2.8837607697168,-4.259286447876817,-3.1773509453497386,,,0.081563495,0.07130513,0.06585031,0.025392804,0.25655404
0,layer10_83463,layer12_88322,3316945140385407744,93.3511602466421,2.8461016697128723,2.9575034704881533,-4.094570395342749,-3.489512731511971,,,0.19170982,0.1744848,0.1522619,0.09924362,0.26455814
0,layer10_83463,layer12_88322,3316964214336066304,93.11414244117503,3.073798974933483,3.0303152297152423,-3.977871337100296,-3.343255065121144,,,0.20471005,0.17481783,0.15647773,-0.011428884,0.34838727
0,layer10_83463,,3316980908871181824,92.67618383435884,2.8956116107148526,3.7431129253300894,-3.203719456342035,-4.4718851122920205,,,0.22860779,0.27431026,0.23175831,0.118829414,0.022418527
0,layer10_83463,,3317008194800914176,92.76908744733764,3.069917161264592,3.745769088796762,-3.9690167625634167,-3.6706102816914674,,,0.20588449,0.20913191,0.17210387,0.043773387,0.050069727
0,layer10_83463,layer12_88322,3317017158396966656,92.99741881487768,3.2234575162294523,2.9818207605399456,-3.9403708916449904,-3.364875033112304,17.071373,6.5174093,0.016987339,0.0149076525,0.012933396,-0.06975704,0.24026634
0,layer10_83463,layer12_88322,3317033552288775552,92.80922879389556,3.3376997817197824,2.894008329642594,-3.527085848587899,-3.551232085539169,8.799003,8.340743,0.17617737,0.16703808,0.14393061,0.08620023,0.34895924
0,layer10_83463,layer12_88322,3317051797309731712,93.65740534560813,3.183207310560672,2.997892375337172,-4.603791307782176,-2.9960836899658974,,,0.24304086,0.32975346,0.27185467,0.2990245,-0.14258038
0,layer10_83463,layer12_88322,3317055710021608576,93.64875527944032,3.2683383614156507,3.063459929666496,-4.49862917410933,-3.4380257304292803,,,0.08519719,0.10212944,0.08405493,0.09759623,-0.1236361
0,layer10_83463,layer12_88322,3317056603374869248,93.57491497485512,3.301226935464224,3.0388668034284243,-4.111145447791583,-3.799343910031544,,,0.112768896,0.15764047,0.12456312,0.3745443,-0.2746549
0,layer10_83463,,3317060657823812608,93.29397759003008,3.200685896765336,3.2563586283247696,-3.954815775309676,-3.5677646719852043,,,0.1158943,0.11992503,0.10083953,0.17573276,0.18862167
0,layer10_83463,layer12_88322,3317068938520571776,93.5752278807337,3.347864289024596,3.0354961797768323,-4.205655936325387,-3.4397404076724354,27.118612,2.4159136,0.014978396,0.018841313,0.015312625,0.20718735,-0.016118802
0,layer10_83463,layer12_88322,3317075917845982720,93.56204297336664,3.53983465893614,3.0753860753090847,-4.26690811204477,-3.807107504092362,,,0.079971045,0.08812558,0.07482287,0.13642062,0.23065919
0,layer10_83463,,3317085160615537792,93.8235028923906,3.51603348104315,3.2087635790788456,-4.047351645588792,-2.9636191802804985,,,0.07202304,0.07624933,0.067087345,-0.037504647,0.22147004
0,layer10_83463,,3317091753389828480,93.90958579625176,3.5898005082037256,3.260690930984299,-4.691898363173667,-3.6729971443162217,,,0.19824074,0.17691797,0.15324476,-0.04076479,0.27911106
0,layer10_83463,,3317095807837354496,93.64040323074308,3.490964642471013,3.315630640476172,-4.429435833105746,-4.087177466276753,21.778818,3.1107404,0.06922243,0.0769848,0.06403409,0.041416172,0.24091709
0,layer10_83463,,3317109517374322816,93.7916922053312,3.75217320481942,3.484796395404855,-4.394526651226563,-4.306923982826307,,,0.2955919,0.24950187,0.24607925,0.07352111,0.386254
0,layer10_83463,layer12_88322,3317113541759273856,93.13368357933427,3.3610649315695835,3.119688189876907,-4.115750470142819,-3.5393307665560747,25.40983,6.9990454,0.031881846,0.029150225,0.026400207,0.018536525,0.066973135
0,layer10_83463,layer12_88322,3317119279835531392,93.17544542167528,3.487442414793022,2.927509572541609,-3.8366107019962055,-3.5956230827383937,,,0.084018074,0.096303344,0.082181975,0.057825964,0.10375991
0,layer10_83463,,3317121989957398016,93.38337010798377,3.510526981652465,2.8575850104952925,-4.05893137088652,-3.352567096644472,,,0.07836995,0.08600108,0.07172447,0.21977794,0.033891864
0,layer10_83463,layer12_88322,3317122475291169920,93.26567325413636,3.5090355320692885,3.1015108152234365,-4.186827762554687,-3.559342599411176,,,0.03823608,0.044315483,0.036599994,0.054260902,0.04664464
0,layer10_83463,,3317124090198800128,93.4560322417473,3.583115732753823,3.7322433652403104,-5.3513674850307575,-4.276990066898928,52.753242,0.65725285,0.018015245,0.019196384,0.016253317,0.05915399,0.09953725
0,layer10_83463,layer12_88322,3317124502515672320,93.40814103764242,3.584224952035457,2.976996561152149,-4.207623159136188,-3.580927177428905,27.197727,5.3830585,0.017241994,0.022030003,0.019198956,0.0038021859,-0.025391717
0,layer10_83463,,3317133126810113792,93.0363114223315,3.549957833350468,2.868198256670738,-4.754706759308365,-3.280460618643509,,,0.03540635,0.042945545,0.034334056,0.29256412,0.20355661
0,layer10_83463,,3317137559216357632,92.95632241676238,3.640679710312981,2.7853171292335137,-3.8411545129027687,-3.02962344022167,,,0.085650824,0.08018177,0.06971237,0.2708464,0.14009212
0,layer10_83463,layer12_88322,3317147592260194944,93.55348984275116,3.62362502062378,2.9975484751021937,-4.025373520577493,-3.732600797720044,,,0.097527094,0.09934541,0.08709786,0.09848411,0.27544314
0,layer10_83463,layer12_88322,3317156800669959552,93.74597387961008,3.7973237776957145,3.158952266011517,-4.347480044705455,-3.573021342215552,,,0.04508606,0.036046132,0.033670593,0.11818359,0.39409587
0,layer10_83463,layer12_88322,3317159686887946240,93.77587702434214,3.879782316826337,3.182872907950725,-4.273252565742506,-3.705183938459773,25.468803,3.0736544,0.05067025,0.03828864,0.036441218,0.29162934,0.3739432
0,layer10_83463,,3317204045310326016,92.01874837011574,3.2903851777947377,3.757043346630304,-3.392538253198808,-4.41058920618952,21.835014,0.85805136,0.022753052,0.028164819,0.020691313,-0.002071446,0.20880152
0,layer10_83463,,3317204045310326400,92.01830396428798,3.2897087898161708,3.775459298547089,-4.410790020310157,-4.73639246691183,,,0.038974002,0.04454721,0.03468256,0.09179286,0.14575869
0,layer10_83463,,3317257092449072896,91.8267005357702,3.462340882029514,3.869488132878874,-3.610104178153132,-3.986346792400744,,,0.25066683,0.23610476,0.18530668,0.17113754,0.17921351
0,layer10_83463,,3317258574214798976,91.62854168295368,3.425688541740662,3.60536717526008,-3.785848606580664,-4.169244498795703,,,0.09047825,0.087529875,0.081081964,-0.00580427,0.22609846
0,layer10_83463,,3317268023143248384,91.86059974663628,3.622549027729592,3.5695181762283696,-3.466619312128735,-3.681898359522559,,,0.09599998,0.13079679,0.11361734,-0.0029920815,0.14382038
0,layer10_83463,,3317268259363812096,91.8570028693694,3.636678387185097,2.8996898533832574,-3.653261354178916,-3.504582704926355,,,0.13129759,0.16002004,0.13200963,0.16062726,0.10506485
0,layer10_83463,,3317269500611495552,91.89794274128576,3.63583041246194,3.0891937880767704,-3.6334920930955192,-3.4895554150327683,,,0.089032374,0.11239231,0.088717714,0.04070219,0.1119102
0,layer10_83463,,3317288810784763904,92.15299142398496,3.6460296937221854,3.1276104902689306,-3.5553291591303915,-3.514667132182153,,,0.056444194,0.058038622,0.04956081,0.116139695,0.14459214
0,layer10_83463,,3317325953662804352,92.89333248736057,3.7038909596178127,2.797271865974878,-3.878705949372017,-3.452281633655228,27.6671,0.67033,0.017387627,0.016856346,0.013587985,0.213116,0.108768135
0,layer10_83463,,3317357560323461376,92.7951192328952,4.095831058459794,2.8705406317965103,-3.9159954462076274,-3.6109873477253456,,,0.08192882,0.09275048,0.076252095,0.18710329,0.12865464
0,layer10_83463,layer12_88322,3317379142537394176,93.09006091482068,4.173284623631709,3.184822289648986,-3.861477897721128,-3.681335426089923,37.497486,6.201139,0.027447667,0.027889123,0.022544732,0.24680881,0.09976228
0,layer10_83463,layer12_88322,3317391164149593600,93.08730880421176,4.373675183449631,3.0818155366568734,-4.217729417759843,-3.7466660179023386,,,0.09218333,0.09067467,0.08242731,0.13287015,0.24909881
0,layer10_83463,,3317395291614201344,92.41532019812416,3.976760916115863,3.2454260660653484,-3.3088640920526315,-3.878989224769736,,,0.06043143,0.05408482,0.04622787,0.044558953,0.23187009
0,layer10_83463,layer12_88322,3317403709750654976,92.6012700357157,4.097308494200645,2.9272065193158228,-4.061717450005074,-3.5070348029263787,33.559795,4.315237,0.018663952,0.02043371,0.016017072,0.098652475,0.18496396
0,layer10_83463,,3317416968310492544,92.19123911198942,4.177560431266311,3.841675238621767,-3.716452000771887,-4.473005024876442,22.749905,1.9167207,0.02236539,0.021390775,0.017816182,0.026072957,0.26871237
0,layer10_83463,layer12_88322,3317433151749577728,92.89879176447788,4.378253234534857,3.21809893388906,-3.940213807147333,-3.948131087596912,26.880785,4.2383766,0.016412746,0.017304266,0.014207892,0.23690012,-0.007915292
0,layer10_83463,,3317482561053463040,94.04942960411356,3.8090133880202353,3.299410958718253,-4.280577041614985,-3.600582636718128,,,0.22215192,0.17376256,0.14257298,0.3144871,0.19352771
0,layer10_83463,layer12_88322,3317483630502028160,94.0386283235127,3.8436380788295854,3.061712515474264,-4.43541861756121,-3.722990785920489,,,0.047098525,0.05205612,0.040706355,0.13285823,0.09714875
0,layer10_83463,layer12_88322,3317486997756394880,93.9670661901686,3.8922798688110576,3.0458736815276177,-4.555719917837463,-3.686162872684656,,,0.027831737,0.030787405,0.02471746,0.28409964,0.22284538
0,layer10_83463,layer12_88322,3317490399370430976,94.02670000588355,4.01426794949414,3.006686439974815,-4.24062784444824,-3.922106431232296,,,0.10858543,0.10780656,0.08955238,0.32390738,0.12571998
0,layer10_83463,,3317490468089893504,94.21699726434092,3.8875769975915264,3.480620642893286,-4.338482608129493,-3.147789778874619,69.164215,18.098488,0.09847052,0.10699177,0.08940944,0.27042723,0.03011284
0,layer10_83463,,3317494449522205056,94.32664061372633,4.060828697720823,3.4792572574871965,-4.148645481576641,-3.7589478256512687,,,0.17574938,0.2132027,0.19550253,0.18895993,0.08077283
0,layer10_83463,,3317495347172727168,94.12347847384274,4.013959942119625,3.00598874505649,-3.2697585458432004,-3.654094734420603,32.187943,0.3206512,0.016203502,0.016744632,0.013475284,0.31031567,0.029766772
0,layer10_83463,layer12_88322,3317497374397247232,94.2105565705529,4.0669735534840825,2.9953279895725338,-4.369063606385224,-3.625913556446856,,,0.0679293,0.071170256,0.06012649,0.17501016,0.20308971
0,layer10_83463,layer12_88322,3317535337611336832,93.87599385718592,3.958178289489312,3.1601380421987515,-4.430313909588944,-3.8110288435323554,,,0.042819217,0.03937048,0.034680452,0.16990024,0.2361627
0,layer10_83463,layer12_88322,3317535990446833024,93.83675884135708,3.96966321076263,3.109465565442639,-4.36868469795754,-3.629272733386456,,,0.17559305,0.17432524,0.15381807,0.015243183,0.20560777
0,layer10_83463,layer12_88322,3317540324069919104,93.71671748982308,4.0384736898301,3.169072004334756,-4.54267594511189,-3.7572821587017367,,,0.12126799,0.13152069,0.112413846,-0.1815143,0.19074474
0,layer10_83463,layer12_88322,3317542724955084416,93.87893249558957,4.1172726600631,3.0472955314773325,-4.414545828522404,-3.653946362395432,22.256678,9.623337,0.014758412,0.016731204,0.013613267,0.13609858,-0.09319523
0,layer10_83463,layer12_88322,3317545203153084032,94.03045093203076,4.143343396019749,2.989664738261756,-4.623987073596166,-3.837180649699989,,,0.102834605,0.105329,0.085561536,0.14445794,-0.07919899
0,layer10_83463,layer12_88322,3317549429400519040,93.98238932032643,4.206773537405839,3.1383479197598554,-3.869069403593752,-4.067129008114159,37.800247,9.402962,0.12703729,0.13847162,0.11222657,0.058811102,0.03962833
0,layer10_83463,,3317549841717740672,94.0465951326675,4.196054513806817,3.3514801437409285,-3.939843942482685,-3.680631910924557,,,0.30658063,0.32734486,0.26225325,0.078472,0.03268795
0,layer10_83463,,3317557366500134144,93.62650977630643,4.194680855385726,2.895406166804079,-4.411205834242337,-3.908082781643032,,,0.082305364,0.080736965,0.07487537,0.11989043,0.3183182
0,layer10_83463,,3317559668602574464,93.72663416116472,4.273408329234427,3.242216500792759,-5.162806842553207,-4.317150213490821,,,0.060738433,0.06719761,0.059487045,0.18524809,0.13230413
0,layer10_83463,layer12_88322,3317563134639257472,93.945870403212,4.283620778414869,3.0975136916124786,-4.231345653738375,-3.765451218681744,,,0.051720146,0.062150396,0.054913923,0.103772916,0.15989792
0,layer10_83463,layer12_88322,3317563237718472320,93.96235925961253,4.2926606224409305,2.9497713372060663,-4.308587229838952,-3.6869812712502488,15.45321,7.522968,0.014345216,0.01726788,0.013946088,0.0974574,0.10158423
0,layer10_83463,,3317571728871292288,94.23747460702064,4.311519270609324,3.23093090584894,-4.448476127271464,-3.8096153324087294,,,0.073682725,0.07744142,0.068964064,-0.10930666,0.29755437
0,layer10_83463,,3317614506746808704,95.10537269638378,4.412117872426737,3.022166378085527,-5.060546281311376,-3.819538030864958,,,0.09510766,0.09574108,0.086997285,0.10061426,0.16062365
0,layer10_83463,layer12_88322,3317746035824066944,93.50910180563838,4.235257670547986,3.147763940934185,-4.169667947683012,-3.810773930218352,27.788633,1.9559734,0.034621164,0.03246866,0.02694732,0.12157908,0.24367121
0,layer10_83463,layer12_88322,3317748922042081536,93.5470816105274,4.304944149879412,3.0765652132124903,-4.525699459327459,-4.535787779729445,20.226463,9.075013,0.027980372,0.02851728,0.02370809,0.15544072,0.27030215
0,layer10_83463,layer12_88322,3317771668188630784,93.32608274608556,4.582937715625096,3.108299357884796,-4.11640792920263,-4.007450522657443,,,0.0715821,0.070187114,0.0596022,0.17661624,0.19290386
0,layer10_83463,layer12_88322,3317775271664227584,93.5743280759028,4.613212708922228,3.0795294133393227,-4.341256780810103,-3.795963292946635,,,0.27011347,0.32083517,0.2754798,0.0147109935,0.14389217
0,layer10_83463,,3317782006174328960,93.86552253658118,4.556437351933708,3.8846688485395617,-5.004864148521135,-4.634004914316259,19.625097,5.272478,0.01646191,0.019124655,0.015018178,0.050831523,0.16128467
0,layer10_83463,,3317782388427203200,93.86543931139866,4.557634336031739,3.8339458343755854,-4.629725480902402,-4.729661542951808,,,0.06081373,0.07298529,0.05706053,0.0730823,0.13202134
0,layer10_83463,layer12_88322,3317797674212591616,94.01251160081222,4.866666176502474,3.075593215267697,-4.229908593875596,-3.708196852443529,,,0.20155315,0.18653335,0.1573298,0.24720065,0.12183621
0,layer10_83463,,3317836951690991872,93.05453132202328,4.775978347813297,2.790156551989805,-4.098292367896182,-3.8568752626536775,,,0.07140557,0.078041546,0.06284202,-0.010065037,0.122464254
0,layer10_83463,layer12_88322,3317838188641645824,92.87526944829426,4.737368562611317,3.059881329995841,-3.7784460337050745,-4.144051991252074,,,0.2125513,0.20289038,0.17761464,-0.0018155403,0.11522765
0,layer10_83463,layer12_88322,3317838394800066048,92.89084940096517,4.753963612500507,2.9284038954217224,-3.976795686803386,-3.9282267884306505,,,0.08360691,0.08373814,0.07326893,-0.026128279,0.12745288
0,layer10_83463,,3317842552325132672,93.18488533296384,4.832143617820375,2.809064744518562,-4.306679601921431,-3.947417330975728,,,0.043154623,0.047652043,0.039183583,0.25075233,0.123370975
0,layer10_83463,,3317960195776073088,93.92523763813055,5.240841899836822,2.9287844290491387,-4.946864802984358,-4.818690502542862,,,0.19989975,0.1953629,0.17160158,0.119272664,0.23864625
0,layer10_83463,,3318010227851835008,94.1119476089378,5.615427669348376,2.776115570747963,-4.467386083298222,-3.830613635086167,,,0.10824585,0.11556618,0.09808977,0.28357697,0.088893324
0,layer10_83463,,3318018126298200704,94.05871046908848,5.807145541893002,3.764497290635054,-4.813333196931978,-4.984753374641199,,,0.09362827,0.11273047,0.08727835,-0.22390464,0.16254047
0,layer10_83463,,3318018130591314304,94.05840882458904,5.807654230657677,3.832791392151478,-4.846022961329549,-4.947212150504846,,,0.1000267,0.11127284,0.081909366,-0.28691846,0.21147814
0,layer10_83463,,3318041181678045312,91.53601561288572,3.8936247668048014,2.954014017762414,-3.704994761295956,-3.7425282181974495,,,0.09028175,0.09989044,0.097631454,0.111488566,0.258279
0,layer10_83463,,3318043350638553600,91.6093206325538,3.964676449247965,3.717127718043315,-4.318034483647559,-4.108110324328993,,,0.13055089,0.15044795,0.1260098,0.14189097,0.10516896
0,layer10_83463,,3318045201767532032,91.28905694756423,3.788987219611449,3.835522688645628,-3.526504288686004,-4.178146515172751,-32.881725,7.2875524,0.034702156,0.036513545,0.030729769,0.051096935,0.096786894
0,layer10_83463,,3318051627038524928,91.22354997703216,3.926738729112246,3.245254663636674,-4.471118665474777,-3.96836710516918,25.482296,1.3853658,0.014323812,0.014584705,0.011915062,0.14295606,0.195038
0,layer10_83463,,3318100009847230080,91.13893541738582,4.007970691480915,3.0830538193798533,-3.385343098477354,-4.0462470505407655,,,0.08126997,0.074560195,0.065531395,0.17436358,0.23845477
0,layer10_83463,,3318101727833741568,91.13007891096036,4.087771690002678,3.2183948341739765,-3.837636041217196,-4.3054379028806045,,,0.060140386,0.046851575,0.040791146,0.19567741,0.38959953
0,layer10_83463,,3318211129241694208,92.40678873712656,4.717582783951946,2.8289946791006177,-3.860247800926885,-3.722352893796209,,,0.042799413,0.047099497,0.038704917,0.0029138678,0.2533965
0,layer10_83463,layer12_88322,3318214805734109568,92.75194406629784,4.784615138761263,2.946697707775996,-4.128138432852081,-3.554198211051552,,,0.048477102,0.051631086,0.044297937,0.33052313,-0.025838817
0,layer10_83463,,3318215939606171136,92.69419269953536,4.818998561886238,2.804661738863653,-4.557845981271084,-4.201831457489396,,,0.18415107,0.19255698,0.16864085,0.24235891,0.13910562
0,layer10_83463,,3318250814739642240,92.0317767096575,4.802676078424768,3.140629391833992,-3.766049849780369,-4.067421139858162,23.373707,3.9138184,0.029415347,0.032036617,0.02664208,0.19800498,0.14547613
0,layer10_83463,,3318269089825144832,91.69544235690252,4.894372768944213,3.603132303122696,-3.8474385827630178,-4.434250855260671,,,0.050483078,0.049595844,0.042055957,0.029219655,0.12799948
0,layer10_83463,,3318337362626802304,90.7606377365926,4.58194123280103,2.9402282510164306,-3.174342488024888,-3.3603188940251814,,,0.22997643,0.2634705,0.2150043,-0.09151205,0.27486673
0,layer10_83463,,3318385191378680576,90.24141062631888,4.663766225691213,3.016192879782184,-3.27719373919984,-3.7182637408160346,,,0.11596661,0.11531672,0.09043391,0.19010977,0.27448684
0,layer10_83463,,3318458343263588864,91.573099186193,4.959957366886504,3.199402112699669,-4.95988205099668,-3.5571248542798832,,,0.1665091,0.15888666,0.13431469,0.08042066,0.22972213
0,layer10_83463,,3318482876117229312,91.45275547488362,5.291776603183754,3.171928821126832,-4.384274235773024,-4.960516561029758,,,0.21729381,0.27007997,0.20171852,0.050776128,0.15912601
0,layer10_83463,,3318512704665182976,91.78381965430248,5.497283055279669,2.899483002120077,-4.086298357584204,-3.737960413731969,,,0.1459702,0.16092038,0.12560624,0.10317052,0.11891009
0,layer10_83463,,3318530193772316544,91.25237006486284,5.340240855254679,3.236713816432844,-3.646532915612069,-4.341016693284248,,,0.13318619,0.13689102,0.12567079,0.15944791,0.2834915
0,layer10_83463,,3318573791983664384,91.18078248399428,5.608659724024455,3.2352568324695943,-2.7478619359586567,-4.635579975514332,,,0.09173976,0.09037018,0.07886234,0.086346574,0.31027725
0,layer10_83463,,3318618498300364288,92.8011058868112,5.206282738188059,2.8695506767398973,-3.896850068227546,-3.945227996993112,,,0.123362266,0.13229333,0.11348749,0.30073377,0.2407036
0,layer10_83463,layer12_88322,3318619048056110976,92.8878216796882,5.207711516301744,3.043057290607609,-4.28114177784291,-3.8625394807711992,,,0.08831433,0.09196595,0.07565071,0.102576435,0.21750377
0,layer10_83463,,3318637872894552832,93.41455930069552,5.392335562416285,2.9712969019141995,-4.282534142841994,-3.9794570648215073,22.252079,1.9705698,0.015368788,0.015097169,0.013322554,0.0857905,0.14923586
0,layer10_83463,,3318638701826930304,93.22198938121302,5.339444156563971,2.8918894499302814,-4.28763837243724,-4.00362793426994,,,0.0707902,0.077438496,0.06235137,0.060124636,0.20706053
0,layer10_83463,,3318643370459976832,93.02051434782798,5.277014591984447,3.945853031971821,-4.93335543095092,-4.728858497431753,,,0.32094982,0.3466773,0.2634844,0.25938833,0.044039063
0,layer10_83463,,3318652411362514816,93.19914862884492,5.447131319249783,2.955558932394194,-4.214807224516734,-4.014707522413662,,,0.01954617,0.019370977,0.016803391,0.18927102,0.18267913
0,layer10_83463,,3318696490611549440,92.85761634215469,5.464647713067081,2.8447237489478514,-4.01197715881737,-4.131995409009007,,,0.17870694,0.17939106,0.14700224,0.0754762,0.23029089
0,layer10_83463,,3318707318223356672,93.14153067894893,5.691183833821306,3.1146768765486827,-4.590976099032154,-4.361474313262714,,,0.22551703,0.20724703,0.17096318,0.29407567,0.02014232
0,layer10_83463,,3318714735631554560,92.59370941590971,5.637409495832586,3.132387779917008,-3.83336834600152,-4.268830608303707,,,0.2182365,0.24235399,0.19431789,-0.057205804,0.2706773
0,layer10_83463,,3318715422826319616,92.71883231969956,5.635482706361594,2.920836682219429,-4.244809099691111,-4.439651635090368,,,0.22133616,0.26409936,0.2228029,0.06713426,0.27106968
0,layer10_83463,,3318742743114605312,93.81504472644716,5.704123749978321,2.8723174731501,-4.371849146453755,-4.155932780603723,-0.89772695,6.2468214,0.016541066,0.018343149,0.015095977,0.11921038,0.056561183
0,layer10_83463,,3318760781977278592,93.54577063282116,5.839959195212219,3.10676267750155,-4.413703904765732,-4.247023068824944,20.424768,7.8674526,0.023964027,0.023516081,0.020148274,0.13043472,0.19666016
0,layer10_83463,,3318805896313470592,93.0733756652703,5.802424872335904,3.131949764263632,-4.16438227732063,-4.162454205634619,,,0.043161906,0.041696582,0.034587804,0.29875743,0.07642312
0,layer10_83463,,3318859291346412928,93.28339881254138,6.2962197800742015,3.345032954885059,-3.6829905308665887,-4.301456500782159,9.886362,7.551918,0.03143266,0.034503367,0.02850156,0.06314472,0.2286648
0,layer10_83463,,3318859428785427328,93.20575837818778,6.261079017829152,3.26545539037796,-4.35917319423707,-4.327264407656286,25.985954,5.548832,0.060577605,0.065190144,0.053620692,0.10221841,0.14056331
0,layer10_83463,,3318877845606096000,91.99626171459616,5.568291498326248,3.2600808034408284,-5.442158684679174,-4.163046349398515,,,0.054480713,0.054230068,0.046582293,0.22633016,0.2133464
0,layer10_83463,layer12_88322,3318920520400833792,92.61423432044468,5.962464625849535,3.0409862999234494,-4.155094936250939,-4.0968950132550255,,,0.03984418,0.04635047,0.03796552,-0.056131434,0.055582363
0,layer10_83463,,3118338984967724800,96.1911226566256,-1.5666861578465097,3.87976295860507,-4.923897515132121,-2.874001301023426,,,0.109666,0.11433806,0.10055524,0.23906207,-0.05702026
0,layer10_83463,,3118338984967725056,96.19140786572142,-1.5673384695390615,3.66840372320469,-4.871566495300271,-3.2578068692410347,,,0.06833682,0.06979501,0.061228935,0.22765201,-0.044666264
0,layer10_83463,,3118396155274796416,95.91677582320015,-1.343073754390231,3.346832020778109,-4.818582220906677,-2.160039274980716,,,0.20196337,0.21359405,0.18002056,0.07566817,0.17584866
0,layer10_83463,,3118396297011308800,95.94400750508862,-1.330147170311897,3.1017659669068287,-4.57658149702566,-2.453872932413853,25.364717,5.017967,0.08060603,0.0748199,0.0655634,0.057706524,0.2404008
0,layer10_83463,,3118404818226240768,96.14616645436492,-1.1926866219747811,4.45071334136297,-6.596706407195174,-4.118278008453336,,,0.11189862,0.11074875,0.10088608,0.27248898,-0.06477205
0,layer10_83463,,3118439040525262976,96.58011343427393,-0.8620192830973691,3.3834534931064555,-5.092360733713205,-3.0845572765394804,27.156948,5.3430753,0.021214074,0.02263959,0.019310884,-0.001936806,0.18191881
0,layer10_83463,,3118453059298600064,96.3878937067518,-0.8382728043648604,3.974784990239424,-5.620884852413926,-3.431042366008704,,,0.07764337,0.09479822,0.072990686,-0.032469343,0.1673584
0,layer10_83463,,3118464874753022336,94.95779072054869,-1.6449043436488855,3.33576616781512,-4.082201775627562,-2.3301157153266137,,,0.10007727,0.09915961,0.08709803,0.25313613,0.15628229
0,layer10_83463,,3118473468984390400,95.14085746355435,-1.495520034390679,3.37136395003736,-4.363199067457463,-2.547749207095296,23.741909,3.7434094,0.013245258,0.014028313,0.012420634,0.2460497,0.12371384
0,layer10_83463,,3118474877733733376,95.02056836085976,-1.520272589441263,3.911489865823024,-5.469482561246065,-3.602983024101763,,,0.080401585,0.08581171,0.07341927,0.18037267,0.06338048
0,layer10_83463,,3118477145476392192,95.08841694064516,-1.442085696269728,3.427788379325479,-4.484682832404997,-2.571671569102914,,,0.17203908,0.19805454,0.16167994,0.11561456,0.109377034
0,layer10_83463,,3118483325932664832,94.65563450909916,-1.5471894436853948,3.137925545352553,-4.43119574287206,-2.7339524565483835,,,0.23837392,0.24089777,0.22478133,0.071583316,0.13092753
0,layer10_83463,,3118493290254206592,94.81572255698894,-1.3533405490801933,3.6999815792642754,-4.619809781628059,-3.1863399916857365,,,0.19064198,0.22299613,0.19914153,0.19679451,0.14842881
0,layer10_83463,,3118502262445067904,95.12670538182782,-1.339569020933211,3.017426886547736,-4.41787798830213,-2.4963560507165514,28.937033,2.0733876,0.016228542,0.0156198125,0.014008039,0.24371858,0.027114168
0,layer10_83463,,3118518789479237376,94.9813472716802,-1.234574057331538,2.970865061813284,-4.6105482880397,-2.444200975035637,,,0.13460991,0.1537681,0.13025609,0.15424977,0.081252314
0,layer10_83463,,3118523668561878528,95.2977048131824,-1.1337009904998536,3.2270389058576145,-4.251972095428004,-2.465654034545665,,,0.061998464,0.052832767,0.049108204,0.16804957,0.33454472
0,layer10_83463,,3118530196912064512,95.33158637434089,-0.9689313810781356,2.952195999722913,-4.802776190246362,-3.113715082137944,,,0.108495556,0.11898347,0.11079106,-0.03492246,0.23120095
0,layer10_83463,,3118540642272975872,94.76447012014972,-1.305289166182677,3.2929092888064444,-4.174436998535947,-2.554276666526756,,,0.023224846,0.024821099,0.022517659,0.10198742,0.041284457
0,layer10_83463,,3118570226007480832,94.96061754318995,-1.0511221980284071,3.1832853850899583,-6.319257775853883,-2.9136057238685136,,,0.04173462,0.0420792,0.036723204,0.1261234,0.03430047
0,layer10_83463,,3118586198988136448,94.76945912240474,-0.9450236622464924,3.4508003167689325,-4.770244544897993,-2.988192012572371,,,0.07596408,0.099057555,0.075994335,-0.007123782,-0.05027715
0,layer10_83463,,3118603280076109184,95.6170577537875,-1.117983989897451,3.1635574028733835,-4.505361423146877,-2.789086679060976,,,0.03807964,0.039329015,0.034609366,0.21972044,0.15691479
0,layer10_83463,,3118613072601485952,95.88145074949824,-0.9571001291872115,3.370495860875025,-4.786820774535054,-2.942877449537551,,,0.041788664,0.045592587,0.040791348,0.28646773,-0.12415209
0,layer10_83463,,3118615301684789632,95.71693012854573,-0.9381024603346748,3.212318391121113,-4.877501994852933,-2.716197801950753,,,0.11797843,0.13878174,0.11517585,0.2396161,0.032370053
0,layer10_83463,,3118617122751024896,95.693329276559,-0.8624358866263765,4.604140378491427,-6.148424759240778,-5.59329624118663,,,0.1847753,0.19422685,0.16714977,0.18935716,0.21298972
0,layer10_83463,,3118629702714508288,95.587546619721,-0.8259831627501448,3.103653515391229,-4.1391856323582505,-2.304565679989882,-50.77106,9.758949,0.11397884,0.132902,0.10481859,0.16173306,0.09624785
0,layer10_83463,,3118636265424989312,95.61217019248032,-0.6764009760087494,3.01221402564594,-5.004252434619116,-2.830251327793321,,,0.1508527,0.15725675,0.13859837,0.1939377,0.34876835
0,layer10_83463,,3118640281214435584,96.07883760403736,-0.744622488716834,3.5512169929163324,-5.104597230934153,-3.219032599945528,22.354832,1.190776,0.037260637,0.034966737,0.033031765,0.17451043,0.11677059
0,layer10_83463,,3118648222613705856,96.25500182716812,-0.6488149131254609,3.388140441365789,-5.050638492968765,-3.2907498596201923,,,0.04921286,0.053269144,0.05307921,0.071708225,0.12933737
0,layer10_83463,,3118652895538125696,96.14639716110088,-0.5618698353633697,3.010767518792863,-4.789643003603709,-2.4624073456380806,,,0.047877822,0.05104724,0.055391084,0.11461135,0.2191239
0,layer10_83463,,3118671793393579136,95.92941806513151,-0.3507839988837706,3.9037100045914337,-5.0568550612616745,-3.555309513292709,29.651833,4.6502037,0.024079083,0.036230274,0.033649586,0.055764243,0.14577813
0,layer10_83463,,3118676741196366720,95.36383330154062,-0.6857464847975085,3.312910588154942,-4.695968576685951,-2.745471901550548,,,0.048762217,0.04712337,0.046621293,0.2441295,0.22983482
0,layer10_83463,,3118690755672668160,95.15960524975137,-0.6668221765640107,3.1172148441409258,-6.195339413700538,-2.773075784380095,,,0.1606586,0.16013436,0.15412563,0.11862513,0.1772462
0,layer10_83463,,3118692851617653376,95.25083758895528,-0.6020044534906667,3.2837635693867417,-4.216302361250328,-2.81629850429996,,,0.21263179,0.20803663,0.19276507,0.1342978,0.21216936
0,layer10_83463,,3118710619898075392,95.74781314649636,-0.4465580612280753,3.4126255902682456,-4.472279637084534,-2.9133921101630764,23.006046,1.4158155,0.018249568,0.016979292,0.016555011,0.04871745,-0.061686195
0,layer10_83463,,3118717491845703936,95.76890397483518,-0.3855223857933283,3.332184557660532,-5.140776412282488,-3.349286015742708,,,0.13724217,0.12137587,0.113104664,0.21931148,0.086441
0,layer10_83463,,3118723023763515520,95.79208389140156,-0.2802356817740011,3.623502593435981,-4.923333628323943,-3.1590341097103813,,,0.17658728,0.16587101,0.15923645,0.09591666,0.24863678
0,layer10_83463,,3118728276507583488,95.5641503996532,-0.2892430004474768,3.72338395066426,-4.51564325212714,-2.820241712050995,,,0.19548276,0.12676695,0.107644185,0.3088112,0.23307206
0,layer10_83463,,3118729616536162304,95.34504348082564,-0.3590089495707152,3.049251718478803,-4.674618610303264,-2.7289742378924555,40.782555,4.3846273,0.014346157,0.01551389,0.013670785,-0.06743734,0.12547427
0,layer10_83463,,3118737386134134784,95.69410330931562,-0.163788937667094,3.0847049100511343,-4.721900995255738,-3.1641975921131533,,,0.07047207,0.06425124,0.06269548,0.025271684,0.32025006
0,layer10_83463,,3118739825675378176,95.4691722128426,-0.1401664928530584,4.824271662111219,-6.462424655685982,-4.791174102153386,,,0.10201977,0.08914821,0.07844548,0.24544139,0.014237017
0,layer10_83463,,3118751469330159744,98.42064286780251,-2.110360052723321,4.012509641481426,-6.180458325422888,-3.58438931721563,,,0.36958972,0.3665619,0.29779634,0.30107465,-0.029119989
0,layer10_83463,,3118757005545243776,98.5686156495028,-2.068428266584192,3.570906259957048,-5.586470023222602,-3.3448094516824134,,,0.2528987,0.19699514,0.16517814,0.32593584,0.190357
0,layer10_83463,,3118879734233857920,98.39124705547196,-1.356954882109427,4.319308735372638,-6.624656454320995,-4.010971874348391,31.04228,8.7291155,0.019078895,0.022796724,0.020142052,0.08648045,0.0060716746
0,layer10_83463,,3118890355690198528,99.11993317424675,-1.6079860345838604,4.150517290211984,-7.625947112600179,-3.8616668058116552,,,0.09602253,0.108013794,0.09163894,0.22440594,0.07273754
0,layer10_83463,,3119092150431955712,97.98906129552626,-1.0042777928475464,3.4890935198726787,-5.516809098445857,-3.2780164385784287,,,0.05668022,0.057490066,0.05387778,0.058100924,0.049122136
0,layer10_83463,,3119097059576733568,97.45372649277944,-1.3890744193186495,3.676057802593746,-5.285079842936113,-2.975778540996926,,,0.12586814,0.12296747,0.10587961,0.2940469,0.07137159
0,layer10_83463,,3119102557134769408,97.31417428838267,-1.2781255860244594,3.3008340003183614,-3.9067465194659055,-0.7048382563855176,-1.1421171,2.0049298,0.018642543,0.020627154,0.016770437,0.09965942,0.122712776
0,layer10_83463,,3119102557138060672,97.31242176384896,-1.2771432080455836,3.2411714212385565,-4.058481563965992,-0.8103724570188352,,,0.040766016,0.044626895,0.036847457,0.16760851,0.095178396
0,layer10_83463,,3119140769461716480,97.9938360163335,-0.955439551836476,3.5785959937000835,-5.570752250242883,-3.201379930251553,18.981459,1.9573482,0.02277298,0.023409812,0.021235583,0.07644374,0.11385954
0,layer10_83463,,3119144819614477824,97.83479624445732,-0.8574724101431954,3.4093571444094537,-5.549488529876684,-3.181198116165336,,,0.04858953,0.046953782,0.043803316,0.17918967,0.09072067
0,layer10_83463,,3119194817330161664,98.5071562429392,-0.7454870392328509,3.9494986936454377,-6.229822037522857,-3.42145320424927,,,0.10929404,0.10909799,0.09656655,0.3100964,0.07153558
0,layer10_83463,,3119876308381548928,97.07357804480752,-0.9340487988884664,3.6149790496263727,-5.158927997902838,-2.611715029450086,,,0.25984535,0.22451496,0.21091184,0.18826908,0.10292518
0,layer10_83463,,3119884692157667328,97.24574323438137,-0.829757907099981,3.662709648501073,-4.64516474604136,-3.6760719866718814,,,0.26707748,0.21657254,0.19922258,0.1744141,0.06971038
0,layer10_83463,,3119893999350016512,96.79375466357358,-0.8422530767736812,3.0567137584555257,-5.205843056831428,-4.325716494184033,,,0.15898734,0.16410509,0.14760163,0.0532039,0.05855097
0,layer10_83463,,3119894239868206080,96.8017798705012,-0.8263220544947757,3.3824528486012286,-5.165032821107465,-3.3811157483352194,,,0.12465864,0.13507338,0.11855682,0.0066563375,0.010138862
0,layer10_83463,,3119926026922449536,97.12283335473757,-0.6345340685011366,3.498707751230657,-5.297552164142029,-3.248762333230764,,,0.09265501,0.08303637,0.07115927,0.28004903,0.07381843
0,layer10_83463,,3119961176935822080,96.44917356838704,-0.6332970807424723,4.585168321262688,-6.269306699423758,-4.417908680658556,18.528826,0.394878,0.036251288,0.03967107,0.035783093,0.033547048,0.08556259
0,layer10_83463,,3119961554891663232,96.46041858962695,-0.6287613792559393,4.650758139392696,-7.074526277806315,-4.660352577956495,65.29284,8.866104,0.028212328,0.03261236,0.02841838,0.09443604,0.10741377
0,layer10_83463,,3119991757102568448,97.20688579294416,-0.1590262848290096,4.416374897125908,-6.481669912653284,-4.348866707069642,,,0.09960089,0.114710644,0.10676213,0.13120864,0.39833847
0,layer10_83463,,3120015083065930624,97.61657736159478,-0.4419482313683173,3.3968555159270486,-5.294902128162511,-3.336241022218416,,,0.13257252,0.14525148,0.12381751,0.0017429854,-0.020487128
0,layer10_83463,,3120156679547855744,96.24075581098408,-0.3895953288625846,3.396814748841534,-4.826008851983725,-2.8812182372697173,,,0.10892752,0.13390541,0.12419066,0.06362005,0.1493623
0,layer10_83463,,3120156752567134208,96.33732837442864,-0.4320689269191146,3.071314148533833,-5.072378909671591,-3.5248949637811826,97.78672,13.412743,0.028247138,0.035385616,0.031214273,0.15829048,-0.020970846
0,layer10_83463,,3120169946706777088,96.25475961035622,-0.3581361249353031,3.6486016645221135,-5.240375716547153,-3.5061535019947283,42.35464,13.259409,0.031367,0.037016977,0.03123015,0.14482252,0.07055386
0,layer10_83463,,3120171041919822976,96.20222009376084,-0.3157597980368456,3.063200179303728,-6.619068990494104,-2.544855817587204,,,0.16190004,0.18615165,0.16471235,0.16820528,0.118989415
0,layer10_83463,,3120172764204864384,96.1116693667535,-0.3054095235708655,3.0860773988182464,-5.049271696895246,-2.8310662410479366,,,0.059499245,0.0793098,0.08318811,-0.065768994,0.3140773
0,layer10_83463,,3120174340453613312,96.16113522285396,-0.277124604608204,3.0648643022720643,-5.257243752014434,-2.678748365274459,,,0.12480641,0.13875745,0.12369629,0.20309135,0.12986252
0,layer10_83463,,3120177127891935360,96.36132018773776,-0.2515437562103869,3.244556481707033,-4.709150073195391,-2.875188595455969,,,0.08404588,0.08894405,0.07413863,0.18207626,0.1549067
0,layer10_83463,,3120182522367102976,96.18862787445526,-0.1209350184125326,3.1218266463966344,-5.680270815838067,-3.0389808728121714,,,0.29185095,0.30990994,0.28271753,0.06698149,0.15896414
0,layer10_83463,,3120225673903140352,95.95312497279788,-0.141668672505909,3.341396461931307,-4.4289079826207205,-3.005888865473749,,,0.14538695,0.16192946,0.14706518,0.07704387,0.21806705
0,layer10_83463,,3120227327469336192,96.00233957005604,-0.1061787187753661,3.224984648158069,-4.626107813473198,-2.869779239070997,,,0.02979058,0.036289707,0.037569247,0.098200016,0.036513217
0,layer10_83463,,3120229148535939584,95.97448757404597,-0.0228717253121955,3.1805396090974463,-4.57916604463571,-2.251670378610956,19.677052,2.256165,0.04082951,0.04837899,0.04777945,0.01581897,0.17671439
0,layer10_83463,,3120261274890618880,96.192633891254,0.1456546272783298,3.3014936842941256,-4.987703608450979,-3.291713417475488,35.67162,5.698382,0.016401997,0.01837244,0.014690346,0.06167471,0.032104947
0,layer10_83463,,3334995616618254976,87.03861069561135,7.712386981790513,3.052838584803171,-2.0470495272757283,-4.239801670407574,,,0.1318735,0.13369676,0.10140529,0.034007363,0.18433678
0,layer10_83463,,3335022799468277376,87.17609853645983,7.883804198360481,3.031420690110869,-2.1307341910318294,-4.3490887828744045,,,0.106899865,0.1253,0.10449419,0.043641485,0.17361116
0,layer10_83463,,3335039223423018624,87.05836867869735,7.979800196601657,2.987224466086028,-1.9768114539373427,-4.325695388411762,,,0.08678805,0.10338578,0.07301756,0.06446845,0.21515211
0,layer10_83463,,3335070795726663168,87.95680923120692,8.09369177407196,3.1188753050091544,-2.2010818660169327,-4.619460209704632,,,0.14590935,0.15240611,0.12293661,0.3029687,0.049130272
0,layer10_83463,,3335076160142184192,87.80639312503936,8.03363886182269,2.937551125000391,-2.396983461877328,-4.497577000458987,,,0.1513487,0.13892435,0.124504514,0.17408401,0.32966924
0,layer10_83463,,3335081893922268288,87.6376130612209,8.162209913849011,3.0894536688961325,-2.072372697353892,-5.077850672145582,,,0.09667875,0.099012025,0.08167799,-0.0104324855,0.27469772
0,layer10_83463,,3335172401768974208,88.09446327649178,8.637699277731757,3.117591719212124,-2.592876242524249,-4.789554195496642,,,0.047829516,0.06342337,0.04390441,-0.007842024,0.07560188
0,layer10_83463,,3335378972516410624,87.45535559041151,8.845729740449258,3.1419747193193595,-2.15016458519627,-4.564730419795361,,,0.05668483,0.06961639,0.050098084,-0.011391896,0.1413325
0,layer10_83463,,3335384092115549824,87.83441296518198,8.94412502380211,2.9031476599869075,-3.030730289181553,-4.4078987475105205,,,0.28113207,0.3606916,0.25511402,-0.018541437,0.19406404
0,layer10_83463,,3335385737087514112,87.8338419728816,9.025413418324112,2.958902752786372,-4.103629520105713,-4.968486757376404,,,0.12669952,0.1508815,0.1088434,-0.14872259,0.3085375
0,layer10_83463,,3335389452236546560,87.67726924063015,9.044842085213078,3.0049612335363625,-3.836225689478397,-4.516703614086012,,,0.07542099,0.09922533,0.06914462,-0.030425027,0.08867598
0,layer10_83463,,3335469849728073856,87.21336905032723,9.3290285219782,2.9856875579708646,-3.066824921192877,-5.480597115449179,,,0.041802723,0.05552322,0.039345425,-0.15182818,0.17979243
0,layer10_83463,,3335474419574345472,87.06952740751022,9.410196105923603,3.021970672948998,-2.136326831704987,-4.400604304526684,,,0.13362242,0.19500096,0.118233845,0.02641669,0.03580814
0,layer10_83463,,3335474458229066880,87.07490930901908,9.411050538906164,3.0827131561835164,-1.969250257883907,-4.610291548369552,26.224487,0.8051209,0.020426745,0.03043909,0.017573863,0.030109301,0.028869754
0,layer10_83463,,3335482567128143616,88.69683457767992,8.586437532973592,3.205853653157199,-2.4175533693801103,-4.2051557750428765,,,0.050293148,0.056932844,0.04192511,0.17234689,0.28951335
0,layer10_83463,,3335482773286474112,88.69325692410501,8.590058245069118,3.0961152405116303,-2.5167035475713213,-4.55446653701313,26.304266,1.7107364,0.016918896,0.017336521,0.01301317,-0.033246703,0.112016745
0,layer10_83463,,3335490912248970112,88.77945561327904,8.684606236385703,3.164480816499318,-3.2697210359341904,-4.4304163031550114,,,0.20315263,0.22418351,0.18282895,0.06559875,0.09251356
0,layer10_83463,,3098522315105491968,101.80145147816818,-9.03462079201918,2.774841843346656,-6.2625804817643465,-1.1910597458203414,,,0.11156477,0.10188386,0.095335014,-0.038305443,-0.069624074
0,layer10_83463,,3098533516379658240,101.48594991332938,-8.952881850718576,2.7950057574321776,-6.195869539367319,-1.3984188057358533,25.718983,8.633052,0.02180161,0.016959347,0.017507518,-0.06435949,-0.029983724
0,layer10_83463,,3098627799502432384,102.11108062260908,-8.742259761438259,3.852774575139175,-7.46274572742141,-1.93328024057458,51.193558,5.8060946,0.022101492,0.022519547,0.022160472,0.053632613,-0.014590898
0,layer10_83463,layer12_88324,3098637420229309184,101.8277649144341,-8.725373329404245,3.711211104173607,-7.158577443942655,-1.9499551023039208,-74.30357,13.275115,0.036405712,0.035050135,0.03256868,0.041987564,-0.10525745
0,layer10_83463,layer12_88324,3098677376305644928,102.20536761464687,-8.310259379340186,3.672576458929449,-7.044808978084101,-1.7806571205033956,22.379015,0.7838036,0.03305471,0.032736775,0.03401951,-0.0061362647,-0.18452948
0,layer10_83463,layer12_88324,3098696377238098432,101.59212012610476,-8.400327377931708,3.757960023573488,-7.139983297847324,-1.8288315155695367,,,0.14769775,0.15798666,0.1541653,0.2079115,0.07205531
0,layer10_83463,,3098730672558109696,101.9338192793328,-8.173595466386423,2.825187874440148,-5.8149531328037085,-0.3144929257174055,,,0.033888903,0.03490118,0.033318996,0.22803456,0.035166577
0,layer10_83463,,3098751662057860352,102.05920892806488,-7.958653798492526,3.168260623666644,-6.294712067257647,-1.3992537980996491,,,0.09447732,0.07980238,0.07465843,0.25098667,0.05405712
0,layer10_83463,,3098785265887367296,100.57121819835994,-8.611434382022635,3.2809951782294138,-6.187956187938895,-1.645575932285807,,,0.18858033,0.2032291,0.227065,-0.07425086,0.1309525
0,layer10_83463,,3098817740133501824,100.697959157161,-8.34931304327435,3.7598915843998473,-8.030063255768663,-1.040140763460619,38.74044,2.6848207,0.015025619,0.017538605,0.0151701,-0.0070825396,-0.02730809
0,layer10_83463,,3098847461306472448,99.95436153800276,-8.458450882350085,2.753280356265253,-6.640261933067954,-0.4525288078838253,,,0.072720595,0.07389466,0.0759232,0.110826164,0.27266517
0,layer10_83463,,3098851687554288512,99.89275117570656,-8.387853330326116,3.2000172195699075,-5.800760297421586,-1.3015700513024793,,,0.041027773,0.04187732,0.03835955,0.15117928,0.16022861
0,layer10_83463,,3098895045247526144,100.51974123788004,-7.946822004094228,2.71844166946329,-5.312014637399686,-1.2635928874250613,,,0.113268554,0.12061297,0.13242169,0.11418865,0.14141905
0,layer10_83463,,3098914011821248640,101.34202029253562,-8.035952144776152,3.4072860988667584,-6.7705536798322,-1.6653561685054752,,,0.10044956,0.103280865,0.12070367,0.14228152,0.3236518
0,layer10_83463,,3098915390510156288,101.3971686518752,-8.020051923627927,2.7524008830769864,-5.7436115350052335,-1.143959122586706,,,0.14452153,0.15860556,0.15671438,0.08227055,0.16945896
0,layer10_83463,,3099019668018239872,101.33425376538216,-7.409639661271458,2.7067359099707566,-5.462299937419019,-0.938675293446871,,,0.07731962,0.07645462,0.07422262,0.15715195,0.07814991
0,layer10_83463,layer12_88324,3099047430688201984,102.64336628952104,-8.148444662132116,3.746595750584686,-7.112564908357402,-1.671833395916809,,,0.1368454,0.15101619,0.12969357,0.042796016,-0.021961004
0,layer10_83463,layer12_88324,3099058223946000512,102.4478188355518,-8.179682826929385,3.9767287892410335,-7.670184283030208,-2.2795352077459587,17.479965,9.481208,0.02993062,0.029701551,0.028220568,0.028520452,0.028069895
0,layer10_83463,layer12_88324,3099065302051904896,102.4384834271485,-7.984815974100298,3.904422475104696,-7.604292155337603,-2.3036425532429563,,,0.08026035,0.077252984,0.0756298,0.0052043623,0.0038871458
0,layer10_83463,layer12_88324,3099097497126083584,102.7614387887749,-7.787479617931213,4.008688146929805,-8.032082371715676,-2.550698284163188,,,0.1156445,0.112521365,0.10699878,0.096625015,-0.091263294
0,layer10_83463,,3099099764868611712,102.83587481689956,-7.709447905956295,4.331473707058397,-8.090590082440237,-2.43471716852363,,,0.03322612,0.032368217,0.029346207,0.17810635,-0.07202655
0,layer10_83463,layer12_88324,3099125908330835584,102.5223820698855,-7.717233384257055,3.4437127538783967,-7.176296848744539,-2.262223672937852,,,0.17042656,0.17920364,0.15624888,0.09565113,0.12110278
0,layer10_83463,,3099132161799344896,102.0277623145932,-7.821507311272128,4.344078244267496,-8.103229551014874,-2.6940635230662333,,,0.06955596,0.052394815,0.05123389,0.30287668,0.127464
0,layer10_83463,layer12_88324,3099136461068530816,102.31655422785909,-7.750545507752929,3.553033547944038,-6.913950311786155,-1.839078811992092,,,0.056936998,0.05870148,0.058198474,0.03819328,0.15592211
0,layer10_83463,,3099141404568343680,102.2788230849388,-7.629890670730961,2.801774628553274,-5.60528407778302,-1.1667216787227646,32.1231,5.1349583,0.013305259,0.014191107,0.015633019,0.042802706,0.21611536
0,layer10_83463,layer12_88324,3099146627251221504,102.6033631958272,-7.681301195495723,3.457687006012786,-7.095698484169574,-1.7590417240594818,,,0.0952104,0.09329301,0.089224905,0.08739485,0.08792553
0,layer10_83463,layer12_88324,3099167590993361536,102.44422176982248,-7.510850258716329,3.7878123421992926,-7.10849710034715,-2.108548923557456,,,0.05535614,0.060510397,0.063789584,0.078944415,0.1522063
0,layer10_83463,layer12_88324,3099168376962953472,102.36639650731324,-7.476218609630113,3.5258725794820074,-6.8468501634358425,-1.8195832423507805,24.281307,1.0968267,0.016551338,0.01831856,0.01614556,0.036234833,0.08704068
0,layer10_83463,layer12_88324,3099194941344864128,103.40489135504212,-7.477418388463386,3.9661478544714592,-7.990657759742221,-2.400885723303841,,,0.095106296,0.10653527,0.09013352,-0.10417919,0.0654983
0,layer10_83463,layer12_88324,3099195280641541888,103.45705477230337,-7.44049429680087,3.4295371735687064,-7.587446360923573,-1.8484154904850951,,,0.19059429,0.2049546,0.17701368,0.021879047,-0.054139595
0,layer10_83463,,3099202947164112512,103.1832419285048,-7.481376372000987,3.383285350772561,-6.8612674080187945,-3.4826420658986232,,,0.05251875,0.050055075,0.04708249,0.21913376,0.12473635
0,layer10_83463,,3099212013835862656,103.32782595693529,-7.315534320867563,3.0170559704890456,-6.875004762665199,-1.379937426977824,,,0.086520545,0.093178414,0.07495943,-0.19033316,-0.08019782
0,layer10_83463,,3099231912423793920,103.84390769170771,-7.128530784229334,3.0525672968242605,-7.649484459902601,-2.1940833702121942,,,0.054455265,0.039309796,0.040314805,0.12709887,-0.1924863
0,layer10_83463,layer12_88324,3099235657634345600,103.63690705974884,-7.204139705277835,3.518936815750254,-7.560873328990061,-1.7037085851991378,20.116148,1.5048987,0.016280947,0.015940093,0.014036636,-0.047225144,-0.04100948
0,layer10_83463,,3099237822298027776,103.44680268641474,-7.216763028292239,3.211707039964121,-6.299685126407935,-1.5692313511854463,,,0.057515595,0.064542025,0.05268004,-0.21548772,-0.09385256
0,layer10_83463,layer12_88324,3099239712083499264,103.54019681217947,-7.151314966144056,3.7732940145311256,-7.3363059619354,-2.346900210489588,,,0.064138986,0.07073197,0.063587874,-0.077096805,-0.17862757
0,layer10_83463,layer12_88324,3099248886133339264,103.69414618759944,-6.972724417363928,3.430375983361591,-7.222960111880126,-3.0109190308174223,-12.354445,6.0874057,0.03184702,0.031002948,0.030335395,0.1077941,-0.16574152
0,layer10_83463,,3099250363602035712,103.70149546302108,-6.918506481082466,3.086007989130111,-6.65406546836048,-1.7759815581519938,,,0.051560447,0.047041476,0.050322972,0.186623,-0.20212132
0,layer10_83463,layer12_88324,3099251939849542656,102.98350160941456,-7.395854093118333,4.006114264294826,-8.196973424073214,-2.428301971543745,,,0.03264686,0.02782329,0.029244108,0.1665101,0.03972416
0,layer10_83463,layer12_88324,3099256445276882688,102.84729592459858,-7.329538218930162,3.526737459222762,-7.123584527168815,-1.9379157153053057,,,0.071832925,0.057305004,0.055485304,0.07459511,-0.13121744
0,layer10_83463,layer12_88324,3099257574846631680,102.98880929193578,-7.28856057504601,3.5731770772583085,-6.230721106569884,-2.0986855700593106,19.848486,2.0750163,0.027469631,0.02659923,0.027684145,0.09376469,0.0008979985
0,layer10_83463,layer12_88324,3099257579148080000,102.98106812451692,-7.285867376905034,3.5661523887628483,-7.21443812613607,-2.0640034845006485,14.605628,4.5042562,0.02897975,0.02594545,0.026374869,0.14744848,0.10846587
0,layer10_83463,layer12_88324,3099265688046992000,103.11953775462958,-7.127617408072587,3.783106292581137,-7.040188153762676,-1.912281303551317,,,0.1533575,0.14835751,0.14447045,0.06690255,-0.0075295204
0,layer10_83463,,3099267474752383488,103.12036295732965,-7.094597842014769,3.8240513053371297,-8.762497016693269,-3.042514959142133,,,0.16857266,0.18292959,0.17190576,0.14680794,-0.008008811
0,layer10_83463,layer12_88324,3099267749630225152,103.18345113555142,-7.084845342448134,3.5956834131421647,-7.50092305160621,-2.134158635268736,42.778774,10.319484,0.02723182,0.03067591,0.02665003,0.0027488733,0.06576551
0,layer10_83463,,3099273036726010880,102.76201192732036,-7.19628711782766,3.353445868362826,-8.29127630776567,-3.25868507392332,28.312923,2.243532,0.09475414,0.07517353,0.06879507,0.19896224,0.0028162217
0,layer10_83463,layer12_88324,3099295615377580032,103.56843346251551,-6.935723365490713,3.439279375438392,-7.400559658863823,-2.599210471801443,24.460192,7.8444905,0.02586452,0.02508872,0.023376977,0.16519102,-0.061929632
0,layer10_83463,layer12_88324,3099296508730815616,103.50540929091363,-6.92448210430459,3.6114568450656623,-6.550088710701377,-2.4762613494169883,20.809977,2.8969736,0.03315658,0.033420403,0.030954242,0.16115075,-0.11031872
0,layer10_83463,layer12_88324,3099297814400699520,103.6614243767129,-6.859736142185682,3.4831828543621697,-7.42258701796136,-2.2673994679307765,,,0.03319832,0.032604124,0.031222243,0.28250477,-0.2367963
0,layer10_83463,layer12_88324,3099298291135728000,103.58099056658924,-6.878012861155076,3.538883946618241,-7.148885373752988,-2.4965220586438908,,,0.09473521,0.0804516,0.07894401,0.10394877,0.041137725
0,layer10_83463,layer12_88324,3099300185222870784,103.401411420909,-6.895130587265541,3.6526181049733615,-7.421621849639417,-2.192285292987723,17.345232,9.233934,0.016963761,0.01691656,0.015497029,0.11213346,0.1018667
0,layer10_83463,layer12_88324,3099300700618897408,103.43561434343032,-6.869443039812176,3.428207878423855,-7.558892114794261,-2.520125753570596,,,0.16067177,0.16168074,0.14988394,0.22990225,0.013579605
0,layer10_83463,,3099303067139542016,103.55674994731196,-6.762625173037257,3.867866384215301,-8.480034971501421,-3.069975764546119,7.27492,8.1401005,0.05896534,0.061697863,0.058094814,0.25858536,-0.052176803
0,layer10_83463,layer12_88324,3099304892506482560,103.14505234366204,-6.950421888941687,3.462318993994964,-7.143739691443087,-2.194179682660476,,,0.05865983,0.07234491,0.067487195,0.0749888,-0.035357654
0,layer10_83463,layer12_88324,3099306919731694336,103.24656848603432,-6.866810004376531,3.582965687561291,-7.539768460233985,-2.028481457168518,,,0.029151037,0.0327108,0.029123023,0.018656243,-0.058582716
0,layer10_83463,layer12_88324,3099306919731694464,103.246270555051,-6.867363572374903,3.628975440010669,-6.91059589928229,-2.7915028236522565,,,0.057858348,0.06455725,0.05759374,0.0076856427,-0.07689677
0,layer10_83463,layer12_88324,3099310935522687872,103.22082595628294,-6.797760296842954,3.383484627736607,-6.768041341594847,-1.9518961612775807,,,0.10502238,0.113204546,0.09917582,0.070780255,-0.011685684
0,layer10_83463,,3099312760887040000,103.4156241734434,-6.8252138296226255,3.6897439017030456,-6.346019822212859,-0.5944580235739432,,,0.19431962,0.22837691,0.19276978,0.0993211,-0.09509476
0,layer10_83463,layer12_88324,3099313997837578880,103.39360627812306,-6.765585111979102,3.620772828195285,-7.478403581098202,-2.2232414019449647,,,0.10286813,0.114786446,0.11202597,0.14848424,-0.054111984
0,layer10_83463,,3099314203996040832,103.33645266757186,-6.753237603158286,3.1577072913673603,-6.3288230932404295,-1.806458904214422,,,0.06969612,0.083596505,0.07440318,0.1431955,-0.12586151
0,layer10_83463,layer12_88324,3099314440211728768,103.43367359541016,-6.789902480093945,3.5669544977113685,-7.139359188610583,-2.1968042830519323,24.539581,3.2155073,0.014189858,0.015922256,0.014206401,0.052652486,-0.11217118
0,layer10_83463,,3099319254877023488,103.34474641003985,-6.678443884062543,3.2084574229683507,-6.670928071004928,-2.0734672388152333,,,0.09059658,0.098783605,0.08884574,0.1882814,-0.08283913
0,layer10_83463,layer12_88324,3099320079502843520,103.32944165455449,-6.654909629595208,3.594028410603616,-7.115491004884622,-2.158763128394372,,,0.271826,0.27622402,0.24939291,0.2658165,-0.17264046
0,layer10_83463,layer12_88324,3099367221070969984,102.55641939709297,-7.239095255743521,3.499968136342793,-7.099673393660867,-2.069840096952239,8.265713,20.580278,0.032353275,0.03328731,0.031834856,0.2550253,-0.08538353
0,layer10_83463,layer12_88324,3099370588324464896,102.37033888481828,-7.187380006764357,3.5574868347843465,-7.0232024977667,-1.9257432542817967,,,0.05813721,0.06205261,0.054706793,0.23584074,-0.0802115
0,layer10_83463,layer12_88324,3099374672832665600,102.14661837597022,-7.251065033224918,3.6444052761788734,-7.023346477650938,-2.160921902721014,,,0.013138573,0.013082355,0.01318023,0.13746816,0.11181609
0,layer10_83463,,3099380964965533952,102.15626582275468,-7.12051416072238,3.2871732494664747,-6.631144494726928,-2.044530409422365,,,0.042624347,0.046397794,0.044004906,0.1683343,0.09005838
0,layer10_83463,,3099384980757981952,102.40732979615156,-7.056403555670999,3.357935151731702,-6.914960632088225,-2.559648628557909,,,0.24252807,0.27936447,0.24920872,0.34255666,-0.19560029
0,layer10_83463,,3099390276454439552,102.27243489431194,-6.969853673440351,3.088252281331901,-5.726359705243081,-1.2108724669602278,13.275589,11.421839,0.02994098,0.032094933,0.030133752,0.21943256,0.016721727
0,layer10_83463,,3099391302948701184,102.30564342565953,-6.881010757075368,2.8442585693190687,-6.449492296067083,-1.739247777348228,,,0.021834191,0.020633927,0.0187025,0.1604897,0.09910805
0,layer10_83463,,3099398763306925056,101.61965903758124,-7.266097420112009,3.853400479485992,-7.456034860678002,-1.785614213770975,,,0.23026788,0.2347662,0.21024738,-0.06422879,0.042699642
0,layer10_83463,layer12_88324,3099415251688408576,101.31030719111322,-7.148871023106952,3.559059969594981,-7.116837661161464,-2.2278673429498466,,,0.184981,0.19130164,0.17563267,0.2181719,-0.10846514
0,layer10_83463,,3099417386287800192,101.43558701297876,-7.073460611500444,3.2373091449034024,-5.749186082520276,-2.122008276850037,,,0.062345047,0.058825314,0.055309437,0.06347317,0.034587085
0,layer10_83463,,3099418451439631232,101.6832953528401,-7.103160502596644,4.294147807794511,-7.799089035393405,-2.806845050621928,,,0.058115464,0.0505869,0.047566637,0.1914855,0.17761236
0,layer10_83463,layer12_88324,3099427518113421696,102.0090709289785,-7.086101888864268,3.92653177855454,-6.985315766478997,-2.1448324015924145,,,0.33272496,0.35990006,0.3834059,-0.0066768513,-0.12684163
0,layer10_83463,,3099445797494777088,101.7936079774472,-6.936207898638632,3.285678608204804,-6.789293887944893,-2.8821221314736825,,,0.0918758,0.08804299,0.08346669,0.16063,0.17824888
0,layer10_83463,layer12_88324,3099462294467913344,102.71500101178324,-7.1283076626567965,3.5445021113122905,-7.125898852689194,-2.222432804385275,,,0.037861157,0.030526873,0.028574763,0.21138197,0.037913293
0,layer10_83463,layer12_88324,3099462427605561984,102.72754624250692,-7.107355797523048,3.660793498035606,-7.144478646419168,-2.1227849269938086,14.780256,3.1359935,0.031986747,0.025296265,0.022858907,0.37371922,0.2252796
0,layer10_83463,layer12_88324,3099463600137951616,102.67341217855392,-7.05627215319426,3.7924625054459615,-6.835486859763003,-2.411726962806508,27.529085,4.497793,0.056932513,0.04346073,0.04033538,0.30044898,0.08518665
0,layer10_83463,,3099467310989743104,102.53060104460744,-7.042255165371742,2.7368595089402565,-6.084153897788418,-1.3416180422891542,,,0.12117931,0.118477434,0.11150599,0.19741207,-0.021576094
0,layer10_83463,layer12_88324,3099468376141577472,102.63592163875626,-7.0127483555785695,3.90575268614318,-7.125807918954081,-2.3195980683610253,10.891763,4.9046764,0.019998176,0.015729101,0.015147374,0.17223912,-0.07176939
0,layer10_83463,,3099470437725804288,102.64976637063288,-6.893671256572477,3.075382756763104,-6.407818082549986,-1.618947691644262,52.068245,7.731463,0.03312674,0.026320392,0.025495272,0.24670303,-0.045071524
0,layer10_83463,layer12_88324,3099472877267096704,102.95678649558673,-6.921942111514657,3.4597926112080053,-7.07374361066227,-2.0213738185135504,,,0.07053405,0.08329507,0.09772351,-0.050192572,0.34187275
0,layer10_83463,,3099486518082656896,102.51611151365064,-6.826951097719356,3.041999506619423,-6.243007568814511,-1.7550954324181771,8.701903,9.029955,0.034036882,0.026152672,0.0239927,0.16660172,0.009846461
0,layer10_83463,layer12_88324,3099507919897874944,103.28271253162532,-6.637707128310391,3.300020387555368,-7.196084653648586,-2.105207369587141,,,0.19184169,0.21818042,0.20344153,0.099973686,-0.12021749
0,layer10_83463,layer12_88324,3099508680114753792,103.3366598392358,-6.56742793085643,3.6047104341055727,-7.125010341835935,-2.254062890024606,,,0.070038706,0.07501189,0.071710125,0.0759663,-0.07120093
0,layer10_83463,layer12_88324,3099509019410027904,103.2293319279858,-6.59954211630269,3.6645875656699,-7.238809809361118,-2.3963859437624646,,,0.117827386,0.12905213,0.11214776,0.14071025,-0.015835492
0,layer10_83463,,3099513829772951680,103.15109078166029,-6.483475201470245,2.8047024888026666,-6.325753126422564,-1.6285600798979265,,,0.13659883,0.15089777,0.14127459,0.11617259,-0.053563487
0,layer10_83463,layer12_88324,3099517751085714304,102.96222240043446,-6.557802329016779,3.6012831390645066,-7.55325077936949,-2.1955985879034543,,,0.06563904,0.067898415,0.066109,0.043665927,-0.066071555
0,layer10_83463,,3099518884955844608,102.7456041206358,-6.638480697100841,3.218602964578088,-7.648263356108578,-1.7057051972612147,,,0.091257006,0.10782343,0.10546713,-0.009216126,0.14773022
0,layer10_83463,layer12_88324,3099522149130681856,102.87645919746691,-6.469778540185695,3.767016065493483,-7.423674738189449,-2.3120261462046816,,,0.0662332,0.07278117,0.06769702,0.23865089,0.055219445
0,layer10_83463,layer12_88324,3099523214282604288,102.82211129710284,-6.451184918596573,3.747972598970386,-7.217114303919875,-2.575797438514177,,,0.057288785,0.06049575,0.06295756,0.20578992,0.1909371
0,layer10_83463,layer12_88324,3099525099767775488,103.04528879823906,-6.467768313679735,3.381039751517036,-7.605123827099131,-1.6745644629913603,,,0.2174429,0.23468266,0.2091931,0.11099677,-0.07743448
0,layer10_83463,layer12_88324,3099525825623598848,103.0559794379854,-6.46569461789687,3.544412610854615,-7.177898940866359,-2.2026870164124936,22.657871,1.9904629,0.03520934,0.039414033,0.034619514,0.068687715,-0.06077523
0,layer10_83463,,3099530700404533504,103.02533191673106,-6.359345927873163,3.1587467830332296,-7.431495438065497,-2.3658591068608006,,,0.18217993,0.20453458,0.17545187,0.2795949,-0.028528053
0,layer10_83463,,3099531838576597248,102.99907515447832,-6.313033646880358,3.174882713295897,-6.684781891087062,-1.8854479189962383,,,0.16778013,0.18746018,0.15845676,0.2987617,-0.016101489
0,layer10_83463,,3099533590924359168,102.26035165882269,-6.787671668248164,2.795863655081525,-5.898460869661609,-1.3362033276971157,,,0.043657377,0.045158174,0.040369388,0.15971678,-0.004602354
0,layer10_83463,,3099536335405689728,102.39409763459436,-6.689183679351559,3.2318599026552244,-6.958843564279909,-2.468972137313042,,,0.21878436,0.19428444,0.18591905,0.1624076,0.1014396
0,layer10_83463,layer12_88324,3099541802901534464,102.5002267121236,-6.648896039560428,3.447073719316873,-7.024622570720709,-1.9374777901509,,,0.10274074,0.10200689,0.089439675,0.22919051,0.14386274
0,layer10_83463,,3099555203198621184,102.0121974020391,-6.601361768841693,3.226061142828587,-6.965049530398968,-2.05841848931305,,,0.13456343,0.14368893,0.13180928,-0.027274234,-0.10052518
0,layer10_83463,layer12_88324,3099571279259091200,102.77992382347216,-6.388726806116976,3.593874191346051,-6.826787604580422,-2.280841015774763,,,0.32524574,0.31361458,0.31026512,0.30206546,-0.07062092
0,layer10_83463,layer12_88324,3099574852671041152,102.70941340680452,-6.336091872717464,3.932797156141978,-8.323104009587434,-2.814076529139972,,,0.18839552,0.18228039,0.19079246,0.22221012,0.082158774
0,layer10_83463,layer12_88324,3099574990112221184,102.62068380748134,-6.367248463527837,3.520403577693266,-7.14914563283767,-2.389792340218924,,,0.15886901,0.16576932,0.17789647,0.26014075,-0.061022144
0,layer10_83463,layer12_88324,3099579289375265664,102.950734534333,-6.259792408594175,3.996841697529249,-7.920142616576449,-2.7288957869936006,,,0.052613635,0.052657723,0.04853044,0.2220487,0.07923933
0,layer10_83463,layer12_88324,3099580109709069184,102.93499117468524,-6.235956714877589,3.5209141725714583,-7.705236308516937,-2.26625981158935,,,0.054879755,0.05599248,0.054531883,0.17708474,0.1665057
0,layer10_83463,,3324872103825211904,93.68202743284276,6.530115829293441,2.798684427043062,-4.369622174789481,-4.38552547730332,,,0.107017435,0.119683325,0.0991872,0.16659406,0.13719486
0,layer10_83463,,3059295829035096832,108.6572811094167,-4.777926732057076,3.735171226053638,-8.232770595192422,-2.109093126328732,37.133892,0.57052726,0.015054064,0.014337773,0.012896681,0.10144003,0.056817424
0,layer10_83463,,3059426563540029952,107.12168510215967,-4.971749128712742,3.740049369890246,-7.4037568126172975,-1.6877033971827284,,,0.32128918,0.35900435,0.38330212,0.12890585,-0.19127123
0,layer10_83463,,3318977282688204672,92.08793952632816,6.009610607391257,3.272449545243028,-4.268494091927264,-5.086740884211388,20.211224,3.5374577,0.06597182,0.07571738,0.062894985,0.108037524,0.1839869
0,layer10_83463,,3319011401908164096,92.05023723054592,6.509001826505317,3.198294811603771,-4.172398332462129,-4.340384341578488,,,0.06864987,0.075359255,0.059697457,-0.012943955,0.21301913
0,layer10_83463,,3319022087788290688,92.9337567149639,6.175930566779133,2.8161044604434973,-4.084089138716231,-3.961800506788464,,,0.09227383,0.1031389,0.0954815,0.08011012,0.15381894
0,layer10_83463,,3319068232916568960,93.12044420158554,6.609370936704522,3.081765330466449,-4.1797439043863065,-4.34312848644825,,,0.09531751,0.09921947,0.08584973,-0.006056139,0.29387513
0,layer10_83463,,3319083484343223296,92.48163177041393,6.3657733177647895,3.014282208477233,-3.0060718177600063,-4.1877642373309225,,,0.16601844,0.1784142,0.15260084,0.16344883,0.17871599
0,layer10_83463,,3319093281165422976,92.61932495044486,6.530531611796734,3.897690298761126,-4.594523517352194,-5.125472366547808,20.4708,2.2648776,0.016546404,0.019294137,0.015840167,0.24180533,-0.011563312
0,layer10_83463,,3319134920870633600,93.00891527900556,6.98528718658394,3.3173019457726025,-4.454187715315371,-4.799204088320863,26.736841,9.413029,0.014291689,0.015960602,0.013263614,-0.07705841,0.26069155
0,layer10_83463,,3319871563596728064,89.38527332605275,4.5046845753262055,2.9384329607087736,-2.667811450256674,-4.24529906002879,,,0.057981033,0.057279743,0.05270218,-0.08776097,0.44943157
0,layer10_83463,,3319880561551819136,89.0238678457658,4.525399186275216,2.970110552571608,-2.7316224623925534,-3.242187142904097,,,0.1353091,0.1432858,0.11363081,0.11675978,0.29322833
0,layer10_83463,,3319920629302918784,89.76017655957415,4.905677395407064,2.937611849167951,-2.170411276522553,-4.587486035117602,,,0.20847945,0.21597391,0.16936097,0.117359735,0.20619409
0,layer10_83463,,3320192032580125184,88.71043595928468,5.288830087547434,2.9785349565445305,-2.699612238247975,-2.591455389035667,35.23989,1.911682,0.06340692,0.06128172,0.052990697,-0.26123428,0.54032487
0,layer10_83463,,3321328622662510848,87.64933748968649,6.730039152611721,3.039602760136244,-1.6320036745706,-4.713469466656075,29.38942,8.683848,0.018697161,0.018832603,0.015530658,-0.089457914,0.26782972
0,layer10_83463,,3321476060299479680,89.69281370941837,5.158056621027958,3.133419264730643,-3.051007773466011,-4.015513430109407,,,0.11492149,0.11789529,0.09309059,0.17137821,0.06411031
0,layer10_83463,,3321484371060699904,89.8193105594393,5.289830497851495,3.019928675770017,-2.908494019628416,-3.913627675753293,,,0.10008354,0.10893251,0.08663921,0.06556901,0.16884226
0,layer10_83463,,3321508358453221632,89.62551879361507,5.5494967561386765,3.080868586139766,-2.969222913252468,-4.090947921333807,22.181725,4.249654,0.027116107,0.024202472,0.019578207,0.12249222,0.39028084
0,layer10_83463,,3321545638770635904,90.73329452923468,5.413898871795085,3.2648570025712336,-3.1857071670351087,-3.9686998337249935,,,0.027294002,0.031967353,0.026302634,0.0586746,0.1272446
0,layer10_83463,,3321559176507496704,90.79550436568891,5.668206939154852,3.113279930538528,-3.2673144322785275,-3.9333942074264487,24.74407,1.4765356,0.016157717,0.018825777,0.0150244385,0.012056649,0.10768796
0,layer10_83463,,3321609479164301568,91.17192824678476,6.098809171777984,3.242422244116016,-3.788832943027506,-4.635672403479995,,,0.06927644,0.07466945,0.053513687,0.24460226,0.21797562
0,layer10_83463,,3321609852826594176,91.17260035831312,6.110132334527416,3.19713094448442,-3.503751060035108,-4.197124330936028,,,0.18850498,0.20717075,0.15953876,0.16490145,0.062146857
0,layer10_83463,,3321623768518761984,90.32059130661764,5.913084965415524,3.0490439602272,-3.70319868094723,-4.397209129792842,72.913376,9.05443,0.03478334,0.035790488,0.03017506,0.22634712,0.22423568
0,layer10_83463,,3321629751409749248,90.51684979445916,5.980504269577188,3.115629485198498,-3.2814295082635807,-4.331962665151683,,,0.07766406,0.08160545,0.06554689,0.070228875,0.03585366
0,layer10_83463,,3321652360117512320,90.68090758628692,6.0644510479051785,3.2243859466738587,-3.015046914295576,-3.945449235049706,,,0.04781545,0.065251924,0.056464776,-0.061811764,0.23071495
0,layer10_83463,,3321670330260672256,90.52266088803825,6.22361796570106,3.04267523583086,-3.1114636505689863,-3.9701880701016106,,,0.07834174,0.08301706,0.07560852,0.044854436,0.31543607
0,layer10_83463,,3322050280248360960,91.30156830032254,6.57320298835232,3.062254161358257,-2.806543934559923,-4.4531450906854495,,,0.03967278,0.03874005,0.03145279,0.24783301,0.22431739
0,layer10_83463,,3322212423854216832,91.8000725156066,7.393128018541747,3.042498678179021,-3.167829520074078,-4.107152473116408,,,0.10855826,0.10164507,0.08345009,0.29014727,0.26317865
0,layer10_83463,,3322254823770987904,90.60148395927165,6.736151604760918,3.1235956827102886,-4.917213995548511,-5.119907640090748,,,0.06165371,0.06854209,0.051594153,0.1180441,0.06303287
0,layer10_83463,,3322259496695326976,90.84251854893049,6.82904975493461,3.155985981500026,-3.253011710943541,-4.201221457191983,,,0.083675414,0.08961721,0.07123472,0.22536923,0.101406276
0,layer10_83463,,3322263306330923264,90.83572903385054,6.889241447578849,3.144296465138818,-3.921582993661211,-4.068287913153546,,,0.25750244,0.32291704,0.24647899,0.15293984,0.019843688
0,layer10_83463,,3322277874860408576,90.81236749391024,6.976718938915909,2.9860853416867723,-3.312480846969211,-4.986099138290728,,,0.21213873,0.22430256,0.17893267,0.122773774,0.16649158
0,layer10_83463,,3322299422711938560,91.15957249266128,7.230071212061296,3.12866827597703,-3.536892458254363,-4.433807064828906,24.404072,2.616226,0.029209085,0.035473347,0.028228978,0.0045173345,0.1319905
0,layer10_83463,,3322379029926940672,90.54671454549226,7.514741116514228,3.183604356039217,-3.72224123422234,-4.790543652814229,21.84033,2.4751303,0.018014608,0.017112324,0.013889301,0.025658278,0.34417632
0,layer10_83463,,3322430122859852288,91.7177715413651,7.625020499723852,3.020298338794112,-3.409721650237299,-4.951179054348558,30.967823,4.7476583,0.046658132,0.040714134,0.037608996,0.13353933,0.46160948
0,layer10_83463,,3322458095983190528,91.76408168425338,7.953025422724257,3.174125134530729,-4.176932101192313,-3.451942249025232,,,0.044409614,0.04902975,0.04109538,0.07550259,0.07857193
0,layer10_83463,,3003813956899131648,98.65512873885366,-7.842872836479446,2.6156014220239165,-4.65230721381118,-0.548079070970531,,,0.10425682,0.09757351,0.113768965,0.060916517,0.18681386
0,layer10_83463,,3003814884612062080,98.63251785795828,-7.81106151582542,2.749700346216639,-5.432723730539569,-0.2026215205062816,,,0.038279112,0.038869713,0.039955717,-0.008597814,0.37705353
0,layer10_83463,,3003818767261914624,98.4592151814529,-7.783813516976552,2.629081798224713,-4.825833568659067,-0.6277418931203446,,,0.027659748,0.027522426,0.028587408,0.06159968,0.2505777
0,layer10_83463,,3003821997077815168,98.79145154106622,-7.746603543318124,3.063221598940568,-5.141766118544103,-1.0705087177913342,,,0.040588405,0.03855214,0.035338495,0.26988187,-0.03456706
0,layer10_83463,,3003843540633307264,98.34914766063544,-7.7453665294168,2.803388804981689,-4.863959297091818,-0.7522867310282684,,,0.03908627,0.044130895,0.04338488,-0.09082054,0.20359187
0,layer10_83463,,3003847796943981184,98.29415315366882,-7.676467637776124,3.0187677479439308,-4.8356116883026345,-0.39360859965449,,,0.22110787,0.22064495,0.2484943,-0.019208789,0.4199122
0,layer10_83463,,3003850240782517760,97.9008015291572,-7.811962547859191,3.1386279573215528,-5.156197700086442,-0.9115311502010608,,,0.10606669,0.09294888,0.09054972,0.081338406,0.20472023
0,layer10_83463,,3003852749042872704,97.8608177203373,-7.820528797416738,2.668683894373945,-4.667723748180066,-0.650515614250242,,,0.06472962,0.060567353,0.062262714,0.14900063,0.22206824
0,layer10_83463,,3003855257303747840,97.90480110646608,-7.723588739915717,3.2531648693638093,-5.721635669171379,-0.2551148445726313,,,0.16605425,0.18524604,0.16997911,0.17650987,-0.04630236
0,layer10_83463,,3003860205106404608,98.21396528052904,-7.612034942792165,3.2891385176083108,-5.175994760321252,-1.2859872187871375,,,0.08967644,0.088906236,0.087823674,-0.059029706,0.19241345
0,layer10_83463,,3003868344066790784,98.50438621408748,-7.662467853364714,3.421642659368908,-5.71615909364179,-1.6816115410686108,,,0.035939243,0.03851703,0.04233571,0.0014679291,0.26903722
0,layer10_83463,,3003899886308067712,98.3996188700272,-7.275817670907275,3.154415300268955,-5.631603194437313,-1.2981056498551018,,,0.09831932,0.09991113,0.10902826,0.27984667,0.14828569
0,layer10_83463,,3006157767791691520,95.57186125642824,-9.465610600910583,3.1608484938330963,-3.9846952158394298,-0.21235607016386,,,0.12176365,0.12516807,0.1291661,-0.042182673,0.22988248
0,layer10_83463,,3006204466974462208,96.11751011581114,-8.92857812964198,2.851303048834948,-3.39978353959245,-0.8502068262315475,,,0.12048143,0.122935,0.1248203,0.07555969,0.09645889
0,layer10_83463,,3006239548267188224,95.48017177646528,-8.890612034669893,4.78884416351312,-6.566003329014043,-2.3232777199695183,,,0.040571656,0.04048207,0.03941543,0.07321783,0.14071119
0,layer10_83463,,3006265421150135424,95.62770396885072,-8.770912122818777,2.783819240168241,-3.096967110692416,1.140201472248092,-0.45996872,1.5418806,0.017319446,0.017776031,0.017107518,0.16399172,0.09242741
0,layer10_83463,,3006348120743714304,96.51352343232838,-8.42173655463475,3.2765368779878745,-5.756023529143702,-1.4062307974538215,,,0.2068229,0.22362068,0.20373338,0.10607424,0.1268415
0,layer10_83463,,3006365854665551616,95.94189839108012,-8.569203105142824,2.850033444424472,-3.0777830752524573,0.1030290212874247,29.687319,5.0398912,0.037830714,0.032108493,0.03792165,0.08927918,0.34143454
0,layer10_83463,,3006365854665552512,95.94236947026896,-8.573293492662563,2.8142077219572217,-3.0497118436249826,-0.0924787532288802,,,0.09839935,0.09051201,0.10980396,0.004455006,0.3678713
0,layer10_83463,,3006380423195178880,96.10648534239172,-8.328819318663438,5.362882186992074,-6.810744280821924,-1.6536335798512392,16.65027,2.0292308,0.09979967,0.112591684,0.098068975,-0.15822412,0.1342799
0,layer10_83463,,3006382141181273472,95.86683863226553,-8.469736056717679,2.7988463040583595,-3.0162333385932523,0.1214713275831807,23.957943,1.8976389,0.08591277,0.076075815,0.07924529,0.03715625,0.26185277
0,layer10_83463,,3006421517441365632,96.05290837792194,-8.110842979424262,2.8128196002281065,-3.0824108619441333,0.5368226741882242,37.600895,2.2884798,0.015284947,0.017286655,0.016713826,0.008611641,0.087884985
0,layer10_83463,,3006463058364851968,95.03627384891485,-8.562886471498446,3.112592001017888,-3.407750010253774,-0.4123689074850641,,,0.052944835,0.057249833,0.060640905,-0.0086022625,0.12432725
0,layer10_83463,,3006471717019084928,95.36184011177497,-8.58642702756602,2.737675790663542,-3.953542375491976,-0.1362837909997094,,,0.07136547,0.07414663,0.06487807,0.1436878,-0.02762183
0,layer10_83463,,3006486319907857280,95.40648474199652,-8.308926168230283,3.158945959687188,-4.132097607189585,-0.5851738271789978,,,0.07516354,0.07546844,0.06713037,0.094758056,-0.009894323
0,layer10_83463,,3006610697864869888,96.01850507755714,-8.034973309700446,3.158443387876745,-4.287802266212293,-0.6871971942959254,18.01893,6.7754984,0.014221374,0.014278499,0.015737923,0.08381112,0.18732962
0,layer10_83463,,3006614997128610560,95.895919828356,-7.953910498135643,2.7772887906492376,-4.093607915079805,-0.3076470727951222,,,0.047259867,0.046874873,0.055051617,0.08032932,0.16049388
0,layer10_83463,,3006634852761432448,95.79934142540688,-7.717313698572802,3.3278787187935626,-4.687862022398973,-0.4026426658751509,,,0.1972611,0.19039819,0.20313388,0.07366079,0.14138623
0,layer10_83463,,3006688561328112000,95.55267303549948,-7.556906827756746,4.70183320954654,-6.426888353376787,-2.7541133713272057,,,0.16272084,0.15911116,0.17052314,0.118504815,0.101714395
0,layer10_83463,,3006693199892637696,95.90044768379472,-7.462193009924585,2.715997174798393,-3.985550918271097,-0.3152107852369062,,,0.069705196,0.06733378,0.069228046,0.18065272,0.24992722
0,layer10_83463,,3006702816322565760,95.35320061447538,-7.525638051858555,3.1299113330003334,-3.720967616449384,-0.578972851438097,,,0.2312402,0.24313557,0.23134154,0.075232334,0.18238865
0,layer10_83463,,3006718351222376576,97.12588125012662,-8.25524672281521,3.123169803762189,-4.583781279898412,-0.8459776888516455,,,0.036634658,0.037637398,0.03699662,0.04769015,0.05306827
0,layer10_83463,,3006728487345081728,97.31868845625247,-8.05535796219489,2.7568577636706246,-4.625237802177794,-0.5577888347064909,,,0.14115642,0.1431234,0.13640517,0.03784931,0.05706868
0,layer10_83463,,3006729685638864000,97.1781211701138,-8.072462557449168,4.673398033066291,-6.450016356638623,-2.0734774545126053,,,0.21535422,0.2709009,0.26666802,-0.09161007,0.11163034
0,layer10_83463,,3006763637358126336,97.64769005543646,-7.754178841499801,3.087973833328228,-4.411063102037519,-0.7367143130998144,,,0.30470744,0.31327298,0.30125657,0.10102139,0.06247514
0,layer10_83463,,3006765522846675712,97.39127071677724,-7.785584002782113,3.207458805157115,-4.615376207822266,-0.5992903972724599,,,0.17338498,0.17888515,0.1758298,0.09239577,0.23717529
0,layer10_83463,,3006775555890375808,97.19545065641348,-7.719375870234468,4.894541942554913,-5.744853823582662,-1.2647176549858017,,,0.39704978,0.35556307,0.38984507,0.13780066,0.14071025
0,layer10_83463,,3006784321919736448,97.39699620618846,-7.575570656864232,4.657531048346852,-7.042203921775265,-2.6640227708546487,,,0.039385494,0.037669055,0.037792586,0.16149725,0.21614204
0,layer10_83463,,3006791228227063040,96.65315393234395,-7.934045748161375,4.631324857761876,-7.5349883669606355,-2.962132886469401,,,0.066936426,0.0626731,0.0667567,0.03645369,0.19931643
0,layer10_83463,,3006792121580271616,96.60053728420502,-7.923788857070273,3.25327006370542,-4.329563821494504,-1.0047640487873648,,,0.19332235,0.19659561,0.20283718,0.033380326,0.24417898
0,layer10_83463,,3006799027884589440,96.92830255829767,-7.748392278600231,3.3458100791590164,-4.772690260195354,-0.643775423353292,,,0.2988077,0.27245113,0.2768121,0.003413898,0.29531395
0,layer10_83463,,3006833937381507968,97.30640653939432,-7.470710375240409,2.888234738498193,-5.507996081299942,-0.7914628846272531,-1.3317508,1.7399542,0.0142043345,0.013931169,0.013661212,0.04555574,0.16863665
0,layer10_83463,,3006834624576335232,97.14868374906648,-7.525650645028461,2.6932957077209414,-4.776711336367302,-0.8729031157157443,,,0.19304973,0.22581695,0.1985146,0.07935608,0.13806598
0,layer10_83463,,3006841187287545216,96.97004183318136,-7.523517131496932,2.7045336378032854,-4.651633103979995,-0.8392619993059929,,,0.10936566,0.11783424,0.10504608,0.08556752,0.029419549
0,layer10_83463,,3006857542523668096,97.68553823854728,-7.7396966592261,3.305210531779996,-4.039169958447268,-0.3607385574846566,,,0.16520841,0.17062622,0.16353393,0.023505736,0.12592036
0,layer10_83463,,3006874997270689664,97.60256147760744,-7.552063811386426,4.606497924597038,-7.289685488259227,-2.0993310740397666,,,0.044677027,0.04155381,0.04537989,0.11766419,0.2698091
0,layer10_83463,,3006880456170608128,97.44809956766878,-7.430378387943185,2.762720012149177,-4.565166940382272,-0.8020739529430407,,,0.13692561,0.16076912,0.15651496,-0.055585768,0.11742897
0,layer10_83463,,3006897090581965952,98.04691216010804,-7.306305314130857,2.994542070502792,-5.054127071941807,-1.0625476646849998,,,0.030344978,0.03218691,0.030228559,0.037604537,0.1642783
0,layer10_83463,,3006897395521170432,97.93415676303948,-7.334708556467298,2.7126869272396226,-4.578603594114661,-0.0033066854665802,52.601315,0.59881747,0.01722479,0.019447854,0.018976472,-0.010259883,0.11266039
0,layer10_83463,,3006898774209066112,98.12498888493828,-7.280238657212854,3.2325504778325844,-5.204920553132615,-0.7144175548537727,,,0.21601793,0.21814996,0.2088332,0.09187527,0.24111432
0,layer10_83463,,3006914270451184896,97.86312757683416,-7.196068410394494,4.749507067249663,-7.216938663345759,-2.6910599215918967,130.12201,8.907902,0.036088165,0.035810813,0.03618895,0.24929643,0.12213676
0,layer10_83463,,3006916297675663232,97.89890986642364,-7.1244915353978655,4.990206735066632,-7.537844614943398,-2.837437428150153,,,0.106982544,0.105696715,0.10448178,0.11394927,0.07585947
0,layer10_83463,,3006916538193758592,97.98554929198934,-7.1067387726369695,4.774022609792687,-7.240593120564839,-2.7459485087365896,14.103,7.488074,0.013035414,0.012608018,0.012863346,0.29067934,0.17432025
0,layer10_83463,,3006933992941373824,97.43477190555296,-7.278018224484044,2.739641336558521,-4.785114880188433,-1.0583407749885412,,,0.104674764,0.110468134,0.11239217,-0.06320968,0.1567941
0,layer10_83463,,3006935504769043200,97.39044965812651,-7.193585106551065,4.803771256686494,-7.172830170336664,-2.827625307771806,19.914444,2.0082998,0.02536553,0.0251088,0.024445465,-0.1346444,0.31465703
0,layer10_83463,,3006948247933933568,97.2971683324215,-7.170557041702033,2.648367791237402,-4.0214041706532,-0.3076050319387913,23.239689,1.8098152,0.023369191,0.024445938,0.022870231,-0.007677706,0.18602867
0,layer10_83463,,3006953127018756224,97.19653992903002,-7.049320082815135,4.935015637884255,-7.377727020448937,-2.7912454102158644,,,0.07200966,0.06977369,0.071708255,0.0007848221,0.14419188
0,layer10_83463,,3006953161378468864,97.20668916131947,-7.034668198744365,4.750409335774532,-7.042358123727662,-3.341612322180037,,,0.089217946,0.09666644,0.095820256,-0.15742196,0.07537943
0,layer10_83463,,3006953165675574272,97.20443082022794,-7.033072532821691,4.720897938485653,-6.517724939533211,-2.95567593150866,,,0.11333921,0.116959706,0.10853699,0.027258243,0.13785164
0,layer10_83463,,3006958830733308544,97.27019083651564,-7.035576648032876,2.898782448619319,-4.626542640645198,-1.0556916653666149,,,0.07167353,0.052147277,0.05861131,-0.0096566845,0.41803643
0,layer10_83463,,3006969761428008320,97.67947131078876,-6.977950220892125,4.908390023755941,-8.308168071069964,-3.3763899958775183,,,0.11336531,0.123023264,0.13322625,0.03931518,0.14041945
0,layer10_83463,,3007015627382628096,96.18439470748557,-7.552546252824718,4.645761304754699,-7.146382694427164,-2.8568948889488266,-8.366533,18.304707,0.026360238,0.031625204,0.027372023,-0.018449685,0.14672796
0,layer10_83463,,3007015696099187712,96.1796040572722,-7.549918005494955,2.745636596285132,-4.031618248935724,-0.1548410395556435,,,0.23313348,0.27011785,0.25681737,0.041496314,0.048760645
0,layer10_83463,,3007036659837575296,96.7743606807248,-7.272609365042797,2.7121772855641817,-4.532880609982709,-0.6774742862627671,,,0.09964517,0.097202964,0.09332777,0.17367904,0.14413278
0,layer10_83463,,3007037583253015296,96.60777039806936,-7.33972499665722,2.8102929203723246,-4.570169587411714,-0.3406943604304607,,,0.20391428,0.16763242,0.18903747,0.027463475,0.29103675
0,layer10_83463,,3007037862428507520,96.55486708489246,-7.361444014564435,2.6949583341308148,-4.3220005068990455,-0.5926404444075482,,,0.05190513,0.04819538,0.04609445,-0.22143237,0.24757941
0,layer10_83463,,3007039026363264512,96.67566480463024,-7.31352653924661,2.6814899782928543,-5.058562197395934,-0.7851774466058326,,,0.16841401,0.1646667,0.16212209,0.024486154,0.12002745
0,layer10_83463,,3007065723880941312,96.65589204461016,-6.990411621124252,3.037984553168922,-4.551368389744096,-0.5375390818889015,,,0.30050555,0.34371883,0.34165314,0.1643825,-0.1134668
0,layer10_83463,,3007106616264567680,96.42766325099215,-7.00379524890246,3.0075067648337286,-5.18477790137812,-0.2649329146723712,,,0.03139644,0.03145093,0.031560443,0.21368013,0.07892147
0,layer10_83463,,3007129186317415424,96.32439722071788,-6.859833073883444,2.773535917384567,-4.315877553247878,-0.915422441848264,,,0.10212456,0.11513769,0.108323276,0.15827689,-0.10445657
0,layer10_83463,,3007148088469490816,97.13603294459296,-6.968811158440713,4.748770366063966,-7.299003007841958,-3.171911559837872,18.736633,0.48771727,0.025940392,0.02730713,0.023752967,-0.049336158,0.15230854
0,layer10_83463,,3007180829001755520,97.3506978236191,-6.6690847402878335,4.790690462203699,-7.599894548114598,-3.1516295955719813,,,0.12130595,0.12070389,0.11967181,0.101075806,0.07464216
0,layer10_83463,,3007186807597009536,97.46614416219174,-6.585615068749818,4.996994188847317,-7.519919412861718,-2.740823150134386,,,0.16736907,0.16818044,0.16398601,0.16401038,-0.015018509
0,layer10_83463,,3007190350947394048,97.56257599177624,-6.464935410758196,5.037745758895464,-7.691921091575674,-3.3433876108627443,,,0.08133895,0.08620478,0.08608073,0.23296098,0.05778047
0,layer10_83463,,3007192996647388160,97.29501667900058,-6.62955587034845,2.956806066705409,-5.421695632811267,-2.240922678888894,,,0.023606407,0.022659063,0.024052398,0.11481607,0.23598424
0,layer10_83463,,3007203884389611136,97.28748308710132,-6.498354561751209,2.7836173212678967,-4.752754294204564,-1.109817919446584,,,0.09003109,0.0928117,0.099531025,0.26916406,0.05539619
0,layer10_83463,,3007219453646009600,96.98662556168593,-6.61746317441728,2.790107641051346,-4.519585016400657,-1.1421472814850355,,,0.059338953,0.054517373,0.058629908,-0.028824465,0.37093103
0,layer10_83463,,3007235942022899072,96.66682602018112,-6.49688907599371,2.8730866415950023,-4.491297163196787,-1.1599941911140137,23.794065,4.1253114,0.013803457,0.013780137,0.012934296,-0.08970996,0.23069568
0,layer10_83463,layer12_88323,3007243264944925568,96.64483552610362,-6.315796501879414,3.126346079196084,-3.9349180736737086,-1.0858164734185465,58.62805,5.8160877,0.034730442,0.033800133,0.034884036,-0.023434058,0.21771424
0,layer10_83463,layer12_88323,3007264086945776000,96.96676322930102,-6.291862637556979,2.9559560927772486,-4.57493573498126,-1.2689967007551488,16.216835,3.2602103,0.038457915,0.03588827,0.033185747,0.08049618,0.17704771
0,layer10_83463,layer12_88323,3007265667494340736,96.77957616755984,-6.3092551121656975,3.09083447243812,-4.585408721424866,-0.9946994515716834,,,0.0884712,0.073535845,0.077912934,-0.097148545,0.41316077
0,layer10_83463,,3007399910991042816,94.38021100073723,-7.44327720205644,3.1277128113260924,-4.368746888444127,-1.0525649713117222,48.37314,3.3130298,0.015048329,0.016077703,0.01687584,0.10610932,0.035674445
0,layer10_83463,,3314838235587949184,91.28699039283826,1.2256363618759625,3.644146049082878,-3.962964841802535,-3.48856991921989,,,0.14763094,0.14948018,0.13540938,0.05588597,0.3270223
0,layer10_83463,,3314855694629080576,91.1511114460866,1.3854391380592277,3.600546251082437,-3.066969983124644,-2.8385942290270383,,,0.15980585,0.17017779,0.1504586,-0.18516056,0.21334298
0,layer10_83463,,3314876688430754816,90.55632653265016,1.2732012313101286,3.6988458837634495,-3.015288089141507,-3.4576296850595334,,,0.122811355,0.13200285,0.11678039,0.17667748,0.22839142
0,layer10_83463,,3315287424743616128,90.94857762593983,1.610457948714382,3.4906086811749706,-3.271631314900369,-2.98551707615788,,,0.10171828,0.10581589,0.09136659,0.062013857,0.30578116
0,layer10_83463,,3315352364648897408,91.3767732702473,2.3273181377705585,2.8495940382055096,-3.46377798897957,-2.187186361829649,48.757008,12.325695,0.22123869,0.20793417,0.18278223,0.08157996,0.16538511
0,layer10_83463,,3315355006053173760,92.07814648867748,1.8973715083870024,2.9252467040549903,-3.04328051472418,-2.8108146342443137,,,0.06891168,0.07950246,0.063327014,0.085028306,0.10377271
0,layer10_83463,,3315415655287235072,92.515706618916,2.490687107190162,3.9377396678563614,-4.461441696315265,-4.407220369848225,,,0.21985961,0.20488867,0.19051513,0.16227628,0.23604244
0,layer10_83463,,3315433487991312640,91.90055579844568,2.3202787715217226,2.9005048186918776,-3.65605477916638,-3.2803821830338205,,,0.055530265,0.066639915,0.05400802,-0.083270855,0.06978404
0,layer10_83463,,3315462178373480576,92.14194522460036,2.544960970661187,2.865694673727326,-3.8942511693552815,-3.1438952282689145,,,0.10987228,0.10235465,0.092752956,-0.05893888,0.21314071
0,layer10_83463,,3315542236563329152,91.14326468180516,2.339551517767944,3.767313652278708,-4.7042932882556725,-4.790364383138938,,,0.18099698,0.11397381,0.10266303,0.19038959,0.34399042
0,layer10_83463,,3315596314494467968,90.20119465176415,2.5393170778786343,3.5138172601481545,-2.959763772724069,-4.014497815747113,,,0.24389073,0.2793614,0.23989262,-0.11654744,0.20585647
0,layer10_83463,,3315611845096507904,90.92916269031366,2.7082411435194533,3.889148350374344,-3.411695072735705,-3.776006975174147,,,0.05374511,0.05074753,0.043186944,-0.0049604964,0.16261439
0,layer10_83463,,3315644040172576896,91.63396472310848,2.616949062298376,3.5127979748759874,-3.4467728243725286,-3.545500788158249,,,0.09210076,0.11362546,0.0948553,-0.037021253,0.087807685
0,layer10_83463,,3315740286095312512,91.41948372054078,3.0308243277753086,2.8667841602158366,-3.986397014619164,-3.3410461618467404,,,0.10563091,0.13632558,0.115451746,0.16246024,-0.03702636
0,layer10_83463,,3106380176812339968,99.54361098653132,-3.326385731243097,3.401530568440461,-7.2411849992162525,-3.0452026771267167,,,0.30422118,0.24556154,0.23851703,0.16994192,0.24209543
0,layer10_83463,,3106424195934702336,100.09410771206322,-2.86381545282613,3.1076567545991947,-6.139568140808317,-2.420466840109636,,,0.10479437,0.12325619,0.119052075,0.18112186,-0.107729875
0,layer10_83463,,3106443609186214528,99.66537650723664,-2.978565500402926,4.033762607297128,-6.682008837918725,-3.406205355719325,24.025103,4.3986526,0.0147941625,0.016133873,0.015134267,0.24445416,0.07387522
0,layer10_83463,,3106458723171128448,99.56139936503072,-2.803951361572268,3.18741986151546,-5.962367978214678,-2.505543175796498,,,0.12000224,0.12340173,0.111251734,0.07248657,0.029807076
0,layer10_83463,,3106462434022543104,99.46853804612876,-2.765393467545913,3.2027070806182483,-5.75222442228431,-2.813269169364771,,,0.13788602,0.142795,0.1270936,0.16569854,0.010543082
0,layer10_83463,,3106464770486921088,99.77411085097276,-2.918365305406017,3.5246249898653303,-5.747602465917396,-2.440621792682537,22.591022,11.721749,0.014784975,0.015243626,0.01387962,0.31991228,0.10197579
0,layer10_83463,,3106517894941860096,100.36161919751608,-2.7438898664713016,4.122746689284574,-7.45452446569939,-3.3287548161489453,,,0.061794423,0.05295999,0.05170793,0.20188086,0.15090248
0,layer10_83463,,3106595715451315072,100.17472848049592,-2.3467960637632124,3.083776023384232,-7.890294384063666,-1.791952366646861,,,0.20039469,0.18086109,0.15344588,0.04904056,0.11464463
0,layer10_83463,,3106616507390357376,100.75162142038424,-2.099923519765208,3.311514551126798,-6.088962729501917,-3.0270422641928643,,,0.04471566,0.06838136,0.073204294,0.21600606,-0.12215497
0,layer10_83463,,3106616507391093632,100.74283361331013,-2.0950187825834203,3.368749577678977,-6.502480706359859,-2.657222338253008,,,0.09051941,0.13546458,0.1563924,0.03614826,-0.056482192
0,layer10_83463,,3106631316437118208,100.61586981422286,-2.0017186141069656,4.048822287111073,-7.467658389293788,-3.675415479690246,22.31948,1.6302946,0.01791309,0.020110678,0.019414237,0.15533026,-0.06545631
0,layer10_83463,,3106638085305538944,100.59187547619489,-1.8565621302535464,4.233256226288397,-7.794677414754427,-4.12711644714433,,,0.07590174,0.070163906,0.06872762,0.3366004,0.05160117
0,layer10_83463,,3106672616843239552,99.13037813900836,-2.506165427310465,4.019323904211683,-7.255747859734455,-3.019519777405324,23.219147,2.7449899,0.020078069,0.020956552,0.019937117,0.08841833,0.078664385
0,layer10_83463,,3106748341409388672,99.21584593522348,-2.246430483831875,3.629573617268063,-5.958276392404483,-3.2029284986954045,,,0.35784048,0.38263547,0.32648727,0.4079734,-0.07288703
0,layer10_83463,,3106753735885601152,99.30359264762448,-2.216632641605445,4.203939743021916,-7.460874955887992,-3.756939597133852,21.205242,1.7320012,0.016262451,0.016963147,0.014772006,0.105071746,0.053087804
0,layer10_83463,,3106754702257871872,99.34377328027205,-2.1483015449270195,4.625325586233135,-8.075911877408057,-4.178478989228872,4.885547,13.287506,0.029912695,0.03605132,0.029531633,0.099071726,0.023912948
0,layer10_83463,,3106784595231221504,99.78072850777689,-2.288467373502558,4.400145950275819,-6.962064043398647,-4.218627301837639,,,0.10961669,0.10860227,0.10285817,0.310421,0.06087758
0,layer10_83463,,3106817919877734784,100.27957266595666,-1.9578132461567752,3.0761575893595654,-7.088293086869323,-2.5197628784086787,39.736496,15.575353,0.023713714,0.02612851,0.024957765,0.13711917,0.039312575
0,layer10_83463,,3106927634822631680,101.27780541034184,-2.190477606993708,3.518173173794551,-7.064417226217637,-3.020252943415436,20.123934,4.91735,0.016093612,0.015281801,0.013351855,-0.06385235,0.055835385
0,layer10_83463,,3106985767198404096,101.64459798310187,-1.650254615934872,3.2272543441262886,-7.087066762134773,-2.63190307715844,,,0.19250059,0.22800608,0.20733891,0.18182549,-0.05695373
0,layer10_83463,,3106992776587316224,100.85576544465124,-1.9791208191683296,3.094416462656069,-7.579806527514508,-1.5632675867609502,,,0.13509859,0.1449177,0.12802306,0.11434785,-0.08731686
0,layer10_83463,,3107030988915321344,101.1844655492864,-1.6619886514353273,4.260998072941819,-8.05633940632192,-3.9635834256287295,11.510822,12.500536,0.03148329,0.03032354,0.027646724,0.20638481,0.118834496
0,layer10_83463,,3107147051811999872,101.67142546989422,-1.1533142445514015,3.471770524992281,-7.211173701611717,-3.180606936452297,,,0.109842025,0.118087575,0.099258296,0.1594002,0.04840278
0,layer10_83463,,3107198969374447488,101.8214744857684,-0.7800895311588534,4.220677751358796,-7.715427298771416,-4.186409850107271,,,0.1250573,0.13111271,0.119797535,0.105560236,0.27149233
0,layer10_83463,,3107239621247811584,100.9003305401688,-1.3468003180415338,3.3012653305842936,-6.536314378002468,-2.615482951436099,,,0.03779473,0.04160151,0.038382072,0.0070525357,0.18656105
0,layer10_83463,,3107296314815005440,99.9405618333538,-1.1775556153306026,4.218852466116416,-7.6234517355011215,-4.023525596741847,,,0.06317203,0.06539213,0.05685355,0.23990017,-0.04002443
0,layer10_83463,,3107369531117926016,101.26816354269452,-0.8649240721164626,4.234167949340633,-8.03823329104854,-4.080544044612163,,,0.1485337,0.13773617,0.13468485,0.26659453,-0.07064047
0,layer10_83463,,3107571983000682496,106.33000516790354,-4.3062296593597456,3.2588854656309887,-7.709348355004257,-2.7480654379299425,,,0.039797846,0.04720069,0.038576093,0.14524063,0.007286802
0,layer10_83463,,3107782088494550016,106.2807655159072,-3.792408271362385,3.257512846698696,-7.901566503520765,-2.777127677904609,,,0.0834012,0.08717757,0.07591258,0.1585414,0.04193297
0,layer10_83463,,3107795046417715200,106.2335165232348,-3.747210607780586,3.7963199928132783,-8.4678274429151,-3.6294981836368345,,,0.079915434,0.086282246,0.071259774,0.07003865,-0.003611991
0,layer10_83463,,3107823839878373760,106.18150059127969,-3.580413058332597,3.347645149658624,-7.759810157396106,-2.864053690672643,,,0.06055617,0.07020905,0.054940637,0.06055113,-0.0053109145
0,layer10_83463,layer12_88324,3101098195969828736,102.83184325119562,-6.083839819820278,3.408867669038828,-7.0315999310444965,-2.175461565292669,,,0.044348676,0.050031368,0.04713904,0.12155655,-0.008983089
0,layer10_83463,layer12_88324,3101099604718988544,102.8624858944699,-6.012653295496651,3.461107752041716,-6.864280567949021,-2.3511265583170835,,,0.072322525,0.08156365,0.07415104,0.17380376,0.06448381
0,layer10_83463,,3101104174564256000,102.70807430790012,-5.942785537682218,3.921740592332456,-6.060829280232913,-2.737618773824517,20.602121,0.84670216,0.15338258,0.180994,0.18149024,0.15997499,0.050121315
0,layer10_83463,layer12_88324,3101118944950643328,103.37616030041892,-5.834667986287164,3.453567125957357,-7.337182594252535,-2.503792225073868,,,0.08076621,0.07389251,0.0717239,0.15897529,0.18783414
0,layer10_83463,layer12_88324,3101119151110208768,103.38581309519677,-5.807222952425945,3.688403340120999,-7.077184391732996,-2.0945851303712018,,,0.18264171,0.17258655,0.168126,0.12649548,0.05907864
0,layer10_83463,layer12_88324,3101121350132423296,103.21838832432329,-5.806266738871578,3.397170790154292,-6.9364339154352646,-2.461838092008981,,,0.18658851,0.1683805,0.15023246,0.18798852,0.11335413
0,layer10_83463,layer12_88324,3101124275010579968,103.52917413509284,-5.796783851046854,3.4830175649239044,-7.050351713381284,-2.3611034223071976,23.750711,2.4421954,0.015720163,0.016567165,0.016291322,0.19251351,0.083326064
0,layer10_83463,layer12_88324,3101129600764454272,103.48321218054394,-5.666059646455063,3.750009581184125,-7.105924697271154,-2.1297300098828087,,,0.2351608,0.24930045,0.23752601,0.19569975,0.12550697
0,layer10_83463,layer12_88324,3101134342414092672,103.11094426625856,-5.765211993738545,3.4551611349688804,-7.2390890416211136,-2.3321084295343,,,0.06942523,0.07292273,0.05964862,0.06581871,0.02355823
0,layer10_83463,layer12_88324,3101134647354726272,103.19745395177104,-5.736963725355876,3.426398456420708,-6.818645865818126,-2.3043176485509336,25.012493,2.3299222,0.057904568,0.055002924,0.04816678,0.045871045,0.06642086
0,layer10_83463,layer12_88324,3101137911530337280,103.13760797193522,-5.700264469788009,3.4984010685624325,-8.284351466522498,-2.375336557159551,,,0.27076027,0.2884806,0.26271683,0.08966439,0.00407847
0,layer10_83463,layer12_88324,3101140217929210624,103.22635648089724,-5.614076840749335,3.570659132993365,-7.082953869613252,-1.531882031594422,-5.708894,3.8407855,0.015544325,0.017391363,0.014790301,0.024198886,0.07096767
0,layer10_83463,,3101142240857441408,103.35874023481426,-5.62272698621337,3.8692167329450826,-6.148998681907929,-3.4906697437135463,,,0.22893466,0.25091147,0.24652098,0.24540725,0.06955005
0,layer10_83463,layer12_88324,3101146398385580800,103.29251231203192,-5.551637223823335,3.6701611454098,-7.472132211440714,-2.734503274301745,,,0.18425117,0.23284791,0.21522015,0.16461821,-0.082422465
0,layer10_83463,layer12_88324,3101150762068352256,104.06937356559474,-5.936410510794484,3.80107349850364,-7.745411608790097,-2.3689022110683684,,,0.31125373,0.35329986,0.31685063,0.050365016,-0.3510859
0,layer10_83463,layer12_88324,3101152720573233792,104.0612620575548,-5.835111109338881,3.5014710077843523,-7.691728469834963,-2.486067444125037,,,0.04026344,0.037786163,0.036636002,0.040908124,-0.061055254
0,layer10_83463,layer12_88324,3101160043498726144,104.30598317508588,-5.769255804887729,3.4737350971659584,-7.61867561674622,-2.4438480538975016,10.513059,3.0654469,0.020385232,0.019760363,0.018097488,0.123537846,0.12008195
0,layer10_83463,layer12_88324,3101160142276908544,104.30405452969018,-5.753084314304534,3.5514823439880603,-7.417480449642502,-2.5788981501531487,,,0.24010977,0.19582364,0.19188198,0.17327514,0.094980955
0,layer10_83463,layer12_88324,3101161482308671872,104.23157980510356,-5.700693485450802,3.658608801254135,-7.5802891097876,-1.880533916492645,,,0.32488498,0.27917442,0.27484474,0.078361996,-0.07500517
0,layer10_83463,layer12_88324,3101161963345970816,104.32116433964896,-5.706859164162594,3.642482990476642,-7.71794379056606,-3.00817719630338,,,0.15637222,0.1522505,0.15703723,0.091960244,0.030878982
0,layer10_83463,layer12_88324,3101164338466024064,104.20197066210704,-5.703462847707395,3.47513504673698,-7.44069571714519,-2.627244802955271,,,0.04086959,0.041191947,0.03715689,-0.00020626964,-0.016423589
0,layer10_83463,layer12_88324,3101165781574718976,104.12783186468648,-5.6252401724181365,3.487368943990454,-7.619814273940441,-2.4775410203107384,,,0.04769167,0.042696245,0.039194383,0.23513973,-0.0591719
0,layer10_83463,layer12_88324,3101169453765921280,103.85652882943276,-5.754039784065868,3.4513748165037823,-6.718414670636912,-2.3430817154617247,,,0.124400996,0.1355796,0.12586229,0.24938272,0.019574793
0,layer10_83463,layer12_88324,3101169458066863232,103.85461789373512,-5.750729865065102,3.39108415603572,-7.168125437896602,-2.0046736034663297,,,0.050607834,0.052918725,0.054052252,0.22109373,0.13538316
0,layer10_83463,layer12_88324,3101170145261620352,103.85244957947552,-5.723929144880408,3.5400290666757583,-7.015430982350418,-2.824605262991362,24.407227,2.069241,0.016878167,0.01664818,0.015334312,0.30341217,0.10721797
0,layer10_83463,layer12_88324,3101170248340811264,103.89055345037832,-5.697574559055567,3.509514782683945,-7.37887762863811,-2.295999786940967,21.810452,2.3426573,0.015586014,0.013967481,0.01271375,0.34345564,0.081796914
0,layer10_83463,,3101171034314162944,104.0346136356688,-5.690775084928783,3.180623216214592,-7.239838534210049,-2.131679055756801,,,0.082519315,0.088371836,0.07638703,0.17565109,-0.12180429
0,layer10_83463,layer12_88324,3101172653522772480,103.79328901078796,-5.730052660676736,3.601338981602596,-7.537947566933322,-2.679125116906923,,,0.03748622,0.038859367,0.035835113,0.23689546,0.07035511
0,layer10_83463,layer12_88324,3101172722242003456,103.82997568416216,-5.718820876417862,3.5658778263756434,-7.543225763891918,-2.315683429612862,,,0.042994402,0.043833967,0.040599838,0.2905171,0.05186156
0,layer10_83463,,3101174023613977600,103.73252412910512,-5.675595908109642,3.869080528026136,-8.286076344753857,-2.553254869514964,,,0.29970196,0.34159234,0.2798787,0.35306114,0.06416294
0,layer10_83463,layer12_88324,3101175672879041152,103.90350787662216,-5.591776542562926,3.498238956686025,-7.361011108994697,-2.635364689999662,,,0.06660969,0.066394836,0.05985643,0.20195377,0.048100207
0,layer10_83463,layer12_88324,3101177184707222400,104.077288284379,-5.634012926268034,3.5275715746819825,-7.486814475550675,-2.4312975844675497,19.718262,7.3776665,0.01687915,0.016078757,0.01448554,0.1945306,-0.14585663
0,layer10_83463,,3101178494677928064,104.03466031138476,-5.580679168406644,3.458307806653026,-6.562509451959746,-3.8993975934584872,13.942697,12.4001875,0.039536633,0.033846002,0.03092069,0.3905965,-0.030328644
0,layer10_83463,layer12_88324,3101179486810061312,104.12586350773104,-5.568483175203489,3.486636474073778,-7.676395913031239,-2.8643791831402465,22.290165,8.815128,0.021973046,0.023156257,0.021393692,0.17095184,0.004626824
0,layer10_83463,layer12_88324,3101181101717965312,104.13589481512548,-5.486163780024677,3.4795780671323344,-7.602501977248879,-2.414389423972921,,,0.046831667,0.041365013,0.040927872,0.22659428,0.13173273
0,layer10_83463,layer12_88324,3101183854797068288,104.05665129803126,-5.492233430496377,3.4139516888351014,-7.664773932623698,-2.3166677972434484,5.733499,9.410185,0.05098349,0.04007974,0.036727186,0.28671688,0.013195703
0,layer10_83463,,3101186633638153856,104.42403916971716,-5.597104985377217,3.171366252411421,-7.031450504223777,-2.119774378661715,,,0.19681044,0.18187718,0.19869137,0.13246863,0.15400083
0,layer10_83463,,3101187973667873792,104.5067387312092,-5.583044595770067,3.094143435705183,-6.752954315692345,-2.152012292776797,,,0.18127446,0.17370354,0.19141668,0.05334705,0.25304952
0,layer10_83463,layer12_88324,3101188179827134976,104.52427563758212,-5.556592500530723,3.5003884616533645,-7.68238551444307,-2.575975933319893,,,0.14518853,0.18488538,0.15044226,0.09092796,0.029173547
0,layer10_83463,layer12_88324,3101192302995533440,104.32765552626012,-5.469825134407656,3.7853149840672793,-7.888704763341005,-2.905902101591426,,,0.20935386,0.20834027,0.21932603,0.062175013,-0.011219072
0,layer10_83463,layer12_88324,3101193402506736640,104.452259890854,-5.426333836231948,3.4900207510169654,-7.560080778279394,-2.4475186661528734,,,0.17479032,0.19968016,0.19693002,0.12235234,0.078835964
0,layer10_83463,layer12_88324,3101195090431754368,104.64134599022464,-5.482425921870958,3.546439165429382,-7.214695823829163,-3.468432575408824,-43.23765,5.845807,0.054391384,0.054823555,0.047876388,0.19815747,0.044897884
0,layer10_83463,layer12_88324,3101195704609171200,104.53492803136706,-5.465697673494605,3.699866297152472,-7.847387852269614,-2.621804596303712,,,0.21906929,0.19574799,0.19271109,0.22268106,0.16049467
0,layer10_83463,layer12_88324,3101202512135225856,104.52582309235778,-5.316266714556676,3.636303543656928,-8.115165201631871,-2.6287373426170326,,,0.05941716,0.05876146,0.05539593,0.07784525,-0.075323634
0,layer10_83463,layer12_88324,3101202649574169856,104.54388905510456,-5.295136523665847,3.49164265844804,-7.561773887969044,-2.728660654002,23.52152,5.554858,0.02202995,0.023803579,0.022863971,0.17225973,0.0033877552
0,layer10_83463,layer12_88324,3101203061891024128,104.56343750670148,-5.279777453681445,3.4913493940292644,-7.561090678267579,-2.383392786285896,29.09267,8.241336,0.015260601,0.01720798,0.016271362,0.23997846,-0.052702736
0,layer10_83463,layer12_88324,3101203852161001216,104.24453066202064,-5.463328622223388,3.4108311169905514,-7.653413056981893,-2.8483819537717343,,,0.10748651,0.107673325,0.10975891,0.23488463,0.0034564033
0,layer10_83463,layer12_88324,3101203852164723584,104.24518849967184,-5.463309322773029,3.5718408684497858,-7.513139794578501,-2.326032419773004,,,0.059356887,0.06041779,0.06179109,0.21477683,-0.013078976
0,layer10_83463,layer12_88324,3101204986036087168,104.2366430796119,-5.4482791884008686,3.694407552217247,-8.00166939308058,-2.774303693960652,,,0.0605435,0.06098627,0.058527444,0.10235213,-0.03650355
0,layer10_83463,layer12_88324,3101205050455755520,104.22913635147046,-5.429136052719171,3.423858595053068,-7.644460173363054,-2.439051220624125,,,0.22426213,0.21091451,0.21431154,0.16889358,-0.024664337
0,layer10_83463,layer12_88324,3101205673230805760,104.34822692804768,-5.419300644180104,3.5215469614177146,-7.158930112780719,-2.822741762405404,12.890286,1.380884,0.03560079,0.03736266,0.035213582,0.07644597,0.15729155
0,layer10_83463,layer12_88324,3101210002557853696,104.2331680462728,-5.359931236632954,3.3998706536303875,-7.263263565856092,-2.456728969445723,,,0.08271574,0.08532184,0.10392458,0.0062737004,0.26022953
0,layer10_83463,layer12_88324,3101215392739564160,104.54218821139062,-5.196129697225908,3.57195165925612,-8.102021995116042,-2.6544767938224982,,,0.046502553,0.04718488,0.045163836,0.22383909,0.029410243
0,layer10_83463,layer12_88324,3101218553835502976,104.30531460674496,-5.181191904756178,3.3373974979607905,-7.538192199067733,-2.2928931097485545,,,0.16250437,0.17644571,0.19722341,0.2686556,0.22433673
0,layer10_83463,layer12_88324,3101219687706903296,104.45598753758898,-5.140896153442536,3.389612816168555,-7.592002697348539,-3.118760976412416,,,0.16134413,0.17034547,0.15950893,0.15205942,-0.09968938
0,layer10_83463,layer12_88324,3101222475142668032,103.67895280050122,-5.577901372019001,3.4968312549796647,-7.621453020183152,-2.4325203576064043,,,0.043583628,0.043633256,0.041200947,0.19624603,0.0012366861
0,layer10_83463,layer12_88324,3101222475142668672,103.67947560181642,-5.578925138004176,3.7689474998597015,-7.396611893543314,-2.8245593659306976,,,0.069254346,0.06951324,0.06524852,0.20706744,0.13324739
0,layer10_83463,layer12_88324,3101225253981776512,103.7861792003724,-5.479771678227321,3.2870235511004875,-7.5744592838106275,-2.9350837874457767,,,0.13640518,0.13892603,0.11560009,0.26955336,0.012297177
0,layer10_83463,layer12_88324,3101225704958091904,103.59945533187638,-5.561619423086709,3.4518672950151528,-7.104431755803801,-2.553409227753751,,,0.05838199,0.06621377,0.058664713,0.10467528,0.017371811
0,layer10_83463,layer12_88324,3101226185994403968,103.65533128422064,-5.534128365840757,3.5530170574105537,-7.224385276901545,-2.6371438009757884,,,0.053745,0.059882708,0.05265243,0.10143273,-0.012943382
0,layer10_83463,layer12_88324,3101235016447069312,103.81944037940552,-5.379807942737966,3.4457638293331074,-7.4193001305920925,-2.891629757860846,,,0.09238577,0.097460486,0.08337075,0.115337804,-0.056148823
0,layer10_83463,layer12_88324,3101235153886017280,103.8313168089439,-5.368517102121992,3.415135433708824,-7.272100832402737,-2.578765093207335,,,0.066476144,0.06898615,0.06038517,0.0871643,-0.07243111
0,layer10_83463,layer12_88324,3101237593427408640,103.87404460022611,-5.301457461592232,3.453537950235373,-7.666787316109469,-2.781043169593999,,,0.29537234,0.23845439,0.20686288,0.142243,-0.116602466
0,layer10_83463,layer12_88324,3101239238394699520,103.60943033423187,-5.45379594588595,3.290664522239964,-6.861540862421293,-2.203550401201216,18.930677,8.800321,0.02075151,0.020260518,0.018447606,0.07893954,0.16888179
0,layer10_83463,layer12_88324,3101239307114876032,103.60188381485808,-5.438077123934916,3.746864744965325,-7.11966999446227,-2.2916528746324274,,,0.12208564,0.10896934,0.10367353,0.067947105,0.24468596
0,layer10_83463,layer12_88324,3101239311414441472,103.59659360730154,-5.4400668656791575,3.451048853704702,-7.101256035977614,-2.3694315377575257,,,0.05235944,0.05480887,0.050159447,0.088860154,0.14520863
0,layer10_83463,,3101241029401346816,103.61546751521664,-5.412955476921767,2.9456470262680905,-6.383975121953498,-1.9182087899362903,,,0.04669228,0.04867792,0.045381088,0.060563207,0.17839666
0,layer10_83463,layer12_88324,3101241510437653376,103.68338048563425,-5.367151189371164,3.452665622304288,-7.162961862709766,-2.5368368605843346,,,0.037778035,0.03704579,0.03098751,0.24726233,0.04253072
0,layer10_83463,layer12_88324,3101243945681082368,103.47731882126746,-5.365570834194273,3.233679845970997,-7.563831551955176,-2.680525827804516,,,0.22298186,0.28156176,0.27539074,0.16048105,-0.0016454261
0,layer10_83463,layer12_88324,3101245221289427456,103.539245004866,-5.350971136389917,3.478180308763742,-7.470301113540778,-2.668036162963323,,,0.061844427,0.06579718,0.06794956,0.11048855,0.2077631
0,layer10_83463,,3101246522661533312,103.48026221200296,-5.305653947159556,3.0693404471459744,-7.1047047325593935,-1.8679649280633712,,,0.250733,0.26833436,0.26921168,0.15575215,0.1650178
0,layer10_83463,layer12_88324,3101247622171827200,103.69961252957032,-5.34072079574913,3.5687286169384045,-7.00805660717358,-2.5044299942936634,,,0.120592035,0.112305984,0.09554536,0.24389888,-0.019315435
0,layer10_83463,layer12_88324,3101254768997851520,103.75291301703318,-5.154035924531836,3.421644290858056,-7.021738783839485,-2.352196607745236,,,0.12036703,0.09878437,0.07728531,0.4352689,0.13992393
0,layer10_83463,layer12_88324,3101258033172719872,104.03979764602352,-5.2741863353393255,3.619024600265458,-7.30693132665356,-2.507729211536479,,,0.18434024,0.15495573,0.13674583,0.26576266,-0.017633678
0,layer10_83463,layer12_88324,3101266833565017728,104.20900282977075,-5.126236945339016,3.424478712958084,-7.533136645574921,-2.5746574029242217,71.51024,10.964275,0.028065836,0.034018163,0.035901424,-0.009379289,0.20072155
0,layer10_83463,layer12_88324,3101280371302026112,103.88014841844108,-5.0621328037460565,3.393805573377589,-7.3901248772035695,-2.7032942671073927,,,0.08031351,0.0765133,0.06785264,0.15269732,0.045517366
0,layer10_83463,layer12_88324,3101280989776865152,103.95376173814137,-5.011154176099795,3.5720599849177432,-7.727713061410943,-2.518201942493677,,,0.06172248,0.05660965,0.054839868,0.05868463,0.21803518
0,layer10_83463,layer12_88324,3101281947551174912,103.89041616707864,-4.999307756139126,3.4228704553433453,-7.734512434069614,-2.5306980790238427,,,0.18314931,0.16265318,0.15207526,0.3538188,0.1748963
0,layer10_83463,,3101281951849549824,103.88590828811806,-4.9960426680813095,3.1979548224203653,-7.0573202991222725,-2.3621573001925,,,0.034165937,0.03231198,0.031272937,0.2967141,0.061768312
0,layer10_83463,layer12_88324,3101283841635127168,104.0400240199434,-4.996793772830656,3.4178646494077123,-7.253215296975798,-2.380045010980288,20.649282,2.0232723,0.01505572,0.015303566,0.013273055,-0.03790121,-0.061095364
0,layer10_83463,layer12_88324,3101284082153297792,104.00678419365958,-4.980023556425459,3.3755936766362487,-7.384767110341348,-2.603596456725526,24.29579,5.230972,0.015185566,0.014417096,0.013285135,0.04215651,0.15054572
0,layer10_83463,layer12_88324,3101299303522766208,105.4097895723758,-5.751311924440393,3.3166544073764586,-7.339419596061646,-2.296279638195524,,,0.11319785,0.09975924,0.10045267,0.29262942,-0.013634096
0,layer10_83463,,3101309783242343040,105.30474481187714,-5.7569811854030135,3.4799367118877256,-7.674752070195768,-4.622345600512114,,,0.16702844,0.1680921,0.178508,0.24306293,-0.21191964
0,layer10_83463,,3101318544975425792,105.49291207189896,-5.605489206138428,3.207981067341348,-7.360791594704436,-2.374801553232852,,,0.09380223,0.07389168,0.07567023,0.1528464,-0.03159921
0,layer10_83463,layer12_88324,3101324725427061248,105.48144321806416,-5.471751581466848,3.5919309983606613,-8.103458383009654,-2.881123633292563,,,0.33227342,0.3143789,0.29299247,0.028748002,-0.0632548
0,layer10_83463,layer12_88324,3101328646739077376,105.8116880961903,-5.540020983963463,3.2728417980372053,-7.363320098793856,-2.43430919205399,,,0.09632693,0.10813954,0.09123593,0.0016990706,0.032463007
0,layer10_83463,,3101339023379814528,106.04850872714329,-5.361811013713355,3.2101884703399137,-7.875367427523676,-2.6919077168756056,,,0.10534178,0.09607949,0.09643209,0.028744392,-0.45434096
0,layer10_83463,,3101346823036942848,105.7713888329091,-5.410508030827198,3.439455419901074,-6.6137888106858735,-1.773625293624178,,,0.26759595,0.2081236,0.19443738,0.25808683,0.1137877
0,layer10_83463,layer12_88324,3101351599043432960,105.66177451557064,-5.298354795489376,3.5822875842575344,-7.981850198893161,-2.893046264636558,,,0.068361774,0.06723471,0.05854483,-0.0009647487,-0.06782157
0,layer10_83463,,3101360322116707328,105.85526857620133,-5.148796737503814,3.6388172033962647,-9.210778312186289,-1.6262709665438733,,,0.17392807,0.18925478,0.17198157,0.19496417,-0.102867804
0,layer10_83463,layer12_88324,3101371871289401344,105.2404847087813,-5.448214107743596,3.55002372204446,-8.04893005177858,-2.681253313578765,-89.30809,7.6155977,0.03495036,0.037536748,0.040390756,0.11681616,-0.06956983
0,layer10_83463,layer12_88324,3101384030336507392,104.82883793628932,-5.4098139945287045,3.52586758806246,-7.503529891184717,-2.4985409530439098,,,0.05633365,0.063359596,0.054809537,0.116601974,-0.039196346
0,layer10_83463,layer12_88324,3101384034636196608,104.83164733596074,-5.410047311120249,3.549754637756676,-8.888389118364158,-2.46490861555017,19.76757,3.8461626,0.03506877,0.037839327,0.03268566,0.1663004,-0.03208229
0,layer10_83463,layer12_88324,3101384653111446144,104.90139878873738,-5.363774488138716,3.519861898984136,-7.839892718759131,-2.5013057773862184,-1.2250562,10.171822,0.038800705,0.04802505,0.03988234,0.20309497,-0.09817597
0,layer10_83463,,3101390975303165824,105.28016985586616,-5.223593501487787,3.4653584209175032,-8.399532021275697,-3.414775037855269,,,0.11510335,0.10418222,0.11888449,0.08565876,0.33684745
0,layer10_83463,layer12_88324,3101393827161526144,104.96212539578627,-5.244117414397887,3.506745145134784,-7.824350929747683,-2.6714799176763027,,,0.07732307,0.07986179,0.06624248,0.3400812,-0.018800767
0,layer10_83463,,3101401248865523200,105.38444739321876,-5.293891323839989,3.402527518294515,-6.6319804602130255,-3.592343998105683,,,0.14834936,0.15954669,0.15882093,-0.005213614,0.11386432
0,layer10_83463,,3101410457275178752,105.56227733662872,-5.107821017949793,3.422298404634624,-7.725360490015092,-2.6464948399336987,,,0.040691905,0.039864674,0.036717925,0.12081464,0.04952028
0,layer10_83463,layer12_88324,3101418596233402752,105.37800245570756,-5.044244483560078,3.358874577437906,-7.923867124340647,-3.249822993681489,,,0.23432693,0.20294027,0.18302864,0.084960476,0.010535203
0,layer10_83463,,3101500204913284480,106.5237737891634,-4.621163222212964,3.3457189716867144,-7.880318571101383,-2.6862537900519565,-3.0471737,11.440468,0.016495166,0.017646702,0.01610809,-0.047357038,-0.12717962
0,layer10_83463,,3101589501568371584,104.91484412925188,-4.993713997074978,2.933620828604361,-7.239863223186846,-1.9787502963677293,,,0.18581016,0.17583558,0.16626535,0.3450343,-0.0036345383
0,layer10_83463,,3101594694188273664,104.6642488517742,-5.024462736530422,3.089036035012484,-6.605090197424201,-2.1472803857949425,,,0.09623565,0.09630888,0.08511033,0.12075599,-0.18318288
0,layer10_83463,,3101599401472771072,104.790290868674,-5.027575101909437,3.1259575007212304,-7.283359190431847,-2.2130787275654127,,,0.0633815,0.06503934,0.06613518,0.2593646,-0.1131707
0,layer10_83463,layer12_88324,3101601944093363200,104.91374056268867,-4.9513189811842695,3.350354452284585,-8.158046462677452,-2.8487402707399943,,,0.12760463,0.11127531,0.10475065,0.16758783,0.021749299
0,layer10_83463,layer12_88324,3101611594879447168,105.12943090308892,-4.923717352403833,3.302822370067658,-7.890174495450928,-3.1228302242654093,,,0.14118864,0.15697818,0.16013983,-0.09862131,0.18587568
0,layer10_83463,,3101616439603665024,105.14264790233702,-4.807283796463414,3.685531029513664,-8.005820477945425,-3.337498806235724,,,0.2544136,0.18688866,0.1777373,0.2593909,0.05886947
0,layer10_83463,layer12_88324,3101619875579659776,105.40731352765998,-4.7762475614243405,3.2533109454354165,-7.520116489479603,-2.502951868307283,,,0.14279349,0.15760818,0.13130082,0.055578165,-0.029236965
0,layer10_83463,layer12_88324,3101639907305398016,104.96430810937586,-4.64991398128603,3.331547063932993,-7.4552671506391315,-2.240397418218928,,,0.12509818,0.1300071,0.12419338,0.03676484,0.11700559
0,layer10_83463,layer12_88324,3101648840836644352,104.28680256132893,-4.932064605709302,3.630066069658435,-7.696283461357198,-2.777485232942157,,,0.118942246,0.12600468,0.13141845,0.13980812,-0.04869681
0,layer10_83463,layer12_88324,3101652929645027584,104.64363641145334,-4.843858536067302,3.5212055273405607,-7.872712710102049,-2.905085128564292,20.14995,1.3676642,0.020254634,0.021166943,0.018561283,0.027262142,-0.015031802
0,layer10_83463,,3101656056381211776,104.65551137175515,-4.748306733072087,2.9200954388814617,-8.02286618827919,-1.5255642549876964,25.43969,1.0699087,0.019525055,0.017914426,0.0160687,0.24275425,-0.07599261
0,layer10_83463,layer12_88324,3101656610436792448,104.482169407733,-4.827602031430758,3.757161394472497,-8.315793938657048,-3.133325977428428,2.5104787,9.837921,0.033090264,0.03466359,0.028768005,0.20791388,-0.023846703
0,layer10_83463,,3101675611373094528,104.33388562077722,-4.614211822565935,3.0986782331560647,-6.920860897979535,-2.606086384213449,,,0.06097273,0.0668762,0.06494725,0.22202072,0.06891178
0,layer10_83463,layer12_88324,3101676328629610496,104.42970714187015,-4.592601033407821,3.497592944393145,-7.447410101687429,-2.9696319644222062,,,0.15264101,0.16039605,0.13730559,0.3201502,-0.06746766
0,layer10_83463,,3101680421735323136,104.7778346837596,-4.645096835966535,3.897448141125865,-8.145048495919173,-2.9265719842174174,,,0.06873958,0.066778794,0.063843824,0.06490988,0.026670378
0,layer10_83463,layer12_88324,3101712891687746560,104.7053386098267,-4.23707163617818,3.563750624915519,-8.039193754336202,-3.2634839053137528,,,0.06696662,0.06842518,0.06086123,0.079729825,0.013525198
0,layer10_83463,,3101721515983942912,105.40689805931676,-4.558560862523798,2.96887452377622,-6.654654758243128,-1.9893763654304777,,,0.10585861,0.10849769,0.09508012,0.22557868,0.16206695
0,layer10_83463,,3101732133143120384,105.32334085966212,-4.531116062633631,2.8887150674573485,-6.806300725578907,-2.1805988205400686,28.154194,9.86449,0.021046404,0.024486706,0.020124644,0.075205155,-0.012605149
0,layer10_83463,,3101735393018315904,105.39223475106336,-4.416330704318121,3.4062456236785854,-7.001802754262129,-4.166393381760448,14.396795,4.6031184,0.031016352,0.030501144,0.026880765,0.26955944,0.04983318
0,layer10_83463,,3101741341552909696,105.3902494477423,-4.411108064729938,3.514697500574557,-8.108799992923728,-1.735474330571135,22.36812,9.192394,0.02103509,0.020533387,0.018930316,0.29338518,0.067868434
0,layer10_83463,,3101768996844894976,105.72694368152486,-4.186458895941093,3.747442394360082,-8.223389684802777,-2.886659313752657,,,0.21082212,0.19129437,0.17671807,0.17679507,0.010683542
0,layer10_83463,layer12_88324,3101784836681854464,105.16833691327813,-4.399325874607222,3.3524723892237045,-7.964219574255376,-2.9004460570644426,,,0.13047986,0.14911719,0.13156775,0.033074502,0.061366547
0,layer10_83463,layer12_88324,3101862833286509568,102.62130559386246,-5.712347691942488,3.6287308415460062,-7.349998469896676,-1.7793307245912615,23.95206,5.9401546,0.05090947,0.0512647,0.05315306,0.07475812,0.1443446
0,layer10_83463,layer12_88324,3101864040176541312,102.89122555138816,-5.738071220060347,3.446060245621928,-6.433530427954889,-2.5207030091696323,,,0.29196647,0.2960473,0.26935852,0.12783332,-0.17744932
0,layer10_83463,layer12_88324,3101868605722626304,102.68896267538356,-5.699551620803786,3.445859606727482,-6.838585163568346,-2.3500474945780017,,,0.13269535,0.12819833,0.12590331,0.027230008,0.15479255
0,layer10_83463,layer12_88324,3101870602889768320,102.8813251730941,-5.594335241627673,3.22829417720667,-7.47772191191058,-2.7801654394270905,,,0.21405318,0.18357216,0.16547567,0.20331816,-0.03336244
0,layer10_83463,,3101873489108162048,102.48840099071045,-5.745089761953712,4.289103775275854,-8.114676224842079,-3.1012033303003887,-3.9721994,5.031429,0.025728276,0.03326645,0.028567683,0.070512556,0.010197013
0,layer10_83463,layer12_88324,3101874996635165312,102.61282498158396,-5.674561110765019,3.402440141199094,-7.313374379041229,-2.507463514661118,,,0.15448804,0.16746658,0.17946386,0.06526065,0.0924351
0,layer10_83463,,3101881254408820352,102.68477762531644,-5.626779725029582,2.923775901966383,-7.52139703559996,-2.982934663908999,17.759954,4.4315686,0.18842123,0.17857382,0.16852625,0.1234941,0.036226552
0,layer10_83463,layer12_88324,3101887950256663424,102.73716621960703,-5.450434811505163,3.743777330234124,-7.438033981328564,-2.5679548157633647,,,0.12801372,0.12842815,0.110990345,0.07690949,-0.010716833
0,layer10_83463,layer12_88324,3101890321085314048,103.01846146728602,-5.609092446767527,3.4700820911461534,-6.867414246201563,-2.529605361124262,,,0.12254692,0.11241116,0.102791704,0.12475973,0.0019498117
0,layer10_83463,layer12_88324,3101891317517759360,103.03066336397508,-5.549321514338155,3.5685089384995936,-6.855447583506921,-2.2393324037325826,,,0.2280604,0.2049523,0.19524162,0.1766203,-0.09006457
0,layer10_83463,layer12_88324,3101898331199110144,103.18200547183687,-5.507630800892464,3.34061747546076,-7.140827306663867,-2.51978923809075,,,0.065660655,0.068212256,0.06401803,0.15505564,0.10797407
0,layer10_83463,,3101904206713591168,103.0453761803968,-5.360197464908604,2.83063069963621,-6.185075027484718,-1.6386732169475924,,,0.067437924,0.07066126,0.06307001,0.08596202,0.09956863
0,layer10_83463,layer12_88324,3101904928268851968,103.1740813127365,-5.352275701705657,3.325982710442444,-6.8717320835452105,-2.3557321355381995,,,0.041723028,0.05020583,0.044440545,0.12662059,-0.09489076
0,layer10_83463,layer12_88324,3101905237506492416,103.18635281771574,-5.332929703361113,3.6929850174183554,-7.127884056059765,-2.7397123711118696,,,0.07374816,0.09028423,0.08066868,0.11202218,-0.11168344
0,layer10_83463,layer12_88324,3101907569665841536,102.87797172360466,-5.4892579978540414,4.006935983392558,-7.81583109291704,-2.895651644653016,19.889713,2.7088966,0.019758139,0.01968472,0.016449938,0.18285818,-0.034312773
0,layer10_83463,layer12_88324,3101908050702671104,102.8606062810496,-5.438892717285812,3.440115814303728,-8.131235884139771,-3.633594875301198,,,0.2603426,0.2483651,0.20653498,0.13570458,-0.021949679
0,layer10_83463,layer12_88324,3101909738631580288,102.91613637176198,-5.390319341291243,3.24379206143232,-7.139911965158921,-2.4512780016220987,,,0.09886236,0.08293572,0.07364285,0.20358095,-0.018054496
0,layer10_83463,layer12_88324,3101910524607600512,102.88917173945114,-5.382450033224033,3.242277965777746,-7.402889238120014,-2.832610454484248,,,0.14877889,0.15219545,0.11465412,0.084557675,-0.0049884743
0,layer10_83463,layer12_88324,3101914652074116608,102.86372411459148,-5.2876581372138745,3.432661980541212,-7.603833325722703,-3.0967286424368803,7.985678,9.4327,0.03375704,0.03400371,0.02944422,0.09909797,-0.07534886
0,layer10_83463,layer12_88324,3101914720793679872,102.79677341647286,-5.334322649029046,3.45532785521366,-7.373088338335993,-2.6140953426577576,,,0.24525733,0.21018471,0.18174407,0.1569055,-0.11001166
0,layer10_83463,,3101914785211568512,102.77816794815016,-5.324432943493437,2.8010986277552674,-6.3901410425350695,-1.853712444749392,,,0.10425331,0.08751779,0.07378272,0.27143884,0.063471854
0,layer10_83463,layer12_88324,3101914823872885632,102.7811666290157,-5.311347133496772,3.483092663220242,-7.081838299244421,-2.4661340896364914,17.688892,2.7395854,0.015847137,0.01578787,0.012912696,0.114268996,-0.14128181
0,layer10_83463,,3101915197527732096,102.7791069122523,-5.2796623474373225,4.334560673714988,-8.884190970653673,-2.5347202122648977,24.192158,1.7455992,0.053366184,0.053217076,0.048604507,0.2990421,-0.0011882453
0,layer10_83463,layer12_88324,3101915747286728576,102.81725772475014,-5.251972760502287,3.8939106429492254,-7.642378614982372,-2.810737230605932,,,0.37597233,0.31644273,0.26885957,0.14871147,-0.1232794
0,layer10_83463,,3101923448166933504,103.04171093183108,-5.127955205907227,3.093748104181346,-7.095773709061127,-2.2670148229403964,,,0.22321868,0.23141941,0.21826553,0.20326205,-0.17587262
0,layer10_83463,layer12_88324,3101939288006116736,102.33621106924136,-5.369545132569369,3.417619135220748,-6.776398089965949,-2.2701939543303995,21.13043,2.8765109,0.01880246,0.018618992,0.016077844,0.067218676,0.14709729
0,layer10_83463,layer12_88324,3101943308095692416,102.08008442863076,-5.480746818992833,3.8018119329916926,-7.298389126189892,-2.6757859630273715,-4.8609953,6.147928,0.023602013,0.024845444,0.023373112,0.20574939,0.006839936
0,layer10_83463,layer12_88324,3101957223789483648,102.25584283206769,-5.194502080611305,3.411287503544413,-6.8337827499801564,-3.1800030279076346,,,0.060283795,0.06334381,0.057104673,0.07138407,0.10558472
0,layer10_83463,layer12_88324,3101957223789484416,102.25498513162552,-5.194316907172614,3.40103895825681,-6.591083900997641,-2.3559787383869306,,,0.090581715,0.09323979,0.08422194,0.089373924,0.11764861
0,layer10_83463,layer12_88324,3101957498667388928,102.23211572666732,-5.172310392357989,3.404712959739472,-6.90643452246701,-2.413592678297399,,,0.042782824,0.044648506,0.03970475,0.10499579,-0.036361035
0,layer10_83463,layer12_88324,3101962721348067584,102.82945754574,-5.227812066590209,3.573421474598574,-7.247553747824838,-2.7283144869277867,,,0.05514382,0.05118055,0.04746484,0.22229758,0.030197548
0,layer10_83463,,3101964366314905344,102.60631292910313,-5.269284352275934,2.950233211226803,-6.263682418452335,-2.439378327296108,,,0.25188306,0.21619584,0.2278887,0.18745725,0.32300204
0,layer10_83463,,3101968936159396352,102.80912590913296,-5.191491179425392,2.9641222786998083,-6.811610205182832,-2.317296260040006,,,0.23324306,0.19838,0.17794399,0.34113783,0.07295966
0,layer10_83463,layer12_88324,3101971517435444224,102.99145795569004,-5.079835445941761,3.7481836795910017,-7.278730466964505,-2.644594508868515,,,0.333002,0.35523733,0.31328756,0.30180278,-0.095391154
0,layer10_83463,layer12_88324,3101977496035044864,102.47746994849264,-5.20271230768977,3.824914027094074,-7.313693852419165,-2.483443122187884,,,0.0816173,0.08316868,0.09600805,0.17975242,0.09977961
0,layer10_83463,layer12_88324,3101985982890303744,102.45688153255963,-4.968698796881628,3.6708375251289858,-7.254272623532654,-2.699318425301996,,,0.08493138,0.07770619,0.07342507,0.19171779,-0.16762608
0,layer10_83463,layer12_88324,3101991922824716416,102.5451565555179,-4.9192790643248,3.420724903201162,-7.111566478919512,-2.529774831538336,21.910196,6.6722035,0.024895519,0.024961704,0.023933431,0.16310501,-0.124363154
0,layer10_83463,layer12_88324,3101992957917042304,102.68728035458668,-4.892458110770928,3.471812856559338,-7.041369906572035,-2.588478132366495,16.987251,6.455153,0.023379268,0.024930725,0.020961862,0.14755732,-0.063066565
0,layer10_83463,layer12_88324,3101998245015149184,103.48939642030167,-5.20144338809097,3.5889643159581603,-7.52404563133261,-2.7853267903156973,,,0.052559383,0.065183915,0.056094825,-0.06774527,-0.05724998
0,layer10_83463,layer12_88324,3101999172728754304,103.41318727126917,-5.184533199513146,3.6182724891951694,-7.59725704393718,-3.098568697229831,,,0.16938905,0.1852576,0.19365415,0.0062560868,0.02566184
0,layer10_83463,layer12_88324,3102000448340254080,103.31162684448846,-5.203203713141924,3.419813752021448,-7.284567198786995,-2.5921824480510725,,,0.054209236,0.06465638,0.058699246,-0.057785682,-0.15569343
0,layer10_83463,layer12_88324,3102000650199185152,103.26447130101307,-5.223809319481541,3.7667661456945263,-7.495885538755048,-2.9589234327525418,,,0.18574214,0.21134956,0.22357352,0.14588822,-0.17117766
0,layer10_83463,layer12_88324,3102007762662616192,103.63998081663418,-5.053866030865965,3.392879749514868,-7.032011595691398,-2.663457572604522,,,0.029551936,0.026345478,0.02359743,0.22513865,-0.0062028454
0,layer10_83463,,3102011409096872960,103.5649129684468,-4.981690387436368,3.1620040202160213,-6.573626094329812,-3.2702739361448723,,,0.07410526,0.08576135,0.07783143,0.1117145,-0.029192321
0,layer10_83463,layer12_88324,3102012542968057088,103.52684003821832,-4.937236519577396,3.677345276434143,-7.389616422463794,-2.0509042344554067,,,0.16953824,0.19926779,0.16288522,-0.06713261,-0.16929975
0,layer10_83463,layer12_88324,3102021510859430656,103.37982316323772,-5.04480592396344,3.874852271016093,-7.013166630854394,-2.6708097832596405,,,0.110516526,0.13034703,0.1347863,-0.045322463,0.103472464
0,layer10_83463,layer12_88324,3102022880948173056,103.3227467056368,-4.99345343031224,3.2671388079250896,-6.988893883262545,-2.434264017972417,26.998814,5.274567,0.015379647,0.016329179,0.017519003,0.083297774,0.25916815
0,layer10_83463,,3102027317655210368,103.23847523857307,-4.919067176405193,3.5466835012533005,-7.519093736494808,-4.263624474428532,,,0.21955535,0.2400107,0.23761947,0.26556525,0.074939966
0,layer10_83463,layer12_88324,3102030994148482304,103.73063611111716,-5.01576191863663,3.526485069087616,-7.481606915649246,-2.7336229565181545,,,0.13303341,0.12980683,0.10763913,0.28127822,-0.03886761
0,layer10_83463,layer12_88324,3102032334177324800,103.71392239873047,-4.945204022175541,3.5513033408758323,-7.26131109866263,-2.320100791777858,,,0.07305663,0.08001187,0.071876004,0.14275624,-0.06714327
0,layer10_83463,,3102032677774697984,103.786980563588,-4.96083850836319,2.966437819203268,-6.588978673234297,-2.736794746625972,43.307495,18.82673,0.10679895,0.11201821,0.10159155,0.15990013,-0.008712696
0,layer10_83463,layer12_88324,3102036904022510080,103.73696445986138,-4.897335775570886,3.3946629629183604,-7.414017960546155,-2.646413078119559,,,0.044937838,0.047409587,0.040951062,0.09217018,-0.040171117
0,layer10_83463,,3102037483836544640,103.78808369523895,-4.856286599995133,3.9276454424407583,-6.283253244501151,-1.535618178308574,,,0.22923979,0.24576692,0.20964672,0.09102188,-0.0047649853
0,layer10_83463,layer12_88324,3102038347131522688,103.6541613140343,-4.832536360475841,3.3646822641446503,-7.845289161582333,-2.3720243974869777,-7.550648,5.9928503,0.1366108,0.15535009,0.14559846,0.027443513,-0.029396933
0,layer10_83463,layer12_88324,3102048655052593408,103.54060550396512,-4.855946861648468,3.807247594786662,-7.315848326034284,-2.864979765866766,,,0.0721123,0.06275226,0.05449872,0.12555261,-0.05642584
0,layer10_83463,layer12_88324,3102055080323567104,103.62095086998951,-4.705515406272952,3.401728104813204,-7.655432328960496,-2.937152447896703,,,0.04108339,0.03782564,0.03300611,0.24391484,0.08306388
0,layer10_83463,layer12_88324,3102066419037581312,103.0468593344674,-4.979978957438348,3.436813533651963,-7.245309208177541,-2.733302241433324,,,0.03119753,0.033088576,0.030819975,0.19221628,0.07714719
0,layer10_83463,layer12_88324,3102068377542620416,103.12043301007569,-4.945269414053152,3.326207724354411,-7.501101103411415,-2.492850196435602,,,0.03620636,0.037609026,0.034352034,0.13728526,0.083385706
0,layer10_83463,layer12_88324,3102072638150158336,103.07679868321176,-4.865932202140788,3.55199571483225,-7.383633098812016,-2.030134440371107,,,0.04099448,0.043004222,0.041866057,0.18039542,0.097866595
0,layer10_83463,layer12_88324,3102076726958934400,103.2455359685498,-4.813127167857082,3.3127285285550383,-7.014849850625342,-2.318402526503971,,,0.07303573,0.08300075,0.0845268,0.061438415,0.1705197
0,layer10_83463,layer12_88324,3102077551592647552,103.23146850321848,-4.786667793952836,3.5136874513724248,-7.49307198938967,-2.827499166108819,,,0.037518855,0.042081278,0.041850608,0.27861744,0.1270502
0,layer10_83463,layer12_88324,3102078925982246528,103.075041502706,-4.801037212735446,3.488187592549957,-7.104218274326671,-2.460676006883063,,,0.017336369,0.01721157,0.015843134,0.26273808,0.12661365
0,layer10_83463,layer12_88324,3102094727162264960,103.1624195711139,-4.6235497212911945,3.634886011286006,-6.99285338091025,-2.8587979237918324,,,0.16061866,0.1803392,0.17999272,0.03726476,0.22203994
0,layer10_83463,,3102096999204073344,102.95999859771572,-4.632746518460273,3.143377125357794,-6.961767567693831,-2.264965565722342,34.481205,5.2310925,0.021795357,0.024527775,0.021966152,0.11964139,0.051809974
0,layer10_83463,,3102098820270169088,102.99639125444064,-4.567837592595964,3.040042651359012,-6.8471129421802805,-2.5780213578491127,,,0.2531884,0.2811834,0.25847661,-0.055791926,0.15505986
0,layer10_83463,,3102109948526493696,103.57070233769352,-4.572383561056835,3.199735470951412,-7.324336509181387,-2.3462527289046977,,,0.15915346,0.14041488,0.1346177,0.32082224,0.08632042
0,layer10_83463,layer12_88324,3102110158984129152,103.55657932139697,-4.5600399930000055,3.499182056277525,-7.412575428846498,-2.7181394988095167,20.373274,3.6964507,0.015812622,0.015264159,0.014504645,0.29361925,0.119074486
0,layer10_83463,layer12_88324,3102113079556648960,103.58498843738408,-4.459749221925025,3.436493870968978,-7.418617754198157,-2.8791187690364555,,,0.2996285,0.26041865,0.25311306,0.24949938,0.056713723
0,layer10_83463,,3102114557030644992,103.46307185621372,-4.492381915252175,2.950834125295052,-6.135851525005408,-2.994418365155645,,,0.116878055,0.107644826,0.099103704,0.113525175,-0.06703357
0,layer10_83463,layer12_88324,3102116859133866752,103.55909122036844,-4.3924468858555095,3.4495337651418327,-7.350346328449055,-2.7615778009813825,,,0.15785295,0.14835624,0.13879023,0.01771787,-0.067659475
0,layer10_83463,layer12_88324,3102135894428515712,101.98963165395185,-5.336809587088648,3.4581671640598817,-6.869111039830719,-2.5431077487806,,,0.09595873,0.11854775,0.10109635,0.065002576,-0.07789272
0,layer10_83463,,3102138845067708800,102.05760076482626,-5.222403676891915,3.331559211160765,-6.722057279626902,-2.063106380933609,,,0.19170493,0.21456486,0.19611043,0.1573179,0.0075056376
0,layer10_83463,layer12_88324,3102139983237351296,102.046430573777,-5.178205531782309,3.911387357235892,-7.879273061853889,-3.276503904253358,9.488894,9.011518,0.015268454,0.017630069,0.018082332,0.10036427,0.070154764
0,layer10_83463,layer12_88324,3102143178692711040,101.98687954939804,-5.154010100775552,3.429362635877202,-7.052730803572708,-3.819725439068284,,,0.096992865,0.10569345,0.092048846,0.16211744,0.03795676
0,layer10_83463,layer12_88324,3102148740672506368,102.18848135819874,-5.029584619770751,3.408140221031126,-6.805043029652448,-2.250366217439673,,,0.17513934,0.24932395,0.25016612,0.017073588,0.014195589
0,layer10_83463,layer12_88324,3102151596828521984,102.11399402771742,-5.026568940927848,3.779330317994613,-7.331058223516598,-2.947877864208731,,,0.096254766,0.100638814,0.096745245,0.1243451,0.17163937
0,layer10_83463,,3102156407191986432,101.87789663013704,-5.073603631106331,4.218654920582715,-8.059969077547668,-3.2895119476110914,,,0.040194865,0.04345199,0.038944475,0.12266017,-0.028654456
0,layer10_83463,layer12_88324,3102157747221866368,101.69676240262396,-5.131798214283127,3.8541995081644544,-7.1500593776444665,-2.8493276918067285,,,0.088573724,0.09242504,0.087001614,0.08200898,0.015820304
0,layer10_83463,,3102160800937562368,101.78415714708564,-5.00516665461108,4.84442258793568,-8.558004848004527,-3.990366799030625,,,0.21396706,0.22637136,0.20455731,0.27327424,-0.25362363
0,layer10_83463,,3102161114476167040,101.7333469298788,-5.012745809948707,4.214732856746213,-7.462487565643765,-3.0844197396844284,,,0.14544414,0.16370484,0.1363293,0.2854701,0.013317261
0,layer10_83463,layer12_88324,3102169292093757696,102.00545969993922,-4.872604547133476,3.41799188466306,-6.888234730841258,-2.5942116092102885,,,0.04804933,0.054375052,0.047501244,0.06904106,0.12995867
0,layer10_83463,layer12_88324,3102172075232928256,102.244543353249,-5.027372111988233,3.967135615553027,-7.717619706330651,-3.182296629221834,24.256907,0.8931028,0.041765492,0.043738596,0.039269168,0.14393215,0.13574447
0,layer10_83463,layer12_88324,3102183104708835328,102.52007800632192,-4.794761819755935,3.3961119795477965,-6.935922561234059,-2.7824246885319512,25.66936,4.1242666,0.017202202,0.020000216,0.019663207,0.19035037,-0.057761043
0,layer10_83463,,3102196814244084352,102.12219937034013,-4.688436472690001,2.886721840270584,-6.034811986931928,-1.9138246059470752,19.96933,5.3128033,0.017164443,0.016533015,0.014871394,0.019418705,0.076441206
0,layer10_83463,,3102199730522138368,102.41521044652856,-4.664371248989712,2.869475926646711,-6.091818536180637,-1.85727847959452,,,0.09218635,0.0962629,0.0886836,0.16342291,-0.078864485
0,layer10_83463,,3102227428765869184,101.49022598419042,-4.760211130146736,2.927992161391402,-5.6982823119070245,-2.161082106842787,,,0.19619064,0.20412974,0.1848511,0.31239104,-0.088284016
0,layer10_83463,layer12_88324,3102230830384852864,101.46741968887238,-4.7317397933571606,3.6474901188337,-6.810202163155249,-2.511295408967984,,,0.08955958,0.10729936,0.09642923,0.38439777,-0.21993174
0,layer10_83463,layer12_88324,3102241275745609984,101.95746796412402,-4.771837218056749,3.7257395654783103,-7.423695589984136,-2.9375497220078257,,,0.093213126,0.09582268,0.08819869,0.1148339,0.26520577
0,layer10_83463,layer12_88324,3102250514215709696,102.1389301799849,-4.568489393593175,3.4908639757354614,-6.860081142133586,-2.7988723489143577,,,0.12754327,0.12807521,0.12726705,0.0645521,0.06234657
0,layer10_83463,layer12_88324,3102255466317419776,102.09463752833076,-4.458710778003304,3.877343441604878,-7.541083775480547,-3.081240174218406,-6.7679796,9.104349,0.024433194,0.024797227,0.024181386,0.29586464,0.06314979
0,layer10_83463,layer12_88324,3102257115584841984,102.14427850866278,-4.427193090828511,3.810334639748641,-7.532370771576514,-3.2590115875386063,12.258596,8.254861,0.037901845,0.038857583,0.03981974,0.44167602,-0.13583137
0,layer10_83463,layer12_88324,3102262029027071872,101.91260756931332,-4.466329279190047,3.6268434808888697,-7.178333449799344,-2.6958259775186337,,,0.09230609,0.09452744,0.09260738,0.12691218,0.20629638
0,layer10_83463,layer12_88324,3102281854596794752,102.6317219918187,-4.6120040403875775,3.277889756209268,-6.995783221615968,-2.531260705766859,,,0.040279668,0.04299084,0.03873282,0.1844495,0.022422696
0,layer10_83463,layer12_88324,3102290032214479872,102.72335499991864,-4.508457784751812,3.6310324204136153,-7.653677055475219,-2.5635850010809595,,,0.03754185,0.039231684,0.036591865,0.17602932,0.074317105
0,layer10_83463,layer12_88324,3102292437396094720,102.88155209724854,-4.426613744836156,3.641270756507376,-7.445693676860395,-2.749497659233294,35.83307,12.733831,0.014503255,0.015334799,0.0141410455,0.19750622,0.25268704
0,layer10_83463,,3102310270099784576,102.680218665642,-4.266231812823143,4.30557298389434,-7.775600069206322,-3.443854474578174,,,0.038957007,0.043798387,0.036456358,-0.036729995,0.11475913
0,layer10_83463,layer12_88324,3102313190678023936,102.97480465851042,-4.392718180885354,3.510488200989274,-7.132621104416631,-2.81085718172124,,,0.13581026,0.15261693,0.15662941,0.10917871,0.15747131
0,layer10_83463,,3102316592292111360,102.95805442250276,-4.356919188406077,2.821716363712868,-6.211534099691752,-1.876471199111772,,,0.21638383,0.2749535,0.27521446,0.05538158,-0.04212003
0,layer10_83463,layer12_88324,3102325216586319872,103.06611466462329,-4.2119690167212624,3.918930973646449,-7.415247950295587,-2.626689835669266,,,0.12731765,0.12846851,0.13354413,0.10371175,0.13321814
0,layer10_83463,layer12_88324,3102330366247016064,102.79507763827633,-4.2699764569641045,3.525920724201721,-7.508254097599989,-2.9365412085777405,,,0.11444428,0.12873283,0.120003246,-0.032239374,0.09511932
0,layer10_83463,layer12_88324,3102333321184071168,102.94559799605348,-4.138780077437166,3.601710005285528,-7.327382071216001,-2.931527611033024,29.939936,2.295115,0.022661278,0.019665109,0.018896429,0.08111699,0.09373166
0,layer10_83463,,3102337586091636608,102.83305258806942,-4.071261083419103,2.9897289193829395,-6.439957316956297,-2.129740973335185,,,0.0931217,0.08586409,0.08170026,0.08382765,0.11788397
0,layer10_83463,layer12_88324,3102338273286874240,103.02922086151858,-4.136965348974362,3.59912309234641,-7.440906270025662,-2.9571430571342625,29.047161,6.7226686,0.024722531,0.023286127,0.022582095,0.13534717,-0.025406355
0,layer10_83463,layer12_88324,3102357720898506624,102.4872070098891,-4.200447343777717,3.6408014954433376,-7.401111637805387,-3.033552980578145,,,0.07415334,0.078571275,0.07171297,0.26333007,-0.005664665
0,layer10_83463,,3102360293579101824,102.36595362441837,-4.230753941461895,2.893477343259128,-6.166906132190399,-2.0477585883207765,30.99941,3.6152663,0.013764484,0.013415796,0.013537718,0.21980074,0.1933614
0,layer10_83463,,3102360362299563520,102.35972130591468,-4.219253448757035,4.20972181176847,-8.3460546174011,-2.822884628238112,38.373688,5.123665,0.013068329,0.013291039,0.013309334,0.2525032,0.1461041
0,layer10_83463,,3102366959369321728,102.18584077351215,-4.223647626296181,4.082698247260524,-7.797599943577305,-3.37909082735821,,,0.08879179,0.07957179,0.08377928,0.354774,0.12820637
0,layer10_83463,,3102371872812045056,102.16457074116472,-4.110177229435966,3.214000750962696,-6.603561298234758,-2.4077338439485803,,,0.28492045,0.2928599,0.2999402,0.09158951,-0.27230996
0,layer10_83463,,3102383726921355008,102.64549643237493,-4.079378687051561,4.090734832767121,-7.075252297380249,-2.598362374850985,,,0.25297827,0.2718405,0.26010707,0.18853386,0.2266468
0,layer10_83463,,3102384104880610432,102.66378010633429,-4.056918604171635,3.352883712163763,-7.404543844321575,-3.2100894521805405,,,0.2090182,0.23488891,0.2169183,0.07239502,0.14450838
0,layer10_83463,layer12_88324,3102390912405546880,102.83011165156928,-3.9978772119419848,3.579455230363932,-7.392610014726391,-2.9183924274849016,27.291649,3.6260648,0.019806681,0.01850594,0.016867826,0.111255124,0.06353474
0,layer10_83463,layer12_88324,3102427608607880960,104.19031609650268,-4.533339586571798,3.789137644850004,-8.062652811337463,-3.105344210155216,,,0.044108544,0.05328984,0.055201568,0.1276474,0.14970022
0,layer10_83463,layer12_88324,3102445475671803264,104.08504750287597,-4.367150954552521,3.366954821634639,-7.575194938294778,-2.9256114545226177,,,0.042637356,0.050307006,0.052876797,-0.009233232,0.11210856
0,layer10_83463,layer12_88324,3102468187454034944,104.58967412903708,-4.139554352153899,3.291071264592926,-7.696576795296186,-2.717772303715559,,,0.23361012,0.25818938,0.30359808,0.10471888,0.08571831
0,layer10_83463,,3102469733646770688,104.57618722724416,-4.062464567038062,3.081387150262376,-7.69412902007318,-2.35562072317721,16.941442,8.05452,0.03166641,0.029133096,0.033990026,0.10301746,0.32938397
0,layer10_83463,layer12_88324,3102472138828657024,104.23214493094926,-4.188504955659033,3.7115981460214,-7.736300245881279,-3.2264434017995085,,,0.15547243,0.1692796,0.16233028,0.21461537,-0.16151598
0,layer10_83463,layer12_88324,3102506292408350464,103.51177211992665,-4.275288199859312,3.514513748902364,-7.500150037687783,-2.9784091632062504,,,0.076683596,0.0737731,0.06631588,0.14143632,0.06411124
0,layer10_83463,layer12_88324,3102506494265995648,103.515951475349,-4.242614918941376,3.522080124594321,-7.646094093160297,-2.906056073171788,,,0.04277608,0.042875595,0.040288184,0.19405437,0.087322846
0,layer10_83463,layer12_88324,3102511545147749760,103.41497213728948,-4.150883105822969,3.4882627656502683,-7.1598393443713135,-2.604061194724878,,,0.21971345,0.17478007,0.16608429,0.30206355,0.15744224
0,layer10_83463,layer12_88324,3102514534445063424,103.77284537060034,-4.123441509047437,3.2987942289657703,-7.380342211159155,-2.802837219176383,,,0.05957306,0.06987706,0.060301196,0.16332106,0.038471315
0,layer10_83463,layer12_88324,3102516046273066368,103.71858498321706,-4.044529365912304,3.674068373993141,-7.382992527185133,-3.0197494153181443,,,0.21568307,0.2505975,0.2324552,0.10778229,-0.057466425
0,layer10_83463,layer12_88324,3102526495934720640,104.1192082046044,-4.018830351575852,3.3158368954677826,-7.471323117702365,-2.881220590120554,,,0.08449681,0.0926213,0.0850268,0.13353564,-0.023500143
0,layer10_83463,,3102528518862571648,103.91301847184852,-4.04241413126522,3.2133002089507228,-7.380082408989692,-3.607392344280514,,,0.06587305,0.07232293,0.07312178,-0.009722946,0.22858346
0,layer10_83463,layer12_88324,3102536559037854464,104.17866345531246,-3.896379279088946,3.2775292557187274,-7.045421829696395,-2.588779649491817,,,0.12124687,0.09598046,0.07687728,0.25721085,-0.008876646
0,layer10_83463,layer12_88324,3102549001562537728,103.87914181080102,-3.763051333486764,3.3338864680851588,-7.43497360882936,-2.985394478257099,,,0.0625245,0.062626876,0.06860642,0.31832004,0.04350135
0,layer10_83463,,3102611536287841280,104.96205497260114,-3.6692810197020567,3.1587813775040496,-7.281260232030767,-2.572280531446036,33.3901,4.0913053,0.015329908,0.015504367,0.01499338,0.13764828,0.090339
0,layer10_83463,,3102633900175127808,104.2740731138054,-3.74367884289438,3.385295403932929,-6.68198649005069,-3.876948732305172,,,0.17736447,0.1445184,0.12064163,0.20963979,-0.046107985
0,layer10_83463,,3102649705656745472,104.2768593471198,-3.5515443101819373,3.955997757059387,-6.538706390117059,-2.792218531878172,,,0.3021287,0.26869634,0.23553997,0.2589797,-0.08902269
0,layer10_83463,,3102688016767480704,104.55257928967336,-3.241420846868003,3.220450274776705,-7.337101357487513,-2.7364296450576022,,,0.09235758,0.11001665,0.10624556,0.13757366,0.12785427
0,layer10_83463,,3102705475812436096,103.36912600763344,-3.995479862467464,3.064412484084116,-6.430463105039483,-2.3373139452840026,,,0.07563336,0.084680766,0.07119769,0.014999345,0.0055637164
0,layer10_83463,layer12_88324,3102719288427239296,103.28968222493168,-3.885666078310855,3.273491428688452,-6.957482688996009,-2.6495510771367847,24.693876,2.4101999,0.015184774,0.01650962,0.014243294,0.047774103,0.023857245
0,layer10_83463,layer12_88324,3102723171077696512,103.17491157589195,-3.838953227562157,3.549311744986238,-7.34113203981325,-2.872726975803897,-22.436985,7.5967665,0.037001893,0.03472565,0.033750612,0.2297758,-0.028100697
0,layer10_83463,layer12_88324,3102730592781120384,103.23781643937691,-3.7539237002304207,3.664975774419776,-7.578022386470609,-3.3861251361162745,21.725328,1.2882285,0.017255116,0.01608378,0.014656123,0.1603202,0.1568597
0,layer10_83463,,3102730592781122176,103.23306146760628,-3.752530594173592,2.827584047874759,-5.137757924027752,-2.045490897879769,51.736355,1.7106776,0.016573323,0.015822172,0.014545662,0.12136353,0.14028522
0,layer10_83463,,3102730897716870144,103.19629179642706,-3.7277889466498064,2.802513954777057,-4.982249802717694,-1.520029907140788,,,0.23849507,0.24248634,0.20911753,0.12841511,0.058952138
0,layer10_83463,,3019723202953560064,92.9652851346885,-6.552530770816168,3.1973996096268578,-2.813089004412728,-1.4448784215931754,,,0.100753814,0.12020799,0.11638725,-0.25943202,0.4483052
0,layer10_83463,,3019797007673070720,92.7716500552112,-6.1989252900181055,3.239054138640597,-2.974464159583017,-1.0614428455966194,,,0.042046506,0.038933832,0.039191503,0.11065728,0.25487226
0,layer10_83463,,3020198118962169856,92.82971683422907,-5.191181700941009,3.335601441793536,-2.897446413063509,-1.0123778549954507,19.680872,2.2842653,0.020439468,0.020768614,0.01937469,-0.12855136,0.086031124
0,layer10_83463,layer12_88323,3020271992399780480,94.70433200884258,-5.438618285681922,2.986442600904488,-4.104847700305295,-0.9434461410589272,,,0.20212165,0.18058425,0.19172703,0.12735529,0.22051659
0,layer10_83463,,3007490066648351104,94.5573091453408,-7.436687839580109,3.1926269336915043,-3.8669227137707343,-0.52999740178569,,,0.07495245,0.07689585,0.073413946,0.16025083,0.13273765
0,layer10_83463,,3007748559257116160,94.78571722690526,-6.568616831784081,3.473288503902382,-4.644326294801043,-1.5190692028397994,,,0.069151334,0.069619164,0.07820259,0.09234222,0.2574497
0,layer10_83463,,3007762436293688192,94.5699606932654,-6.566458359188425,3.400479974756879,-4.722415327826943,-2.2530023392906315,,,0.19769879,0.16081388,0.16446221,0.13832176,0.19688626
0,layer10_83463,,3007799480389250560,93.87272543861286,-6.467232742489506,3.212998734823571,-3.625502448562273,-1.1171186930004506,,,0.08986044,0.09957982,0.108557194,-0.016750358,0.3119164
0,layer10_83463,,3007890117083540480,96.09104230291136,-6.6305436502030695,3.1515331627678846,-4.435743614613771,-0.7208279171942267,,,0.28787827,0.2506169,0.24937905,0.10144704,-0.0024502873
0,layer10_83463,,3007920525450793600,95.25603265773312,-6.618036815529489,3.1575932489092544,-4.0179191892149,-1.4031160056689715,,,0.244621,0.2908379,0.26284423,0.37121084,-0.0654164
0,layer10_83463,,3007977944870195712,95.53058679258122,-6.198050919775957,3.164688890102924,-4.573127533862602,-1.1480353651766324,,,0.03001959,0.029689845,0.02996959,-0.02349946,0.22178906
0,layer10_83463,layer12_88323,3007997456903911296,96.39404881557486,-6.255731483804138,3.016654208977175,-4.745500317949496,-1.0354754817903156,,,0.10489556,0.10343239,0.10070287,-0.041498538,0.3114214
0,layer10_83463,layer12_88323,3008007837842904064,96.12079351867798,-6.206116459789227,2.957521228020513,-4.643717890481598,-1.171948696848388,29.192465,4.0667834,0.01664245,0.017138302,0.016254364,0.028425604,-0.04869865
0,layer10_83463,,3008020787168308480,96.81737840524336,-6.100479284377569,2.94009239603922,-5.20080980804857,-0.0561066249217846,-1.2996866,2.5156958,0.024953684,0.023829915,0.022900516,0.0027776617,0.16290176
0,layer10_83463,,3008020787168468864,96.81271325930756,-6.093936553118303,3.1870275830569934,-5.422108407677346,0.1564991841704934,,,0.23304702,0.20549634,0.1993783,0.09237291,0.22896577
0,layer10_83463,,3008032233256872960,96.72778354248489,-5.974962539007798,3.1153048795658167,-5.157264626947317,-0.2879908335543095,,,0.12746035,0.1359578,0.12569216,0.0062653236,0.060451988
0,layer10_83463,layer12_88323,3008038143131910784,96.6192029585653,-5.992246526884686,3.0171866802621694,-4.504234670647743,-1.2293373823805187,23.508549,1.6491003,0.01668141,0.016524926,0.014059185,-0.24236143,0.23965913
0,layer10_83463,layer12_88323,3008058071780424704,95.9333330146018,-6.115086549315108,2.967905758805609,-4.491221853146961,-1.101302984182565,,,0.047026858,0.057238303,0.05130278,0.22771284,-0.16321316
0,layer10_83463,,3008075212992444672,95.71699127951726,-5.986838774002209,3.0790575825773465,-5.306423329985961,-1.497547596806906,,,0.15381965,0.17087545,0.15963064,0.2564421,0.076482885
0,layer10_83463,,3008106209773646976,96.22804077361246,-5.750658944787545,3.5268038334139487,-5.505627769921265,-1.7098093569601416,,,0.102107055,0.10442988,0.10123209,-0.05530048,0.17025255
0,layer10_83463,layer12_88323,3008110642180578048,96.11976608120692,-5.677550677655043,2.901523487842529,-4.329407183046532,-1.0906485337993066,28.653786,3.6936343,0.033256583,0.03354205,0.030178972,-0.15868972,0.34197578
0,layer10_83463,,3008184854916389504,95.27974957658444,-5.940526087811301,5.009663892765556,-6.418827739197772,-3.2007265456342853,15.616232,1.5962505,0.0233829,0.020834597,0.018882418,-0.06420245,0.11382324
0,layer10_83463,layer12_88323,3008192139182282496,95.27559309933544,-5.752952055194875,2.9564756376648216,-4.122483461503625,-1.5176548109277377,,,0.22597474,0.24508545,0.22670703,-0.1371129,0.20178804
0,layer10_83463,,3008197980336712448,94.5077668880607,-6.176052018227094,3.478983336560778,-4.745707482163184,-1.3308747732125548,,,0.12530532,0.12490766,0.13205399,0.23785809,0.2884635
0,layer10_83463,,3008217496668677888,94.3029119875958,-5.935369760670246,3.0882040753924267,-3.8892706189083546,-0.2704517009529034,,,0.15277037,0.15369046,0.14891805,0.01554889,0.20890893
0,layer10_83463,,3008235638610961920,94.92211433498952,-5.787989068682481,3.12487806442853,-4.423046707252444,-1.5317269741452475,,,0.27582523,0.25948372,0.2511971,0.14311415,0.17677385
0,layer10_83463,layer12_88323,3008249902200007552,94.76966385090172,-5.665337089223326,2.984785377817268,-4.218262900830221,-1.1644307283813913,,,0.07635044,0.06699815,0.058962252,-0.030835968,0.2550661
0,layer10_83463,,3008257014662327680,94.88545434992808,-5.570354579785101,3.494628905106078,-4.085613799176732,-1.0843030015962951,,,0.32290104,0.25434557,0.24063496,0.05432403,0.403103
0,layer10_83463,,3008260686861442816,94.82412062418705,-5.526898862084266,3.112562270425911,-4.261035508072327,-0.8107060466013711,,,0.21542859,0.17303972,0.16336423,0.118012525,0.2526112
0,layer10_83463,,3008264947469552512,95.59344816725708,-5.922276162638399,3.47275445021976,-4.56808546041447,-1.4262071987087566,,,0.14009051,0.1469251,0.1567076,0.12691703,0.061681144
0,layer10_83463,layer12_88323,3008310753297627776,96.29468650315872,-5.386122510358191,3.152195901917642,-4.665996387522919,-1.499687325888049,,,0.08715782,0.08561672,0.08706665,0.08454106,0.25854582
0,layer10_83463,layer12_88323,3008314120552025856,96.03531574729028,-5.351988651499355,3.127423543211487,-4.429374786173244,-1.6307804414744864,31.136377,2.6995993,0.01943056,0.019710304,0.017716695,-0.16957729,0.12912649
0,layer10_83463,layer12_88323,3008315975978590208,96.1045344529588,-5.286500008743235,2.9084791550765865,-3.9976003916900265,-1.5200564248605042,38.115585,9.881311,0.09787706,0.10034628,0.09356119,-0.06322726,0.088372305
0,layer10_83463,layer12_88323,3008318381159190912,95.81341462653847,-5.426808870196467,2.949016501884785,-4.462895601967022,-1.1095729622167094,,,0.08226402,0.07545711,0.06897757,-0.11896384,0.23564202
0,layer10_83463,layer12_88323,3008358650772308736,95.07004951981098,-5.350481357476903,2.991503568625069,-4.5434274368180025,-1.348429814088124,,,0.047080882,0.047636926,0.045176465,0.0858677,0.22377025
0,layer10_83463,,3008360398822047104,95.07729410074847,-5.2621344653459925,3.3170200928597624,-3.978736401784977,-1.7795275258043517,,,0.32738864,0.29429445,0.29691273,0.15253039,0.1985527
0,layer10_83463,,3008363701654178816,95.38438947291668,-5.21600602682124,4.843564061435271,-7.734920499694797,-4.587809145323014,17.336563,3.67253,0.022013916,0.023521233,0.023330772,0.020148024,0.019876225
0,layer10_83463,layer12_88323,3008380258749316224,95.81701506116772,-5.095884495597457,2.9425849498421965,-4.643931784457543,-1.5427513588538324,,,0.18294981,0.19052936,0.17736693,0.016243815,0.28073406
0,layer10_83463,,3008386787098934144,95.77920612906853,-4.956118069290847,3.462154621068264,-4.311713287035771,-0.6351825674617795,8.760292,25.2607,0.10353827,0.1067422,0.101134345,-0.05519556,0.3767311
0,layer10_83463,layer12_88323,3008398125813097472,95.75041341734315,-4.965395269860598,3.170751996737455,-4.54744956246997,-1.6249703899586858,,,0.1461594,0.15939532,0.14154902,-0.10980314,0.16109578
0,layer10_83463,layer12_88323,3008398542428594688,95.76872131898592,-4.948934910226727,3.0332045455152765,-4.580567688221155,-1.827631095558322,,,0.07024005,0.07626652,0.06788877,-0.035743095,0.16230279
0,layer10_83463,,3125006595277368320,95.30892918966128,2.777545393228948,3.7745574242868,-5.349794751040678,-3.856803317066524,,,0.13434628,0.15257937,0.13682154,0.23231034,0.042127863
0,layer10_83463,,3125027142400861312,95.204354303597,3.010240353799321,3.01128637349382,-4.407394230207593,-3.5500764057912195,,,0.06096323,0.065852284,0.054130103,0.0928768,0.11809334
0,layer10_83463,layer12_88322,3125027172464490624,95.21978663387196,3.017165934170713,3.1206674673338988,-4.723436959974695,-3.48341894277142,,,0.113645524,0.11920471,0.10401463,-0.006423074,0.25437677
0,layer10_83463,,3125077200240422784,96.3172100168813,3.0588711554492534,3.1761225252227607,-5.303219948627728,-3.9121291220031305,,,0.09108741,0.09723147,0.080741964,0.11600728,0.09218781
0,layer10_83463,,3125240786956761216,94.65169713245442,3.340922614378487,3.79277363431356,-5.082084765575708,-4.3983673331125965,,,0.093479685,0.10734796,0.09218345,0.12151185,0.006175253
0,layer10_83463,layer12_88322,3125313187223296000,94.37960655624391,3.7008681980156366,3.074525819025722,-4.679053927521955,-3.700740077035641,,,0.03482365,0.03784944,0.034553193,0.27643755,0.08363282
0,layer10_83463,,3125340159617247872,94.71513224657942,3.769461213330368,3.228420474839439,-4.2357400777882495,-4.340517527258195,,,0.074040666,0.09649545,0.070984595,-0.063344724,0.033043507
0,layer10_83463,,3025046660299780224,90.71374833733331,-2.4141565103153155,3.2475920675138097,-2.8972292330658163,-2.97992733588677,,,0.20484856,0.22576456,0.18573645,-0.075347856,0.21452007
0,layer10_83463,,3025059231668071936,91.25598374268829,-2.382665733125623,2.7048315022507805,-3.3201086783996647,-0.1623124807998021,,,0.21182178,0.25383204,0.24408624,0.03287015,0.14784323
0,layer10_83463,,3025157431799419648,91.39510714906628,-2.238719467984592,3.2430124159456453,-3.4991611215411167,-2.696598715814585,,,0.06020249,0.060762152,0.05663922,0.0791388,0.11914876
0,layer10_83463,,3025212854059281920,91.52058111337894,-1.7380493282518568,2.689004835007033,-3.6433389906271647,0.0795830538863622,,,0.122017264,0.13244788,0.10651982,0.070667006,0.14337459
0,layer10_83463,,3025233542917599232,91.2251271250111,-1.8168574053919933,2.7086422356474205,-3.892734698658844,-0.0028466230416344,27.627043,3.179161,0.04262677,0.03900626,0.03687134,0.21427464,0.33809683
0,layer10_83463,,3025911975950767616,90.32350195734816,-1.7683403508681697,2.727354783555704,-3.518851857012451,0.212821868829374,,,0.07843325,0.077555686,0.0692967,-0.07340662,0.3020293
0,layer10_83463,,3102805870666617088,103.35927630370442,-3.492455225609364,3.2516107588785896,-8.068720652425359,-3.013928981728085,,,0.13235037,0.14703366,0.12837078,0.30814078,-0.072784476
0,layer10_83463,layer12_88324,3102807902191294080,103.37402562242433,-3.4238335712397108,3.5345953667245613,-7.416051455594664,-3.0138279899409257,18.416212,7.4519095,0.021927793,0.023060212,0.02080226,0.21455841,0.07571513
0,layer10_83463,layer12_88324,3102811235085908096,103.35459085213046,-3.3923536137281247,3.319678549301279,-7.241660352263413,-2.485433552514958,,,0.113545366,0.13493069,0.11835045,0.1176557,0.07083365
0,layer10_83463,layer12_88324,3102819030447218304,103.40443645118212,-3.2545935824857275,3.3687583866209696,-7.556026103934011,-2.8852968710968154,,,0.0591499,0.07067999,0.058626205,-0.058065385,0.02908241
0,layer10_83463,,3102822951756782208,103.1549663205576,-3.3737813077498164,2.8287656685750395,-5.939282361720833,-1.5512149712543584,,,0.077473715,0.089589365,0.078917265,0.08458489,-0.07476937
0,layer10_83463,layer12_88324,3102831266813263872,103.39820811141595,-3.22183978593422,3.406535193287049,-7.431728561839394,-2.8633756472000647,,,0.19459695,0.23946245,0.20236602,0.03150271,0.12289186
0,layer10_83463,layer12_88324,3102908022170716160,104.4204419547546,-2.784202975153225,3.4007102293518785,-7.305086170058125,-3.1493595352110537,22.078789,2.8684857,0.02924248,0.028044224,0.027504003,0.2343913,0.025455201
0,layer10_83463,layer12_88324,3102941389774864640,103.6531597005435,-2.843425943887301,3.377478912334998,-7.411837935717001,-2.809664112799893,,,0.07702298,0.07714291,0.08268142,0.18757756,-0.03334725
0,layer10_83463,,3102977604938883840,103.98146782194326,-2.496799575181375,3.045885826988261,-6.624349972247446,-3.2619897637545723,,,0.29740345,0.28857678,0.25126454,0.2222908,-0.11689046
0,layer10_83463,,3102997224348274944,98.61717877270776,-6.784208416561014,3.130030835325745,-4.659807402241544,-2.2311623536353573,9.291414,8.576603,0.04306908,0.047747657,0.04575355,0.1367004,0.1253077
0,layer10_83463,,3103021551042917120,98.73273862030952,-6.695030096029253,2.956863084805125,-5.346549806441157,-1.1836223533730388,30.604286,7.3975415,0.020902948,0.022981467,0.021283938,0.20694178,-0.03940445
0,layer10_83463,,3103025742931468288,98.92589096637764,-6.622823070321303,2.76453275345624,-5.074964020818184,-2.323655433965019,41.03366,2.3282132,0.018658988,0.01717292,0.016775183,0.30386332,0.23067103
0,layer10_83463,,3103029655642585088,98.83433875857368,-6.59917996127315,3.2346678561697004,-5.371409099486679,-1.4765072600193023,,,0.081684254,0.08727163,0.08395334,0.21860847,0.03638609
0,layer10_83463,,3103039177588706048,98.5435363003656,-6.545003387965759,3.175453775265022,-5.717096696372373,-1.6309187137420036,,,0.11162199,0.1237229,0.10460957,-0.077826716,-0.057638444
0,layer10_83463,,3103040994357243136,98.54671113300412,-6.5032169366946375,3.174904648215181,-4.579273259934315,-2.166491050966081,,,0.13196471,0.13826433,0.12500167,0.18510619,0.036651094
0,layer10_83463,,3103042854080579968,98.75013228374137,-6.51997487748332,2.8760128123745186,-5.004250956205747,-1.1452686395463576,,,0.13155171,0.1518691,0.13603234,0.08201299,-0.015870987
0,layer10_83463,layer12_88323,3103055464105071744,98.03751311722252,-6.760592611799549,2.924812491701251,-4.813409886375012,-1.350096672870093,,,0.09304636,0.10728738,0.0972779,0.08524505,-0.011740047
0,layer10_83463,layer12_88323,3103073326870861824,97.85199997249082,-6.586911479510977,2.961416712259749,-4.979839408431261,-1.3741204346399438,,,0.17670974,0.16549867,0.15009423,0.13130873,0.16384529
0,layer10_83463,layer12_88323,3103076006933542784,97.88650349920556,-6.504749695677119,2.900877197980732,-5.029046706526797,-1.5224751861602408,,,0.21715488,0.22743262,0.22444008,0.093833864,0.2791127
0,layer10_83463,,3103081783663836032,97.98774265910072,-6.445861910096406,2.804362818377818,-4.309844953708508,-0.7430498777327115,,,0.18347438,0.16918832,0.15657414,0.1544298,0.08180479
0,layer10_83463,,3103094565486837760,98.60130370992847,-6.415044143727085,3.618445129124314,-5.39240200437952,-1.6486306142075342,,,0.08044745,0.09034302,0.077987574,0.18974762,-0.0029341048
0,layer10_83463,,3103095080882859520,98.66734290052575,-6.381206083422459,3.2065368446444507,-5.654523385102031,-1.9364844464738176,,,0.06111053,0.06364685,0.057843637,0.11734126,0.13013026
0,layer10_83463,,3103095218321788800,98.68254119134043,-6.354498560434109,2.696150014810732,-5.143418943747015,-1.0852537729341178,,,0.088437684,0.09117095,0.085607745,0.08074589,0.17706141
0,layer10_83463,,3103098100240471168,98.6484009948948,-6.282647100650662,2.832201244036021,-4.589822402859605,-1.2880791920043009,,,0.1308941,0.13593028,0.12151254,0.1210359,0.140778
0,layer10_83463,,3103104525514554240,98.23838684524,-6.367787292984038,3.3421656171773244,-5.3016109946503445,-1.8101831006495217,,,0.17624016,0.19281454,0.18586114,-0.00038537197,0.13928638
0,layer10_83463,,3103108996576535296,98.13520415272076,-6.278842498155352,4.170435256416982,-6.2700870523023,-2.3523418275252124,,,0.14019024,0.13151588,0.13206933,-0.038869046,0.26462212
0,layer10_83463,,3103128650348216576,99.08679391319733,-6.366423878057916,4.383944511805157,-7.529309948538243,-2.819949657042192,,,0.064527765,0.06530389,0.072020575,0.24647628,0.101583235
0,layer10_83463,layer12_88323,3103137240283091200,99.35681667071852,-6.192634302258335,3.0519523510976847,-5.46388465131713,-1.3925288898443162,,,0.08317626,0.06861497,0.064309195,0.35276356,0.22665194
0,layer10_83463,,3103160050850517760,99.6008656653775,-6.102967726042198,2.824431810948357,-5.351065420973668,-1.2177610508149477,,,0.0945287,0.09280387,0.0942317,0.058992468,0.3079372
0,layer10_83463,,3103176960139991296,99.3660061520474,-6.00607058215324,3.602479825786307,-6.454263170377637,-1.9256532494140413,,,0.13602372,0.15286389,0.1347397,0.14855886,-0.013367355
0,layer10_83463,,3103183587272090752,99.46538478072944,-5.921425438251818,2.9858053801354703,-5.523515398735207,-1.8619572296521063,,,0.063242525,0.073746376,0.06188856,0.0091139665,-0.033086434
0,layer10_83463,,3103183591569400576,99.4654094541066,-5.922222110070541,2.875570722276251,-5.711004300100585,-1.7363154937442171,,,0.0595242,0.06870818,0.062103786,0.08655605,0.06296643
0,layer10_83463,,3103189978185262080,99.5119483101592,-5.740136789647997,2.9521537227194954,-5.719024310433758,-1.8827635870158623,,,0.09045594,0.09434122,0.0848877,0.14574559,-0.077503175
0,layer10_83463,,3103189982481321088,99.5131883630273,-5.739856178835382,2.88423219957335,-5.341604881359889,-1.865368745459113,,,0.07347433,0.07502943,0.066436775,0.22452393,-0.03279005
0,layer10_83463,,3103215683564854144,98.63933776901888,-5.933568089751965,2.798773516566585,-5.6151982091464525,-1.740495587609996,27.354795,3.3100877,0.017242542,0.018133042,0.015750123,0.22262438,0.02683302
0,layer10_83463,,3103225132492864128,98.79628987695791,-5.7485637306223305,2.883781251234271,-4.365639237932045,-0.9753000971309412,-9.479195,6.653004,0.041905325,0.0440506,0.03623428,0.06643227,0.119732164
0,layer10_83463,,3103225407370779392,98.73800307868343,-5.772148940923378,2.753701368377001,-5.060245330768648,-1.3873718609027277,30.184391,1.3065331,0.019496128,0.019550206,0.017096763,0.0099264,0.061462756
0,layer10_83463,,3103225540510707456,98.75620065933047,-5.748705777047835,2.932432877211202,-5.560138540419057,-1.4114759058918185,,,0.116110265,0.119010426,0.10854948,0.031482287,-0.0055847354
0,layer10_83463,layer12_88323,3103227125358029696,99.20579662416496,-5.908294411004244,3.0976036614096008,-5.315848175264311,-1.4936337941622655,20.816462,7.1193533,0.01619599,0.016747655,0.014545658,0.015144246,0.074089825
0,layer10_83463,,3103230350876472576,99.20824829292138,-5.809922694286813,2.820954482882523,-5.108792413532486,-1.2650434338889274,,,0.14543684,0.13558695,0.1382602,0.11639328,0.0753507
0,layer10_83463,,3103325630428139264,98.19320327251717,-5.859750917799939,2.704964332638202,-4.898675109883619,-1.1772395385649208,11.219134,3.9290948,0.021695707,0.021310622,0.020983374,0.38215145,0.20820284
0,layer10_83463,layer12_88323,3103333842406034944,97.39186699581052,-6.1744063024908735,3.1421830280725187,-4.866461884384801,-1.3826162455808035,,,0.06986337,0.06603154,0.06437982,0.018421434,0.089455284
0,layer10_83463,layer12_88323,3103334499539922048,97.46281297123184,-6.172222953095242,2.982637486596917,-4.920809785099999,-1.428399974720657,,,0.13825032,0.15176493,0.14101039,0.057825197,0.08215195
0,layer10_83463,,3103336389325605120,97.29372067672394,-6.190387902185083,2.873713186118361,-4.377230652318707,-0.7478959848444261,,,0.103833504,0.10446447,0.11559291,0.1199633,-0.11904264
0,layer10_83463,,3103339859659081344,97.37092894439958,-6.0488435623519,3.822549709944044,-5.75135469101866,-2.027243845195412,,,0.056362465,0.06452102,0.05934378,0.048889466,-0.0031596508
0,layer10_83463,layer12_88323,3103341573349174016,97.62300510054985,-6.043750444705261,3.1486672683366743,-4.866738797386078,-1.771143341686442,,,0.2426062,0.27834862,0.24450044,-0.08962652,0.15927131
0,layer10_83463,,3103353156876879232,97.23450433145452,-5.989291997077461,3.4132654325780285,-5.2373749552958735,-2.7082698867522708,25.184282,5.3958073,0.19307445,0.19676632,0.18834478,0.23401812,0.18637665
0,layer10_83463,,3103361540653732096,97.51332341791824,-5.818886147931889,3.076819318110435,-4.631271152482108,-0.6815563134161157,,,0.062112797,0.05894899,0.05454974,0.06954671,0.17112382
0,layer10_83463,layer12_88323,3103417065992132224,98.48020224263271,-5.675230143436749,3.139416505585575,-5.175308025017098,-1.3342254401855889,,,0.11509908,0.12000442,0.104677774,0.30165035,0.15633431
0,layer10_83463,,3103417443949223936,98.5489089276077,-5.633553242479604,4.360026481430639,-6.701647371433007,-3.1062748387048176,,,0.049426157,0.045354467,0.042192895,0.30222914,0.2097053
0,layer10_83463,,3103423663061415296,98.30803011875494,-5.675575127709047,4.60052689451226,-7.034937763282136,-3.4002196642815914,,,0.0755574,0.080173746,0.07107886,0.20033696,0.12332624
0,layer10_83463,,3103430461989590784,98.41735399206112,-5.585832674416697,2.7447217270294035,-4.996968542338369,-1.2601974790973656,,,0.030961592,0.03332451,0.02982478,0.2836406,0.06311702
0,layer10_83463,layer12_88323,3103459328467158016,98.66619153095692,-5.348757788262139,3.351815401573329,-5.018568776471426,-1.9774422802140688,,,0.17552163,0.14879616,0.14671808,0.1774009,0.31984678
0,layer10_83463,layer12_88323,3103459461611816832,98.6826467447797,-5.320401283959093,3.081405785621925,-5.164678636385295,-1.719044554719696,,,0.10931578,0.09668334,0.09136026,0.17448317,0.27923974
0,layer10_83463,layer12_88323,3103463859658369920,98.6026631445546,-5.253987795963404,3.1467527800021897,-5.66867604087704,-1.7695896440284733,,,0.12301772,0.11683626,0.10535319,0.0063465675,0.1500266
0,layer10_83463,,3103482143335952384,98.28678568889198,-5.474668681861057,4.711780307083531,-7.6882150405206415,-3.4969494517887947,,,0.05733628,0.06261071,0.05437934,0.1392955,0.01025242
0,layer10_83463,layer12_88323,3103496986743128576,97.9003612542035,-5.3687426796052735,2.9966069653233416,-5.225359507495671,-1.5478290715634972,,,0.038908996,0.047689725,0.04562163,0.0962305,0.0065134
0,layer10_83463,layer12_88323,3103502720521714176,98.11919391356528,-5.230950988231637,3.2540028037398945,-5.385719466165682,-2.074893258744053,,,0.22292557,0.28797847,0.22937982,0.01435502,0.047475908
0,layer10_83463,,3103518530298459392,98.65076991725176,-5.118415000049679,4.364565908626789,-7.347883786579829,-3.0844262383188723,,,0.054512713,0.05177323,0.049165018,0.15700388,0.112461984
0,layer10_83463,,3103522447308674432,98.50124403157776,-5.071436632122822,4.526414480878842,-7.447368381601496,-3.310646506683978,,,0.02385526,0.022187917,0.021501113,0.12202333,0.23873743
0,layer10_83463,layer12_88323,3103533304987185408,98.2107990053168,-5.01490808302986,3.0473698325638017,-5.232768233408846,-1.516425461818359,,,0.06200045,0.082802586,0.060021732,-0.21294153,-0.058879215
0,layer10_83463,layer12_88323,3103537565593429760,98.57573206728124,-4.90012178510899,3.235614121940169,-5.845670307250361,-1.9864823282351047,,,0.046379246,0.05105835,0.04659759,0.095789224,0.0003152488
0,layer10_83463,layer12_88323,3103537599948836608,98.48506170415308,-4.959506655400132,3.289040143877365,-5.742397884952476,-1.675871994026591,,,0.19673137,0.4461487,0.42998374,0.018304544,-0.027268333
0,layer10_83463,,3103539180496986240,98.34164706091454,-4.946572376047314,4.5984063840375615,-7.974002889661489,-4.276541619578955,,,0.13511284,0.1138448,0.09798388,0.0009807291,0.009904117
0,layer10_83463,,3103542204158162048,98.4073295877975,-4.84882153167104,3.5973326645255725,-5.713734823206869,-2.3450795816869494,22.962326,1.2228777,0.020211691,0.021193039,0.019211762,0.109324165,0.10269832
0,layer10_83463,,3103579587554680192,100.16452959189968,-5.602993516664099,3.563910556822844,-6.377497376534788,-2.111825220517746,,,0.06910543,0.0692789,0.07272563,-0.029743748,0.28253186
0,layer10_83463,,3103584019960923392,100.08124048025068,-5.516139916722572,3.2786942286186846,-6.85946605774466,-2.576804408127351,,,0.24918096,0.254878,0.2260767,-0.02788868,0.2205015
0,layer10_83463,,3103586592643803008,100.1842017528016,-5.432203323885723,3.703256689474944,-6.845609683706933,-3.038596929399925,30.376194,1.4691861,0.017383762,0.020053094,0.018417675,0.04865528,0.029801998
0,layer10_83463,,3103587215416468992,100.39521093578068,-5.5028327549475735,3.3704160327578663,-5.76001352643537,-1.8909282726149528,,,0.06000812,0.06308404,0.06166713,0.13439232,0.09135691
0,layer10_83463,,3103588864683877888,100.389896401685,-5.428380337719196,3.3385240606392155,-6.187864214352766,-1.742383418464337,23.905933,3.1097858,0.016622193,0.015348023,0.014357218,0.25762817,0.0059427433
0,layer10_83463,,3103597793915579648,100.0004277215008,-5.430142204550372,4.177847914930027,-7.278743067147181,-3.0139214469329216,22.723478,1.8967936,0.018353425,0.019098345,0.01669996,0.027166242,0.2918639
0,layer10_83463,,3103604154767529600,100.03354954252934,-5.289848706137363,3.5966037598552685,-6.018710967660808,-2.303152902469398,18.903543,2.1566365,0.031636603,0.031767566,0.029157668,0.03322504,0.095467895
0,layer10_83463,,3103615630916254976,99.48522157762524,-5.536144416074811,3.0201401841432207,-4.532090885167495,-2.726617782709842,24.827799,3.0589411,0.017060883,0.021531196,0.025667861,0.02799204,0.14840537
0,layer10_83463,layer12_88323,3103616627352239872,99.62159536134725,-5.526902475973757,3.081221515603753,-5.56512123824094,-1.7719550656234693,34.118565,4.5716314,0.017104214,0.014080328,0.013165974,0.31541142,0.03901958
0,layer10_83463,,3103618585857398784,99.484286384813,-5.533500531728677,3.0877213091460645,-4.522006927646162,-2.3213709697696894,19.646381,3.278587,0.023587393,0.023135198,0.020996373,0.1370763,0.012004336
0,layer10_83463,,3103620677501998720,99.53277623715071,-5.47501594492305,4.642594080754723,-7.384776827595181,-3.593125020564893,,,0.09930794,0.10300093,0.08999285,0.1882455,-0.08838486
0,layer10_83463,,3103629817194388352,99.71079532394006,-5.301175007715974,4.139635240382213,-6.567390576621959,-3.075197173005548,,,0.3138198,0.3469617,0.3632569,0.004617888,0.0027101727
0,layer10_83463,,3103635044172001792,99.4276000815634,-5.357227810090418,3.982202784596255,-6.165857707096013,-2.730265512619604,,,0.10618536,0.11836507,0.10570113,0.14315574,0.058098022
0,layer10_83463,,3103644042125089664,99.5468290409846,-5.186790447672776,3.350696991034569,-5.893778167961748,-2.109544873693361,,,0.13079399,0.13036555,0.11886329,0.049194355,0.06162048
0,layer10_83463,,3103644179562364160,99.5631699465641,-5.171621077809864,3.513088361906571,-6.243741868229956,-1.201600054456841,13.72364,28.941942,0.07975068,0.08126757,0.06577043,0.016596854,0.08557061
0,layer10_83463,,3103647203221102848,99.54544367863168,-5.156420881759739,3.0054446975782105,-5.231432428124655,-1.890165186887512,,,0.07931898,0.060483016,0.05867465,0.09571204,0.17788605
0,layer10_83463,,3103658992909267840,99.9915934727775,-5.135364808125429,4.8592740338117215,-7.63179060009273,-4.006555326765484,,,0.18386841,0.18748109,0.16545223,-0.010407535,0.17715211
0,layer10_83463,,3103672217115171200,99.5163251050898,-5.061645330694184,2.8865714724575096,-4.669370158135919,-0.1765801302589554,,,0.063535586,0.06456745,0.057187025,0.23242517,0.10423559
0,layer10_83463,,3103682701128638208,99.88405065551032,-4.831641723998319,4.166022768342721,-7.661627131552609,-3.196266900826814,,,0.081224814,0.08983769,0.08099899,0.27270648,0.0012070722
0,layer10_83463,,3103685552988771584,100.5360784163667,-5.292198867149005,4.838110834267397,-8.566558129530637,-3.760036117156228,26.687326,7.1085243,0.029748516,0.030631902,0.029230407,0.13375138,-0.04733756
0,layer10_83463,,3103686068385044608,100.64709009634922,-5.280613860786721,2.866347644471733,-5.524672314201899,-1.5853589354786743,,,0.061757334,0.057452522,0.06471545,0.3039993,0.20155393
0,layer10_83463,,3103691905239961216,100.48233571155085,-5.148902721278551,4.810083498659609,-7.82720649275323,-3.8321904485673537,,,0.049365643,0.0539257,0.052028045,0.0950688,-0.027750563
0,layer10_83463,,3103701903923794176,100.3621598332822,-5.170921296990094,4.172940722094221,-7.167131410527718,-3.003423270961147,,,0.11980907,0.13089159,0.119812205,0.15161833,0.051321946
0,layer10_83463,layer12_88324,3103727196991286144,100.84858744641468,-4.838549059572029,3.408406177033863,-6.400867292833866,-2.327466122263951,41.759495,7.7114444,0.018212505,0.0211337,0.018095257,-0.101992324,0.203227
0,layer10_83463,layer12_88324,3103729941469629824,101.05972793705456,-4.805240705688646,3.3955870714150094,-6.779800419307788,-2.1649756357698866,,,0.21574666,0.20630784,0.19714347,0.0013345488,0.026672944
0,layer10_83463,,3103730010188420352,101.15737998538256,-4.843007121925454,4.554347230793946,-7.589844568330384,-3.528608128240049,18.817318,2.5887585,0.017629564,0.016984656,0.015293321,0.21069796,0.035326164
0,layer10_83463,layer12_88324,3103730594304673536,101.22119851267674,-4.796237512062677,3.403729354461876,-6.535926011784247,-2.5152238408187886,,,0.14912987,0.14274333,0.13388611,0.101906605,0.056169298
0,layer10_83463,layer12_88324,3103737436189541760,100.7480679183642,-4.867809150952273,3.420431537194592,-7.147153200898746,-2.9154100862245813,-9.313781,0.69614565,0.015570913,0.018183112,0.014911978,0.0070893313,0.0725853
0,layer10_83463,,3103746678962859392,100.88125802362418,-4.705477811401151,3.1526887649140303,-6.132676198305824,-2.457003856350455,,,0.07746694,0.08756067,0.08652501,0.12828586,0.015137631
0,layer10_83463,,3103779350775774464,100.06470993396076,-4.697319450072952,3.758100002306348,-6.565507097385467,-2.6479794641317875,,,0.08091949,0.088483445,0.073706605,0.3371484,0.06438791
0,layer10_83463,,3103795779028529152,100.42473544310704,-4.6004940211090535,3.5801880274328086,-6.630622652423767,-2.432028148180771,,,0.05667439,0.060034808,0.05666693,0.04730075,0.11425378
0,layer10_83463,,3103812684019817344,100.25472655443032,-4.482727002861683,3.0229812148791786,-6.396735585779184,-2.1044364149978545,2.260188,7.016104,0.030570282,0.028345482,0.026248954,0.27462703,0.31656405
0,layer10_83463,layer12_88323,3103825259683816448,99.20349822717974,-5.315329272598939,3.078775944499597,-5.304149435119507,-1.7256527353792637,,,0.079793215,0.08755036,0.079628356,0.27136612,-0.03144705
0,layer10_83463,layer12_88323,3103847662232779008,98.83498035071386,-5.111850127318227,3.092923121988004,-5.119613207529828,-1.5347415349357825,,,0.13163988,0.13516699,0.14339702,0.2250152,0.22605714
0,layer10_83463,,3103851579243290496,99.16988836688456,-5.026381988142634,4.06481210214986,-6.497373851084152,-2.934496794361877,54.051216,6.050597,0.028687868,0.033288017,0.02847875,0.110521115,0.020893924
0,layer10_83463,,3103853808330457984,99.2720616689002,-4.933146545919263,4.67254397580263,-7.358422374928725,-3.4230246320166526,,,0.35782295,0.35675737,0.32184097,0.13953255,0.077132896
0,layer10_83463,,3103883288983825024,99.19262433435358,-4.758343884642797,3.995491082516922,-6.5383416963214325,-2.717689779573889,,,0.06339748,0.06078719,0.054004893,0.2768296,0.21107773
0,layer10_83463,,3103898785225327232,98.8721366164971,-4.922235028076634,3.3943051704031704,-6.191551822327553,-2.139447871910999,,,0.057318527,0.061699413,0.059743017,0.28790078,0.075941965
0,layer10_83463,,3103901327846048640,98.67258629770824,-4.891638180539141,4.7764566276258416,-8.374979418410586,-4.602848764591103,,,0.18874978,0.2044432,0.21480756,0.2121662,0.019930694
0,layer10_83463,layer12_88323,3103902633515290496,98.74562835669052,-4.87675858141432,3.2800167705584897,-5.2588589166482045,-2.150434386246104,,,0.0894848,0.08903356,0.090752535,0.30022734,0.00795177
0,layer10_83463,,3103906932781172480,99.107276062341,-4.753713306631544,3.607322534296938,-5.701165523574298,-2.5525871055865763,,,0.055486053,0.060136665,0.049274858,0.1901445,0.031073073
0,layer10_83463,,3103918065337883648,98.50141690401892,-4.798718418335687,4.090106335409737,-6.275749492319832,-2.9514602890370094,22.883652,1.5425724,0.022733027,0.02632083,0.022838967,0.07938311,0.0565478
0,layer10_83463,,3103936306060685184,99.07374514510047,-4.599050151434091,3.5095755787780067,-6.6130728433438914,-0.9556870254205476,,,0.1329705,0.12775083,0.11098852,0.25212458,0.027567517
0,layer10_83463,,3103945411389438208,99.23637968381377,-4.418863758100116,2.852386500464094,-5.556009366772919,-1.6476467071230942,3.5877757,15.342801,0.0153413145,0.0142445555,0.012588814,-0.013106464,0.16813986
0,layer10_83463,,3103945415683390464,99.23474945080112,-4.420290451700348,2.893163421306781,-5.550784461107396,-1.899189254856097,,,0.061472483,0.058959663,0.0523238,-0.009203024,0.17606384
0,layer10_83463,,3103955100838157440,99.03043673368693,-4.391205016971666,2.847712852045177,-5.774194647903871,-1.866602475439058,,,0.121575005,0.117886804,0.09684956,-0.000704489,0.07367725
0,layer10_83463,,3103959297022236672,99.2834886894395,-4.35515770686888,4.055431777522579,-6.5995948086753575,-3.2074938799419286,,,0.0755521,0.0643194,0.061803043,0.18644781,-0.013888832
0,layer10_83463,,3103963626349283072,99.1395166378679,-4.264146795701203,2.837860295228704,-5.578899941127263,-1.8594140426258527,,,0.09327745,0.08761888,0.082291245,0.13207656,0.17447975
0,layer10_83463,,3103977438965080064,100.07053126956971,-4.503999604702009,3.4724883749876008,-5.839836020734397,-2.0120378379072803,,,0.19289201,0.17673072,0.15451616,0.42996344,0.12136634
0,layer10_83463,,3104022965618505344,99.91514529305842,-4.2018428285763525,3.5412808877509696,-6.030156297372684,-2.195399019921082,-37.06572,7.642789,0.039442215,0.043252632,0.040090576,0.17706965,-0.013478201
0,layer10_83463,,3104033582776979072,100.1920678162044,-4.009467099723099,3.293731739504679,-6.0214643124624745,-1.937141545967134,,,0.09140369,0.08987975,0.08824308,0.013811001,0.26464528
0,layer10_83463,,3104055607369153152,99.43279074937952,-4.227902728241451,2.932065099545208,-5.626457884725804,-1.9522690540234475,,,0.042071752,0.047510277,0.045288365,0.120250024,0.0992511
0,layer10_83463,,3104058046910629120,99.20803115736312,-4.21205140027931,3.2621453059511207,-6.205602698316851,-3.24888104450289,,,0.068616524,0.06864802,0.063777946,0.17170581,0.07260833
0,layer10_83463,,3104072611143111552,99.8435501648434,-4.079924779153277,2.8939143537971543,-5.7688209713069165,-2.401890384896437,,,0.051833693,0.060352806,0.05004895,0.31052968,0.15337509
0,layer10_83463,,3104074058548847360,99.98924895889456,-4.014108654491645,4.396856303605647,-7.703964426156851,-3.459782350484763,,,0.052001376,0.054163463,0.055099417,0.025071358,0.3041776
0,layer10_83463,,3104078216077199616,99.89781301029244,-3.957104349897884,3.267476148695322,-6.989816818800692,-1.6736057787634913,35.43426,5.5139737,0.1799218,0.1691793,0.16268602,0.11146426,0.33515006
0,layer10_83463,,3104104226398722432,99.8280408176536,-3.68993123297963,4.115890850371299,-6.9074982032100944,-2.978119703550787,,,0.042803213,0.044555977,0.040122025,-0.04761814,0.19129294
0,layer10_83463,layer12_88323,3104106558564673024,97.0302609898393,-5.908795133299583,3.0454618036793257,-4.724379198697636,-1.516077340489124,,,0.101619184,0.10037973,0.09646161,0.14718474,0.010421962
0,layer10_83463,layer12_88323,3104108276551601920,97.12321201128115,-5.885214377241266,3.472567064214392,-4.801991806789609,-1.270587254903696,,,0.10524924,0.098824345,0.10369761,0.084006935,0.14812277
0,layer10_83463,layer12_88323,3104110200696994944,97.1026834310802,-5.791868278610428,3.0355623660028708,-5.028512291878376,-1.4310391258379414,,,0.18480699,0.1808557,0.18469936,0.13524202,0.03140506
0,layer10_83463,layer12_88323,3104119924502846592,97.18007970362632,-5.686327071114588,3.2732384296381887,-4.7239283020937854,-1.535666859083614,,,0.13559957,0.12525943,0.13577783,0.023797449,0.23577204
0,layer10_83463,layer12_88323,3104137551045470464,97.01553916955233,-5.524024502812056,3.08287776199671,-4.400013331560103,-2.1308331757998964,,,0.06468064,0.07060321,0.06488168,0.018769823,0.113838635
0,layer10_83463,layer12_88323,3104140372843108608,97.0063356459604,-5.450602308822107,3.1737610399318275,-4.5919481895478045,-1.572549368259918,,,0.05380442,0.055859488,0.053690564,0.09461235,0.20767789
0,layer10_83463,,3104141708575773696,97.36789021184823,-5.617973487877702,3.728661683422142,-4.837406585955222,-1.6159661102836231,,,0.36301434,0.3356282,0.2883965,0.10092386,0.11695063
0,layer10_83463,layer12_88323,3104144118054934400,97.53958410786451,-5.542952429807011,3.1079596488872294,-3.7287990586840905,-1.2937566637961748,55.345676,4.1936398,0.03365384,0.029508425,0.025352864,0.08514056,0.06592424
0,layer10_83463,layer12_88323,3104146037902531968,97.29648187464,-5.55717114198006,3.3216920217106307,-4.790012235904798,-0.9903060363292068,,,0.19566713,0.23387025,0.20851003,-0.044810113,0.3441908
0,layer10_83463,layer12_88323,3104151127441551360,97.51891858470248,-5.48658108931086,3.111739789596724,-4.562700949659949,-2.00490444693412,28.4212,12.828955,0.03897123,0.03553383,0.030542813,0.14938575,0.0023897304
0,layer10_83463,,3104153120306292096,97.65114809064374,-5.376370245112988,2.795728097753446,-4.899597367027307,-1.350543103526467,27.283518,1.7022873,0.01474868,0.015462863,0.014324896,0.11636241,0.07270435
0,layer10_83463,,3104153253447777408,97.68021776616312,-5.356102236255121,2.9177225998204954,-5.83471705461623,-0.8072187055452704,63.16816,6.543294,0.1048758,0.11832322,0.10282208,0.14973313,0.0050220885
0,layer10_83463,,3104154425976437120,97.46468428227467,-5.44864070792885,3.590174695188738,-5.664079468598482,-2.4912074363335024,,,0.08475815,0.070180416,0.06614117,0.14959282,0.16185664
0,layer10_83463,,3104154490398061440,97.46301082427578,-5.431697185828747,3.543811193903388,-5.457529747333295,-2.3610697124495976,10.666242,4.902601,0.15396813,0.14574285,0.14019127,0.1485997,0.0933629
0,layer10_83463,layer12_88323,3104155250610133120,97.4878209700896,-5.392441878139861,3.1509055966222395,-4.556988499821363,-1.699861799590133,,,0.053276494,0.04369915,0.040588293,0.22630881,0.042869266
0,layer10_83463,layer12_88323,3104155315031782016,97.47657535489304,-5.377452936605046,3.076531111311758,-4.925966862973648,-1.987328896753355,18.743711,4.2826543,0.024696788,0.022234319,0.022043113,0.22366168,0.016209476
0,layer10_83463,layer12_88323,3104155456768550016,97.49670078831488,-5.362121858239725,3.3899309397570065,-4.5916563936958985,-1.1824908496052573,,,0.2878715,0.2071719,0.19375789,0.2643005,0.1072843
0,layer10_83463,layer12_88323,3104158476127719680,97.56856400781017,-5.2603707703985885,3.0577669210025427,-4.694439737632562,-1.7102008199814434,22.819498,3.1163263,0.02308692,0.023296904,0.022183752,0.34045458,0.01179953
0,layer10_83463,layer12_88323,3104158858382755456,97.20998187144366,-5.512208208923225,3.432093778719812,-4.994992854307587,-1.6098854683238373,,,0.12351756,0.12206086,0.11591221,0.038933057,0.16889244
0,layer10_83463,layer12_88323,3104159541280761216,97.28538051706109,-5.46041412653352,3.073645191303707,-4.647695893663,-1.5634143776310074,,,0.17573108,0.1816575,0.16854954,-0.14769989,0.27636617
0,layer10_83463,layer12_88323,3104163011613669376,97.2556650620713,-5.337988443299854,3.102708653984165,-4.996733038716524,-1.448255408381875,13.68003,5.977264,0.015754735,0.014369886,0.013948504,0.06280279,0.25795102
0,layer10_83463,layer12_88323,3104166241429311744,97.2254275778538,-5.309595569869951,3.1255840570374653,-4.699138538834528,-1.3290589245748798,,,0.08276617,0.07980255,0.081291236,0.12172029,0.2169151
0,layer10_83463,,3104173323831981440,97.25847271467649,-5.227363562511871,4.388279507318977,-6.809875813455785,-2.750150174014995,,,0.054611202,0.04914424,0.048013687,0.12499629,0.12645963
0,layer10_83463,layer12_88323,3104173525693960704,97.24720739802856,-5.226168616237052,3.1657172850594724,-4.54946950224339,-1.589434193828186,,,0.062181115,0.05222624,0.050011527,0.1927483,0.05061743
0,layer10_83463,,3104175862157137536,97.38241976531678,-5.141743675106313,2.7941802944214835,-4.681107133769249,-1.4969276602468888,,,0.079878315,0.07322807,0.06541418,0.1846398,0.07830126
0,layer10_83463,layer12_88323,3104179920902101120,96.74235198062595,-5.529748568926707,3.0842327585209706,-4.40223401603938,-1.4903470823815643,,,0.078956746,0.083617106,0.083584264,0.08677955,-0.042465426
0,layer10_83463,layer12_88323,3104179920902516352,96.74301855073602,-5.529792550933976,3.078078827303125,-4.77743923071584,-1.913632459409297,,,0.062284235,0.068287514,0.07102466,0.026750222,-0.095028594
0,layer10_83463,layer12_88323,3104190675500108288,96.80802104552704,-5.34633301334242,3.108640686337396,-4.360200270885344,-1.5313826057726594,,,0.03859398,0.043920927,0.04095953,-0.058166154,-0.02192289
0,layer10_83463,layer12_88323,3104192702724634240,96.86330368718282,-5.307654514762641,2.98230228649194,-4.537716652669952,-1.8938159943065247,,,0.08465286,0.09844517,0.08754738,0.00858613,0.07323878
0,layer10_83463,layer12_88323,3104193321200477184,96.8101940724442,-5.302162748566844,3.0856684917870103,-4.48221328162219,-1.516782230069829,30.020906,2.1525567,0.018277407,0.020150408,0.018256972,0.06880335,-0.021067016
0,layer10_83463,layer12_88323,3104193488700042752,96.86936876636616,-5.282489678532721,3.118552501511584,-4.638906294669319,-1.7565102490663838,,,0.058295745,0.06520997,0.056947283,0.031586837,0.12424591
0,layer10_83463,,3104196173055660288,96.49966469469656,-5.389846502123673,5.035498539705528,-7.00842125804758,-3.718635013105396,,,0.26161894,0.24395865,0.22917649,0.2533758,-0.20677696
0,layer10_83463,layer12_88323,3104206682839720064,96.77231930203594,-5.209115533671636,3.2941946032129708,-5.188512609509352,-1.7846585963500177,,,0.076625735,0.081159554,0.07464938,0.050990537,0.046669573
0,layer10_83463,layer12_88323,3104206755858178816,96.76378171881504,-5.205617728921495,3.072605407443164,-4.696577438410781,-1.6432713606258933,15.804658,5.259598,0.015508529,0.017369397,0.015958084,0.00027547046,-0.042658977
0,layer10_83463,layer12_88323,3104207649207961344,96.60263362641,-5.252183162854199,3.1617148935342896,-4.260045607936252,-1.566130163394981,,,0.08538575,0.08444266,0.08096813,0.30965397,0.050394952
0,layer10_83463,layer12_88323,3104210947745334528,96.64897732562098,-5.142274483828765,3.0567756855812744,-4.670793207152837,-1.6983581650159023,,,0.0513683,0.052642997,0.05130852,0.1826806,0.14594205
0,layer10_83463,layer12_88323,3104211153903763072,96.67828796768778,-5.123478483178282,2.9293594710878965,-4.725878360612809,-1.83848581762512,,,0.07632182,0.08041386,0.07485212,0.24066356,0.095297344
0,layer10_83463,layer12_88323,3104211252685070848,96.69259168572351,-5.123536330316338,3.058327251676237,-4.9993179494293445,-1.3616608513524349,,,0.116541594,0.120391935,0.112486675,0.1898629,0.15132572
0,layer10_83463,,3104211665001453568,97.0196883862882,-5.368406402588477,3.7068753186400727,-5.349745461885012,-1.9582868869506576,,,0.07724559,0.07870153,0.08122586,0.07367297,0.32868573
0,layer10_83463,layer12_88323,3104212558354814464,97.073815615058,-5.293516939936665,2.960825972654687,-4.835481240393564,-2.2211860894998465,,,0.13287029,0.152091,0.14917397,-0.055294123,0.2728397
0,layer10_83463,layer12_88323,3104214482502076672,97.18324234336018,-5.238655302818538,3.080299707409506,-4.799165914091188,-1.454921708356443,,,0.14800726,0.16640922,0.15903981,0.05112045,0.17960067
0,layer10_83463,layer12_88323,3104214521158310144,97.19652074279922,-5.227784926395454,3.0993039619545493,-5.0792670020379616,-1.5355668729780911,,,0.053109404,0.053812414,0.051926345,0.013172188,0.23858161
0,layer10_83463,layer12_88323,3104216204782370048,96.95440441065236,-5.270301051372402,3.3244690553200784,-5.406027218880615,-1.9911142333897407,,,0.07804911,0.09141723,0.07761411,-0.0627218,0.21227328
0,layer10_83463,layer12_88323,3104217196919598976,96.8985171230861,-5.242890875014316,3.168483721179656,-4.708874253262891,-1.9534587546127284,,,0.121403925,0.13526745,0.12174834,-0.06747659,0.20137434
0,layer10_83463,layer12_88323,3104217373016742144,96.88460844958816,-5.241585975969251,3.134807182331591,-4.823611753720801,-1.797927374212731,31.493843,6.6785603,0.021437857,0.020891314,0.018899783,0.15623863,0.246965
0,layer10_83463,layer12_88323,3104217510452426624,96.90171459621006,-5.224960660268427,3.340020600669875,-5.466559247685783,-2.3147132069278724,,,0.12296636,0.11842048,0.119486645,0.03990167,0.4019225
0,layer10_83463,layer12_88323,3104217991492607104,96.90703278164553,-5.1869455910256,3.12738447663152,-4.8966825244671,-1.84974606703332,,,0.04039034,0.04180491,0.038109638,-0.03530513,0.19262193
0,layer10_83463,layer12_88323,3104219881277513984,97.0441226438699,-5.141408839035858,3.251605891330263,-4.743402383328522,-1.3637637430869043,,,0.088437326,0.09499779,0.0918192,-0.04997222,0.25128704
0,layer10_83463,layer12_88323,3104220014418365440,97.06234261445168,-5.118105361410266,3.039565386672997,-4.863099170553605,-1.741159379747078,,,0.10302859,0.11374749,0.11110779,-0.14968564,0.32288182
0,layer10_83463,layer12_88323,3104222728839434112,97.31121427230916,-5.127627630444621,3.100937140827856,-4.716345068000427,-1.824321926234137,,,0.1085109,0.09057071,0.08658824,0.12943496,-0.04441075
0,layer10_83463,layer12_88323,3104223832647305088,97.26975671434604,-5.088996359441441,3.006636763730464,-5.166485474855124,-1.9669642588229472,,,0.05444706,0.049471393,0.04589139,0.19880469,0.1266682
0,layer10_83463,layer12_88323,3104225997310909696,97.07491944267836,-5.090690791448648,3.039795486041556,-4.8049141726737625,-1.9285732948278445,,,0.058347203,0.052349303,0.0602906,-0.04315743,0.35298148
0,layer10_83463,layer12_88323,3104226306548544128,97.07327693664816,-5.067933013770594,3.1237181336697057,-4.875842429961387,-1.3888433647501548,,,0.057012025,0.04847855,0.05721249,-0.0101420265,0.389506
0,layer10_83463,layer12_88323,3104226817645484672,97.0961715267986,-5.033984272281487,3.092225532841726,-4.702074193937465,-1.6761805380901442,,,0.029068539,0.026604919,0.026374552,0.024710476,0.29442173
0,layer10_83463,layer12_88323,3104227229965245952,97.21969224802662,-5.033975566567157,3.079162386973373,-4.725422037253082,-1.727922464165566,,,0.16455625,0.15852442,0.1457347,0.07481108,0.028573494
0,layer10_83463,layer12_88323,3104228398196367232,97.15095935428292,-5.010411266665558,3.2098086427387647,-5.1142674534033,-1.6768095638887428,,,0.15237822,0.12575088,0.12365867,0.17181084,0.0891199
0,layer10_83463,layer12_88323,3104228569995075584,97.1580881838755,-4.982215093256535,2.981834992757546,-4.897568963980621,-1.644404870523854,15.314481,9.754886,0.0312062,0.026142066,0.02542626,0.25723717,0.14949922
0,layer10_83463,layer12_88323,3104230051760150784,96.88647974435746,-5.158048221533809,3.0435672231401303,-4.481513205658106,-1.7473113665434574,,,0.05062239,0.052034777,0.04784159,-0.0055459524,0.2537758
0,layer10_83463,layer12_88323,3104230842030838400,96.85430049483128,-5.141769364148868,3.2674968789226067,-4.376332533160333,-1.765006419275007,,,0.2754915,0.30724332,0.26811063,-0.18717809,0.21862714
0,layer10_83463,layer12_88323,3104234587245591808,96.82486159945532,-5.057371186476358,3.145330161473734,-4.932329460582718,-1.8500615736394672,,,0.10863397,0.11530674,0.10754886,-0.08400901,0.20329152
0,layer10_83463,layer12_88323,3104234793403758080,96.71877213296231,-5.0863015457066165,3.2478518257338127,-4.999685358431972,-1.5877309867857612,,,0.10102392,0.0999575,0.088830665,0.23111193,0.13281234
0,layer10_83463,layer12_88323,3104235892915628416,96.85471227298387,-5.0440794270607245,3.137933004612218,-4.679538669547879,-1.615397164392376,,,0.038137548,0.039835915,0.037123755,-0.033162024,0.17231035
0,layer10_83463,layer12_88323,3104236850690856320,96.88992089301266,-4.97797090572494,3.007316714031821,-4.261229311237432,-1.9802708070663888,,,0.28066158,0.30337003,0.28693596,0.02361873,0.22233194
0,layer10_83463,layer12_88323,3104238950932224512,97.07350561925294,-4.988871828112497,3.12376078079687,-4.949413062009157,-1.521624261375722,,,0.03711984,0.036220953,0.034936327,0.0444422,0.21426353
0,layer10_83463,layer12_88323,3104240840717772288,97.15672355051706,-4.937452995063405,3.1497739917080656,-4.842709866089424,-1.5492153730365814,,,0.0996147,0.07500195,0.07461726,0.3343493,0.26240528
0,layer10_83463,layer12_88323,3104241386176335232,97.07434986123071,-4.930997844245218,3.212153896266636,-4.609378592293753,-1.92856218771527,,,0.29193968,0.22547121,0.22602873,0.24087235,0.009552113
0,layer10_83463,layer12_88323,3104243383338465536,96.99803061024032,-4.907082171594007,3.017609950750092,-5.080383276505815,-2.597854088475563,,,0.082502946,0.07619106,0.078916416,0.009165918,0.19375113
0,layer10_83463,layer12_88323,3104243589496954624,96.9009250312602,-4.94280492875887,3.073048741972069,-4.779697321221794,-2.042739537658958,,,0.05777418,0.054819908,0.053296994,0.07283789,0.27325568
0,layer10_83463,layer12_88323,3104243756998337152,96.87061946349708,-4.942323179917253,3.0483929778277514,-4.533678707134135,-1.4271033781553664,,,0.18905744,0.18599135,0.19056691,0.1547319,0.37660405
0,layer10_83463,layer12_88323,3104243860077501056,96.88108180484204,-4.921940405754406,3.118590255244696,-5.025700920460014,-1.866668199179892,,,0.27588,0.25839746,0.25910506,0.009716717,0.29827565
0,layer10_83463,layer12_88323,3104244792087711360,97.04483899406053,-4.899037579513763,3.1835606475210483,-4.289350751522605,-1.503409689393744,24.740198,1.0238283,0.044831235,0.041717716,0.044767786,0.079406105,0.07667949
0,layer10_83463,,3104244895166939136,97.0172578126775,-4.898412287521827,4.9643440639388485,-7.568926684093828,-3.5542763096839365,16.56451,9.262857,0.014953429,0.012832563,0.013005492,0.031998172,0.15813546
0,layer10_83463,layer12_88323,3104245543704247168,97.07844006891584,-4.8493972437835575,3.133175684858992,-4.772922507688119,-1.8134185715577515,-15.396095,8.205994,0.027852377,0.025656402,0.02522334,0.14676765,-0.03007826
0,layer10_83463,layer12_88323,3104245857239586432,97.02240690866884,-4.849366631329714,3.0024405464709574,-4.538893993456656,-1.640471823920631,,,0.0756371,0.063642986,0.069933265,0.2743911,0.036151316
0,layer10_83463,layer12_88323,3104245857239589632,97.0203835264826,-4.853878391184695,3.128943792918502,-4.355327484544932,-1.866954827001835,,,0.03757843,0.041703388,0.043573223,0.18042372,0.01956065
0,layer10_83463,layer12_88323,3104246372635640576,97.0556489804826,-4.833379175041228,3.132921831653673,-4.950437024785367,-1.9503083134807728,24.530201,2.1913104,0.01807912,0.016751928,0.01616177,0.17552784,0.11298007
0,layer10_83463,layer12_88323,3104246578794084608,97.0042170718568,-4.819179541686037,3.263487097940719,-4.674140227195265,-1.7928386643822658,,,0.09163603,0.087050505,0.087205075,0.041215792,0.056058317
0,layer10_83463,layer12_88323,3104246681873275008,97.0398567849227,-4.798412143472064,3.101274985735377,-4.7413962594962165,-1.6158408282046588,,,0.041928153,0.038555942,0.037629895,0.098141305,-0.0048245555
0,layer10_83463,layer12_88323,3104252694829654400,97.61059112500594,-5.221894729112733,3.192262585127972,-5.155110015781948,-1.5773475276111562,,,0.13392784,0.12910168,0.122145556,0.23423555,0.103606716
0,layer10_83463,layer12_88323,3104254584615185280,97.69063788373715,-5.168819470181312,3.4237669541219344,-4.710604851651221,-1.7362138414788626,,,0.14779222,0.13477683,0.13420443,0.17310427,0.12730737
0,layer10_83463,layer12_88323,3104257505192782848,97.88637604350082,-5.121076951216064,3.020809232033204,-5.327427695382715,-1.9291770774660424,24.45042,2.316767,0.017797519,0.017175127,0.017263023,0.19916248,0.13177702
0,layer10_83463,layer12_88323,3104258054948544256,97.96656334761848,-5.127310974795142,3.2123785276813472,-5.284971351042134,-1.661981898789106,,,0.15224157,0.16419055,0.16663429,0.2642065,0.36888877
0,layer10_83463,layer12_88323,3104262178117147264,97.89983987898177,-5.069792527304232,3.1604088427006936,-4.81142916283041,-1.7845542219873676,,,0.07304067,0.075734206,0.07833742,0.16260065,0.071311615
0,layer10_83463,layer12_88323,3104265163116898944,97.6251858062806,-5.14979940380923,3.2938035627694524,-4.95390760257434,-1.2573811968124484,,,0.20227306,0.18046997,0.17542782,0.0043857433,-0.12405647
0,layer10_83463,layer12_88323,3104266022108375296,97.55168058550755,-5.146470294102481,3.099863107511525,-4.076303038557294,-1.9601391094982583,,,0.07865395,0.08129915,0.07628891,0.13208523,0.0063120583
0,layer10_83463,layer12_88323,3104268706467578752,97.63471682902642,-5.017701939783363,3.142608792496487,-5.005573470732393,-1.687853650473948,,,0.09410652,0.0959952,0.09309721,0.230067,-0.017064981
0,layer10_83463,,3104272382958803712,97.501504498424,-5.011919921359922,2.832645279383175,-4.702352205135043,-1.8455607361884336,,,0.11970653,0.12216353,0.12179689,0.16493495,0.06357154
0,layer10_83463,layer12_88323,3104280526218369408,97.78846091310751,-4.859970817416959,3.157702687644188,-4.955504423424948,-1.6880112344300768,,,0.10534744,0.12116422,0.12130367,0.0447595,0.16817665
0,layer10_83463,layer12_88323,3104281282130863104,97.6843159730945,-4.8478177242944005,3.1504694085344105,-4.87556688249376,-1.898865271699088,,,0.04148923,0.04554627,0.040702093,0.15379982,-0.025843967
0,layer10_83463,layer12_88323,3104289940785484672,98.02017667117411,-4.856270569951959,3.1959351085522143,-4.697098611610086,-1.6254621255933863,44.80464,7.3786535,0.02419671,0.020635076,0.018676441,-0.19359097,0.20812249
0,layer10_83463,layer12_88323,3104295060386221440,98.35675503286816,-4.729612908447247,3.3622173457816085,-5.511332077961083,-2.2811491521332217,,,0.059887137,0.05265094,0.047163356,0.2411547,0.105541684
0,layer10_83463,,3104309525836254848,98.0221368275084,-4.724123318709295,3.645235207094495,-5.338310499053199,-2.2046922106012063,,,0.10981842,0.08654511,0.07547105,0.034396514,0.21879609
0,layer10_83463,,3104313889523006720,97.9741005695518,-4.650039610383796,3.6470990781784,-4.809804089778544,-1.4413851650591238,,,0.20654213,0.20583099,0.19271007,0.07107254,0.19255793
0,layer10_83463,layer12_88323,3104316015529235456,98.13052389300856,-4.520634548666404,3.0943583641117853,-5.33993805181599,-1.680725655525244,,,0.1023075,0.103591725,0.08419237,-0.015189242,-0.11474453
0,layer10_83463,layer12_88323,3104323029213231488,97.23115419709887,-4.922441689323552,3.210226705142769,-4.806515503483473,-2.025375741846164,31.041214,12.207649,0.05072636,0.03970417,0.038220476,0.09663511,-0.08551604
0,layer10_83463,layer12_88323,3104326808784251520,97.59706121544832,-4.85757409098396,3.098689088726282,-4.814201719565585,-1.7558998762417142,,,0.043800507,0.04956685,0.04304122,0.13890679,-0.0039670505
0,layer10_83463,,3104329553267505920,97.58712914062752,-4.782163981295817,4.171714222301509,-6.063657474176913,-3.097064577009118,,,0.25026056,0.28538123,0.25126278,0.16714837,0.090983994
0,layer10_83463,,3104329901160610432,97.64890273056858,-4.757662057478033,5.007007566899724,-7.393134354758583,-3.743707197391266,16.814829,3.83645,0.035295285,0.040647272,0.035090152,0.11921376,0.005888815
0,layer10_83463,layer12_88323,3104329999947214336,97.66722632567026,-4.74238466632183,3.1902585554922105,-4.923406838392038,-2.105210136943502,,,0.1365815,0.16840108,0.15442495,0.07406766,0.05522861
0,layer10_83463,layer12_88323,3104331477410631552,97.44141486612006,-4.793646404628795,3.1853449044982174,-5.0377226832973045,-1.3899804744525428,,,0.13689329,0.13184157,0.12590963,0.16983609,0.054433458
0,layer10_83463,layer12_88323,3104331722226892800,97.40379735439627,-4.792667775552661,3.1274550673891763,-4.838639982110975,-1.6691638423987545,,,0.09644896,0.09315102,0.089801386,0.17070337,0.051564403
0,layer10_83463,layer12_88323,3104336498230632320,97.2034145764858,-4.823745127963827,3.341363081608428,-4.598283058580522,-2.0561014097209704,,,0.11896635,0.1176342,0.11830161,0.30986634,-0.063381165
0,layer10_83463,layer12_88323,3104336562651152128,97.23453940636615,-4.819312704238262,3.2251034239332856,-4.537756956606901,-1.6740545121548884,32.053036,6.0884185,0.01725264,0.016358333,0.0166775,0.28123033,0.0719334
0,layer10_83463,layer12_88323,3104339762405784576,97.1518014106574,-4.793268966937738,3.2106120220123167,-4.935104262229784,-1.2674683242600773,,,0.09637473,0.08076047,0.077399425,0.2852244,0.050774172
0,layer10_83463,layer12_88323,3104339865481253760,97.19414274099812,-4.780735835216851,3.182032261255586,-4.769847393322272,-1.95601800954529,,,0.23766151,0.21320201,0.2192716,0.17271782,-0.08008301
0,layer10_83463,layer12_88323,3104339964265249536,97.14038056257438,-4.7828714411610695,3.005288556091541,-4.725798724724499,-1.6629835109141362,22.715029,3.507613,0.034291595,0.032320596,0.031046923,0.18756936,-0.058846284
0,layer10_83463,layer12_88323,3104341136795325312,97.08205203479766,-4.744565342032388,3.11529317576649,-4.730157254748095,-1.922437113305209,,,0.06514758,0.0602837,0.05805498,0.084305,0.004238042
0,layer10_83463,layer12_88323,3104341858349761152,97.200226691676,-4.712136789785046,3.115434149123056,-5.014340560714214,-1.8369076483948736,39.30308,12.791759,0.016850915,0.017548952,0.017230112,0.14708763,0.036857877
0,layer10_83463,layer12_88323,3104342579904273152,97.18739138500877,-4.713847865199735,3.0598999669828792,-4.96618756456141,-1.937207513578808,,,0.022118919,0.02247048,0.0222716,0.18977745,-0.03485012
0,layer10_83463,layer12_88323,3104342609967700480,97.19779333724196,-4.706028485691631,3.313211853536967,-4.973173209834729,-1.803981240838734,,,0.24575666,0.23811881,0.23959376,0.2203839,-0.05131785
0,layer10_83463,layer12_88323,3104343782491073920,97.4044577614184,-4.731196051654011,3.1870583795870924,-4.305352418935998,-1.4346945727944158,,,0.2219958,0.23499323,0.22719342,0.27948415,-0.11879826
0,layer10_83463,layer12_88323,3104345255664954368,97.37685064250674,-4.689884878845489,3.296228438733934,-4.768587070864369,-1.5505854307325757,20.196842,10.192858,0.014157745,0.013007451,0.012852968,0.3236515,0.14623025
0,layer10_83463,layer12_88323,3104345534841675776,97.34650398065524,-4.669388795492631,2.92752719188873,-4.948918743816785,-1.8246405494918805,,,0.052291818,0.053520627,0.051767778,0.2044306,0.021715779
0,layer10_83463,,3104347046670091136,97.43977408482112,-4.628293740270073,5.130367266402407,-7.565617411337841,-4.508999896612093,21.448927,4.6404705,0.16769297,0.16331837,0.18129046,0.29631457,-0.047192067
0,layer10_83463,,3104348794720676480,97.33155251773528,-4.625907584550138,3.65719449081164,-5.156238299067625,-1.7023536054287045,,,0.24158573,0.2514122,0.24935879,0.23811959,-0.17974123
0,layer10_83463,layer12_88323,3104356392518635392,97.84212139929636,-4.592369485032722,3.124034743005454,-5.121311310407888,-1.9110469069897336,,,0.1869162,0.19895005,0.20769326,-0.02465121,0.28081584
0,layer10_83463,layer12_88323,3104359484895120640,97.77633632055796,-4.577485426997388,2.97858033040439,-5.040593953899544,-1.9014622755571904,,,0.10805528,0.11723122,0.12026227,-0.12333308,0.37765816
0,layer10_83463,,3104361924436376064,97.97407025895409,-4.539327182839524,4.874094564500014,-7.5960773223317615,-3.663949250397764,,,0.21716654,0.1790233,0.15220337,0.10568041,0.029364998
0,layer10_83463,,3104362302393618560,97.84568861229322,-4.574353613707254,4.544688800571299,-7.345606643814237,-3.89845818543214,,,0.13955458,0.14903075,0.15843333,0.055470318,0.1594206
0,layer10_83463,layer12_88323,3104374976840917248,97.51991530072137,-4.493345885248984,3.032652508578058,-5.14099211843519,-1.869620496831088,,,0.08675625,0.092783935,0.086957075,0.1182925,0.0773615
0,layer10_83463,layer12_88323,3104375599612544256,97.46586949412692,-4.478334645890264,2.9665758393210635,-5.065337964757727,-2.280929900230563,,,0.19055985,0.24066687,0.2160802,0.077038765,-0.091212615
0,layer10_83463,,3104376905282521856,97.5316999915018,-4.43103902819294,3.892500691839656,-5.124212250733089,-1.6957601662396915,,,0.17066665,0.19796841,0.17423062,-0.06573071,0.039943278
0,layer10_83463,,3104378760708278016,97.74091197903331,-4.460928412826059,4.139349865133906,-6.673902641434266,-2.854912405413124,,,0.09401717,0.092486724,0.09591123,0.08896389,0.27775407
0,layer10_83463,,3104378863783114368,97.75223358507716,-4.453558999935605,3.847892148949775,-6.354834830904524,-2.7193533641600536,,,0.045412216,0.044999164,0.04582337,0.11877621,0.2253959
0,layer10_83463,layer12_88323,3104379688421128832,97.78652176408478,-4.396074343489141,3.1015439893736203,-4.502836047597974,-1.6846289426555507,30.2454,6.977728,0.03457754,0.02923982,0.032444492,0.0741526,0.2394974
0,layer10_83463,layer12_88323,3104383158754794240,97.65567986831738,-4.393568652118935,3.041715277315809,-4.850065861628405,-1.8471655709449384,,,0.04682177,0.04701823,0.044996936,0.12113364,0.18960729
0,layer10_83463,layer12_88323,3104390163844169984,96.42587769547532,-5.250737977437807,3.232258837387472,-4.738644374129128,-1.63119909985155,,,0.10768447,0.09632886,0.08487546,0.2305938,-0.024625238
0,layer10_83463,,3104394737987719808,96.36373760198606,-5.176771457632197,2.768420792056726,-4.726317853484221,-1.2333265789740024,,,0.03374956,0.03633641,0.03462144,0.16721763,0.0353482
0,layer10_83463,,3104395420884242944,96.3023541262556,-5.157645933677658,4.82386918271883,-6.827437526986592,-3.171502170665359,,,0.089764334,0.091593616,0.08860806,0.058589276,-0.00074952806
0,layer10_83463,,3104395768779869696,96.32703933536509,-5.140910629395926,3.477186165838568,-4.376201720049569,-1.574563280599184,14.813226,5.9160547,0.11568025,0.11662137,0.11190889,0.15118787,0.014442023
0,layer10_83463,layer12_88323,3104396043657775616,96.3071807100506,-5.120005498521681,3.089253716806347,-4.678189502435501,-1.7347682720058557,,,0.04352066,0.04328066,0.043002103,0.14091642,0.009610378
0,layer10_83463,layer12_88323,3104398826796519936,96.5724597559608,-5.118744636615234,3.179680789874177,-4.570319930199559,-1.453167593318228,,,0.11033807,0.109240316,0.09669385,0.092283316,0.027140303
0,layer10_83463,layer12_88323,3104404182617728128,96.49786378136878,-5.001850788860208,3.199015283031668,-4.458776476077355,-1.6475689264079787,,,0.14034179,0.14555432,0.13191083,0.028665733,-0.021423899
0,layer10_83463,layer12_88323,3104408653681762560,96.21694260087376,-5.068739875656672,3.0737505856362053,-4.798253027865763,-1.5809660953448696,,,0.03613333,0.035282236,0.039510388,0.11842586,0.09751394
0,layer10_83463,layer12_88323,3104411192001675648,96.07843512739224,-5.063706593567275,3.3143930992104087,-4.614114973807499,-1.1591626702753404,,,0.083836086,0.07547819,0.07251089,0.12799527,0.18880789
0,layer10_83463,layer12_88323,3104414494837239040,96.37720594260496,-5.023187850547277,3.0876134490890084,-4.574752287233253,-1.4366763219552536,,,0.024360128,0.023561789,0.023212073,0.15724094,-0.13620156
0,layer10_83463,layer12_88323,3104415418249430656,96.28478757252827,-4.998222558539193,2.950304634095388,-4.484451979532147,-1.852418264538805,17.142273,9.7327585,0.07504823,0.07136755,0.06991589,0.3606834,-0.06232394
0,layer10_83463,layer12_88323,3104419133401411840,96.26487447991722,-4.938738912815677,3.032045532007417,-4.39609213615904,-1.6373183742841415,26.30319,1.514173,0.015461243,0.014614242,0.014589365,0.28830186,-0.049776375
0,layer10_83463,layer12_88323,3104421710381742720,96.28295189335056,-4.858312299730003,3.151578330008645,-4.691230545176184,-1.557653463655197,20.31177,2.912107,0.019980587,0.020238418,0.020468323,0.2596496,0.050542384
0,layer10_83463,layer12_88323,3104423668887274496,96.72420350946147,-4.995626651430382,3.214742248087431,-4.685175965391801,-1.6035236063555165,,,0.12167857,0.12748827,0.11315603,-0.071702756,0.3313566
0,layer10_83463,layer12_88323,3104424111265985920,96.62441734229688,-4.99888299114867,2.922108826293017,-4.645786520174587,-1.7118933394642168,,,0.124336064,0.14506143,0.12202247,0.097950704,0.078784265
0,layer10_83463,layer12_88323,3104424493520998656,96.69181149809614,-4.976053332662791,3.2616107580538736,-4.7740597778658,-1.626877331863216,,,0.06958087,0.07804135,0.06811667,-0.0870386,0.273909
0,layer10_83463,,3104425588734811648,96.83229264444569,-4.947096033856444,3.5109519985156803,-5.160253468749153,-1.844880041804955,,,0.093536936,0.08175881,0.07797176,0.11024703,0.23486611
0,layer10_83463,layer12_88323,3104425970989680512,96.81174899808892,-4.896664956623607,3.019079481006416,-4.794040892286422,-1.1714168304747257,,,0.1015679,0.11243094,0.09847433,0.08670896,0.20165765
0,layer10_83463,,3104426482088556800,96.71647696267932,-4.907878621890284,3.509844319338141,-4.552974493901021,-1.263912170664394,,,0.28768387,0.2930163,0.26368004,-0.10072669,0.35918188
0,layer10_83463,,3104426963124902784,96.77807708852346,-4.883200723856262,3.718690688723359,-5.378200331456992,-1.2016928823153146,,,0.19712242,0.22422746,0.20286764,0.09999107,0.17805745
0,layer10_83463,layer12_88323,3104431124950743936,96.71110285585826,-4.815451673326227,3.3394310054359484,-5.143540544106869,-1.929630642846452,,,0.18934797,0.18674175,0.17154892,0.07397803,0.18003412
0,layer10_83463,layer12_88323,3104431812145190272,96.8457478424732,-4.894654667962094,3.169779532469126,-4.721754447031031,-1.721026788130214,,,0.041115817,0.03388772,0.03248685,0.12709756,0.40693066
0,layer10_83463,layer12_88323,3104431949584128768,96.87125610901656,-4.87297619923892,3.237431561026414,-4.9705845897174825,-1.7819411086118588,,,0.05741474,0.05539342,0.050730668,0.01695401,0.2832228
0,layer10_83463,layer12_88323,3104431949584129280,96.86425467493623,-4.869357877103904,3.1053466718840914,-4.759855171999922,-1.7241329929379747,,,0.054346662,0.047077917,0.043264266,0.015217664,0.3168552
0,layer10_83463,layer12_88323,3104432671138660480,96.79583877434224,-4.878527863037994,3.0641094199538506,-4.618293864702116,-1.765203676692666,,,0.053845715,0.059992317,0.051045828,0.16377664,0.2187064
0,layer10_83463,layer12_88323,3104433805009952256,96.94838194105212,-4.824724741166447,3.338670514387045,-4.331871201471841,-2.5853511960004143,,,0.087120555,0.07499973,0.072389014,0.07984833,0.2913928
0,layer10_83463,layer12_88323,3104433869432346240,96.9771266502136,-4.8196848348993,3.0716912536071344,-5.097805423351456,-1.6157421895754494,,,0.12262045,0.11806063,0.12327515,0.10633769,0.24232423
0,layer10_83463,layer12_88323,3104433903792184192,96.94774322562722,-4.8142304283749535,3.389487038202112,-4.612327156847685,-1.736934110408911,,,0.19871588,0.1863403,0.19939412,0.07664753,0.27259883
0,layer10_83463,layer12_88323,3104434286046639744,97.00033888065104,-4.792971369518796,3.1059612741348035,-5.075592220418443,-1.3186117559448949,,,0.07417582,0.073018864,0.07269424,0.091773786,0.10848672
0,layer10_83463,layer12_88323,3104434286046640128,96.99582313064404,-4.795949618305016,3.1486939339019275,-4.626987703403413,-1.6682983745564095,26.753677,1.3315707,0.034263227,0.031531494,0.030345488,0.12528668,0.11292311
0,layer10_83463,layer12_88323,3104434316109083136,96.9730388630388,-4.804587983968927,3.269811629795154,-4.839831678970207,-1.7051596728987717,,,0.1623564,0.15126787,0.16499549,0.11805792,0.30409402
0,layer10_83463,layer12_88323,3104434522267526656,96.96579474605748,-4.787631502797458,3.098051147884114,-4.974810409115135,-1.850570397609992,,,0.16330808,0.16978738,0.17581788,0.17356983,0.3315056
0,layer10_83463,layer12_88323,3104434625346741504,96.96450009677872,-4.776830396581783,3.205465817015315,-4.411416812570129,-1.6477699845212366,,,0.15831743,0.15960741,0.15193206,0.07784321,0.24095018
0,layer10_83463,layer12_88323,3104434629643640448,96.96878595647334,-4.766884534788236,3.110631889002013,-4.870293544357653,-1.6554617318826652,26.383795,8.273651,0.024631152,0.02508988,0.023190338,0.15347621,0.16180265
0,layer10_83463,layer12_88323,3104435346901124992,96.94172357850395,-4.772886330348475,3.1243240816008315,-4.815989177132505,-1.9674487282797823,25.9469,2.2846828,0.015958874,0.015313979,0.014663685,0.19990654,0.25034088
0,layer10_83463,layer12_88323,3104435763515004800,96.93650741132733,-4.734171414550512,3.118008231494385,-4.985540181660594,-1.7670044222586094,,,0.06176978,0.057145488,0.061180044,0.10593585,0.27741382
0,layer10_83463,layer12_88323,3104437309703330048,96.70772804673967,-4.77840179495808,3.215351830856523,-4.044714862182527,-1.3008239381611009,,,0.072040826,0.06559344,0.06186457,0.041888017,0.20936665
0,layer10_83463,layer12_88323,3104438061320152576,96.769390404677,-4.710802685213284,3.094591814730233,-4.67806353467364,-1.6572612368647277,,,0.17553401,0.14729002,0.14415734,0.027039146,0.22654933
0,layer10_83463,layer12_88323,3104438134336987648,96.8649221905396,-4.756426948135662,2.9757021581670293,-4.427457638552278,-1.261394661547616,,,0.089533724,0.08437279,0.07841986,0.039878793,0.26844817
0,layer10_83463,layer12_88323,3104438787171978624,96.91768933924072,-4.71271965686423,3.129049765343384,-4.750231919537836,-1.8294725781090564,,,0.07086887,0.06706299,0.07467123,0.08798518,0.29887038
0,layer10_83463,layer12_88323,3104438817233616640,96.94111951465868,-4.704238260177276,3.1112463422429526,-4.756372047152659,-2.1604365207813894,25.168354,2.3890405,0.018632071,0.017629841,0.018924568,0.15340784,0.14750396
0,layer10_83463,layer12_88323,3104439989762812416,96.87826836880988,-4.658827170154712,3.096875592580359,-4.767638030393784,-1.7658850545827731,13.214664,16.585817,0.015144927,0.013423148,0.014783519,0.08536224,0.22098972
0,layer10_83463,layer12_88323,3104440161561509248,96.85648550344044,-4.6502394018954,3.192146265025537,-4.668362381269538,-1.897375751126125,,,0.060153175,0.057904538,0.059529163,0.072453156,0.17679827
0,layer10_83463,layer12_88323,3104440676957804672,96.4733510893842,-4.882946616426258,3.1254722627148177,-4.54401855609694,-1.711174210735925,,,0.06215361,0.06379117,0.060102493,0.0634556,-0.06761776
0,layer10_83463,layer12_88323,3104440814396743552,96.50678414948383,-4.870547657701513,2.9680784305247068,-4.812218541129266,-1.6122868516813016,,,0.0706229,0.074471585,0.07033836,0.097991526,-0.08612704
0,layer10_83463,layer12_88323,3104440883116207616,96.5507151359462,-4.873170934636623,2.957126395762808,-4.163969674871824,-0.6508678185502469,,,0.23626208,0.2701684,0.23808186,-0.0064596194,0.04867629
0,layer10_83463,layer12_88323,3104442566743366144,96.57752468310026,-4.841956664586442,3.122633220867829,-4.91677257413076,-1.4666596293258516,,,0.038328145,0.03861042,0.03476883,-0.108839065,0.12872498
0,layer10_83463,layer12_88323,3104443357017307904,96.62306316390789,-4.774263860314022,3.283875977362301,-4.674420774218002,-1.5160388776326372,,,0.11561107,0.12148239,0.107504696,0.063314505,0.13255629
0,layer10_83463,layer12_88323,3104444555310674176,96.5938100174671,-4.734933984896752,3.2093576163411472,-4.956072901241597,-2.021797331131096,,,0.14734904,0.15123937,0.13930565,0.067035645,0.094286576
0,layer10_83463,,3104444800126409856,96.41214532739666,-4.8323159389556345,4.896300693623959,-7.118818198258974,-4.422643159996016,,,0.03929506,0.039134696,0.036544986,0.12707362,0.08064626
0,layer10_83463,layer12_88323,3104444868845867264,96.45562467993248,-4.816835957292459,3.1041681965676915,-4.448593739751686,-1.7284842284507649,43.167492,5.059514,0.016784972,0.017531013,0.01654136,0.07893125,-0.00831491
0,layer10_83463,,3104446037076422912,96.39670970406576,-4.772090660818846,3.68053381733929,-4.194193481136666,-1.4506099744804768,,,0.032027498,0.03268204,0.030958788,0.16450655,0.0819231
0,layer10_83463,layer12_88323,3104449198172801024,96.6809932262894,-4.744971817124129,2.985761930707332,-4.72343668060973,-1.521828421226348,34.525986,7.7443185,0.07418992,0.070795394,0.0668523,0.050166603,0.1630015
0,layer10_83463,layer12_88323,3104452634146955520,96.74364534550902,-4.625061523193216,3.129736736578214,-4.515304309252461,-1.4296982828879283,20.475441,3.7745495,0.029525066,0.027013615,0.026155582,0.040552583,0.17321472
0,layer10_83463,layer12_88323,3104453660639118592,96.62500240016358,-4.66897787674135,3.149284770740356,-4.692511825937942,-2.168363277300553,,,0.14574909,0.15857892,0.13584709,-0.11664472,0.19510415
0,layer10_83463,layer12_88323,3104453905456951424,96.59606477107754,-4.653274133819486,3.190005014790789,-4.5936011522029165,-1.6606763751258211,,,0.118269615,0.11404769,0.10548007,0.11285546,0.18517481
0,layer10_83463,layer12_88323,3104453905456953216,96.59589014438173,-4.656262261577225,3.1569673318995304,-4.746124521896983,-1.9813976066165808,25.137135,2.3684583,0.016584257,0.014874682,0.013926293,0.16507939,0.1520814
0,layer10_83463,layer12_88323,3104454107318408960,96.62263627525864,-4.646319222904498,3.4488533244506585,-4.913000777068811,-2.2953271918007885,,,0.29459503,0.28788787,0.2523066,-0.08097836,0.03574039
0,layer10_83463,layer12_88323,3104454317773799808,96.6195484012216,-4.63692558473377,3.247745964334377,-4.703043224513725,-1.717475908571084,,,0.0909342,0.08776424,0.081313744,0.14727257,0.12528533
0,layer10_83463,layer12_88323,3104454347832973696,96.6193808774646,-4.626870975037733,3.138740905873128,-4.616083379255398,-0.8477224663741907,27.544035,1.3750864,0.013282995,0.012150428,0.011924207,0.096743934,0.19395489
0,layer10_83463,layer12_88323,3104454901887364736,96.53362324638113,-4.6304795065618976,3.097264711158314,-4.397173027131429,-1.560876450264661,,,0.0633853,0.06866478,0.06868433,-0.09316997,0.2546004
0,layer10_83463,layer12_88323,3104454901888804864,96.5332761275584,-4.628242148485666,3.110941074654402,-4.338287669568046,-1.9808672455706304,16.316456,5.351455,0.031930257,0.031554345,0.031500563,0.06443538,0.19372784
0,layer10_83463,layer12_88323,3104455417284845440,96.57629877375727,-4.599312543946641,2.975214052001491,-4.542851897988429,-1.750559954869744,,,0.039671924,0.038859483,0.03487003,0.1639394,0.23065881
0,layer10_83463,layer12_88323,3104455619144457600,96.57546684076168,-4.575854453789262,3.136214414327362,-5.141387687443968,-1.6946887540342177,,,0.19578579,0.19575611,0.17402866,0.009802956,0.16152368
0,layer10_83463,,3104456035760691328,96.64349548112578,-4.59740581357421,2.8142922097716867,-4.502736454227666,-1.8828328859436767,,,0.065412484,0.05799361,0.07188778,0.12097295,0.19971545
0,layer10_83463,layer12_88323,3104456959174299520,96.6662633673237,-4.561518465015291,3.0388621388168056,-4.267013809623511,-1.909161434787848,,,0.09355083,0.08438509,0.08265987,0.06716583,0.19706865
0,layer10_83463,layer12_88323,3104457096612037504,96.61568937434646,-4.556054622341927,3.1514379295563977,-4.216800785087877,-2.076628625146943,24.298506,2.0522184,0.01575073,0.012679235,0.012195363,0.14347039,0.26882306
0,layer10_83463,layer12_88323,3104469573497252096,96.29592377288132,-4.789791772098696,3.108685493633865,-4.582478089704005,-1.856451900697642,-9.392648,23.211735,0.016888525,0.018967729,0.017479958,0.2734935,-0.107597955
0,layer10_83463,layer12_88323,3104474108982725888,96.18380007059098,-4.7159757068251125,2.9184826710763327,-4.5339172087245645,-1.601401341194742,,,0.08985284,0.082310244,0.07605692,0.09793114,-0.059150685
0,layer10_83463,layer12_88323,3104485825654680192,95.94759893934116,-4.683364008741129,3.1566634060410226,-4.42959915096267,-1.8106122224866208,,,0.09797129,0.10407141,0.09656665,0.047379907,0.02187994
0,layer10_83463,layer12_88323,3104492010406451072,95.93929552479032,-4.575492443337002,3.255876325759288,-4.624105281449186,-2.0172673550528777,,,0.06225249,0.059040014,0.05917006,0.28978118,-0.11886333
0,layer10_83463,layer12_88323,3104494724825684608,96.33050930815648,-4.701316497968038,3.085576717104806,-4.315252004119555,-1.738212162343283,26.267778,6.1848855,0.012019827,0.013462198,0.012360632,0.0909244,0.20451741
0,layer10_83463,layer12_88323,3104499432109834368,96.22465168194915,-4.594331592909701,3.111477967104311,-4.544809948798168,-1.88543264597304,,,0.07940194,0.098324575,0.088398404,0.0905852,0.029540328
0,layer10_83463,layer12_88323,3104500492962800256,96.35226912174323,-4.563552292174776,3.03294911652407,-4.468252850795984,-1.7617791208843872,,,0.05707047,0.06992811,0.06295745,0.0042745867,0.20692463
0,layer10_83463,,3104501455036440448,96.34990296752493,-4.535339806352294,2.839623231653159,-5.5220712672992045,-2.1331246532105315,,,0.20891795,0.24165832,0.19168516,0.20575003,0.021711601
0,layer10_83463,layer12_88323,3104504341253607552,96.5640575473508,-4.525587597877727,3.0035289427578,-4.6584086143659045,-2.170629554427693,,,0.08912963,0.0826475,0.07516264,0.06594315,0.23142318
0,layer10_83463,layer12_88323,3104505857380683776,96.61850412995506,-4.44800604178402,3.064652287297593,-4.574670705019096,-1.7983769175577848,,,0.06327299,0.05924826,0.05598717,0.065573655,0.20779383
0,layer10_83463,layer12_88323,3104506437197663232,96.45042020306222,-4.519141485258262,3.084294699678401,-4.758934982895512,-1.7815101630434271,,,0.071865015,0.07757854,0.06572585,0.076774225,0.17939572
0,layer10_83463,layer12_88323,3104506922532654848,96.4572291873272,-4.4853303825079855,3.060981775334047,-4.036477406541884,-2.1355283354532943,,,0.050719645,0.052908514,0.04530057,0.084380805,0.19884516
0,layer10_83463,layer12_88323,3104516642040074368,96.00985898897105,-4.466714286498178,3.098356099395838,-4.220349875748471,-1.6686304563362264,,,0.03526655,0.03754354,0.039400082,0.21883394,-0.13815086
0,layer10_83463,layer12_88323,3104519017160639232,96.14795320273063,-4.381511999288093,3.1848063379723315,-4.483454301432425,-1.697545423155847,,,0.11460933,0.13482992,0.13147643,0.015613097,0.072250776
0,layer10_83463,layer12_88323,3104528289992577152,97.05143173863662,-4.761751683748797,3.1590450470160683,-5.373363799670135,-1.979956983213588,,,0.08572064,0.085088246,0.07774003,-0.048255358,-0.08156152
0,layer10_83463,layer12_88323,3104528328651278208,97.02819706524365,-4.762615863313247,3.134080555309488,-4.589965072459914,-2.0186121950502907,,,0.052470736,0.045033496,0.04319252,0.19103654,0.13235497
0,layer10_83463,layer12_88323,3104528363011016064,97.02566057253114,-4.753556879600091,3.12271000186233,-4.984625171872311,-1.6819092420213608,16.78717,2.2109628,0.02886257,0.026235923,0.024883013,0.11826009,0.13349858
0,layer10_83463,layer12_88323,3104528466090065024,97.0353591112823,-4.740012090222519,3.1705577617301604,-4.710524969437187,-2.3509938200116074,,,0.06954583,0.059904482,0.05548183,0.07654984,0.036799483
0,layer10_83463,layer12_88323,3104528839747999104,97.09026443851336,-4.721929680028325,2.8804154402371305,-5.378605334459607,-1.876545541776293,,,0.1935374,0.16245306,0.15672836,0.09175395,-0.09346413
0,layer10_83463,layer12_88323,3104529462522483968,96.98882786319568,-4.7122259801335975,3.131996857092924,-4.676094594088383,-1.3491212474374652,,,0.019407984,0.018184815,0.018927418,0.16215152,0.19390322
0,layer10_83463,layer12_88323,3104529973619388672,97.02304852344672,-4.682835647113989,3.071036687705808,-4.831427156874628,-1.8413508108575296,,,0.039911665,0.040262565,0.037380055,0.16055089,0.109505676
0,layer10_83463,layer12_88323,3104530046637992960,97.0616215801468,-4.678947496369196,3.3452302028808503,-4.609165608204323,-1.9632493385857064,,,0.18656106,0.14604606,0.13355674,0.35458243,0.17398836
0,layer10_83463,layer12_88323,3104530287156171264,97.01172989874983,-4.656099503293154,3.1526451893686103,-4.67156922343661,-1.5633502825802732,,,0.15151398,0.13111167,0.14489812,0.22106704,0.21710661
0,layer10_83463,layer12_88323,3104530424595112064,97.02535897185663,-4.64119828189756,3.119880828175232,-4.870173165366032,-2.3065086022266748,,,0.03934423,0.035353813,0.034539364,0.24266928,0.14169706
0,layer10_83463,layer12_88323,3104530424595112576,97.02336620023291,-4.641093702940374,3.27565185087583,-4.820621898138885,-1.681384212250848,,,0.0642403,0.0576558,0.056030206,0.22276936,0.12738824
0,layer10_83463,layer12_88323,3104530901333287680,97.12184625554984,-4.647507261672315,3.395129372085334,-4.375740221728086,-2.2342462199955846,,,0.20245388,0.18608324,0.17964983,0.22005698,0.026050285
0,layer10_83463,,3104531863405290112,97.06345378952447,-4.638772209230381,3.8564034266464553,-5.245772670237471,-1.8215384497422,,,0.35042042,0.28751457,0.26110557,0.32321444,0.080747366
0,layer10_83463,layer12_88323,3104532039503666304,97.06539810535917,-4.605226246757744,3.117555670116744,-4.756666265832058,-1.6532610596814366,26.468897,2.3002858,0.031185366,0.032860927,0.030848317,0.22697668,0.10389634
0,layer10_83463,layer12_88323,3104532761057366016,96.94888608020209,-4.675891699181189,3.1433030432506266,-4.831346582492203,-1.9225755673390128,25.649033,1.8326845,0.01828073,0.015048111,0.01658829,0.28648892,0.22822475
0,layer10_83463,layer12_88323,3104534715263592192,96.94376471980294,-4.576297976695973,3.3268373058674694,-4.829602371388829,-1.810377403337951,,,0.2826213,0.21427357,0.23559666,0.19456261,0.14732559
0,layer10_83463,layer12_88323,3104534960080775040,97.02499830314402,-4.605756093131215,3.0090546866390264,-4.8903688594776495,-1.8811782091673004,22.625929,9.542435,0.093370706,0.08937538,0.08812608,0.25772208,-0.052777216
0,layer10_83463,layer12_88323,3104535784714244480,97.0448671351341,-4.545143804758729,3.094269915608253,-4.428379911840246,-1.7127986399822783,21.82804,3.3667514,0.017980466,0.017132288,0.017127303,0.17777567,0.025447708
0,layer10_83463,layer12_88323,3104535990872706304,96.99726880876128,-4.574446917545327,3.1371392951782866,-4.615198055176827,-1.8231826015991912,28.034828,9.036351,0.039332833,0.032834366,0.032731686,0.18784498,0.06517457
0,layer10_83463,layer12_88323,3104536952945322880,97.05239720401958,-4.4999386073596,3.285585757775024,-4.942379397966506,-1.929370816369957,,,0.06601347,0.058400493,0.057861988,0.2774332,-0.06732223
0,layer10_83463,layer12_88323,3104540659499481984,97.24746218371584,-4.48036399888089,2.9625972991282734,-5.092618026844015,-1.7818836724765603,,,0.21690099,0.2433797,0.20681149,0.41164953,-0.16865662
0,layer10_83463,layer12_88323,3104545023185734656,97.14273011089944,-4.418774492341491,2.8618275079286635,-4.893221635376174,-1.5491657948699784,14.532603,4.3083982,0.034679048,0.03226282,0.031820837,0.13384369,0.101980954
0,layer10_83463,layer12_88323,3116493832657947904,95.78123092442247,-4.639966283170724,3.17993850079092,-4.379439527668207,-1.7469748031902894,,,0.06662282,0.05858814,0.05736468,0.16629083,0.24276
0,layer10_83463,,3116499188479187840,95.62877236149907,-4.544063585404081,4.715382978137743,-7.829162533480367,-4.071257821979937,22.878202,3.011038,0.015813291,0.01595925,0.01484394,-0.0025204443,0.19864427
0,layer10_83463,layer12_88323,3116524099289767936,95.64985005147533,-4.291760250505697,3.18445386360192,-4.270786329960307,-1.99783347998092,,,0.079957984,0.080132715,0.07326396,0.12135978,0.06357344
0,layer10_83463,layer12_88323,3116531005595620480,95.87419691523648,-4.350447004980849,3.045272446004205,-4.575922860282923,-1.655656155567767,,,0.09407042,0.092026,0.09441481,0.1254137,0.2211892
0,layer10_83463,layer12_88323,3116542348608047872,96.17003099609212,-4.1127824959986015,3.193522794778299,-4.523256938169908,-1.957100659729912,,,0.096730925,0.09086564,0.08037071,0.12461459,0.23455885
0,layer10_83463,layer12_88323,3116548980037720448,95.74648390363176,-4.187103475853805,3.116668459594599,-4.378293454981404,-1.9294390648301616,,,0.03242343,0.032008924,0.029750189,0.21269923,0.044187915
0,layer10_83463,layer12_88323,3116554198419796992,95.99128225149288,-4.088319467884643,3.1230872242452965,-4.581826396439309,-1.801933174407204,22.109873,3.201749,0.015626548,0.015288604,0.015365366,0.1181646,0.17070755
0,layer10_83463,layer12_88323,3116554198420053248,95.98932861991608,-4.092766269476151,3.272516974056606,-4.570106515145362,-2.0658653662360056,,,0.19821495,0.18816933,0.19858105,0.13707402,0.16140278
0,layer10_83463,layer12_88323,3116557290796545664,95.87185991063356,-4.061584023247124,3.091861811416781,-3.888553101619316,-1.7388661835887866,,,0.05823212,0.058051273,0.055646505,0.25763115,0.0015909908
0,layer10_83463,layer12_88323,3116557295094320768,95.8703837525669,-4.060588318722468,3.0963172905201413,-4.150456479532682,-1.9543714716789888,,,0.15604442,0.1585502,0.15736696,0.294103,-0.04491738
0,layer10_83463,layer12_88323,3116559528477249024,95.97939797313994,-3.981884136874256,3.0805790066725205,-4.1261499567314885,-1.968248508452079,,,0.114648916,0.109057955,0.114832506,0.15600987,0.036459163
0,layer10_83463,layer12_88323,3116596224677590656,95.24434324488728,-3.93129027124286,3.2021526385751806,-4.154670974682255,-1.8801627737398687,,,0.04711519,0.04774635,0.0454339,-0.021291608,0.09142724
0,layer10_83463,layer12_88323,3116603264128639232,95.66171475513453,-3.9976866699019697,3.0969220774329203,-4.602879518131301,-1.927598253527548,,,0.10297799,0.122228526,0.11873803,0.120132685,0.111412525
0,layer10_83463,,3116603268423851904,95.6621650723162,-3.999256366727845,3.294137661957928,-3.349517071626356,-1.1822520408926207,34.905018,8.88198,0.037859485,0.04393041,0.038869806,0.12646413,0.033727497
0,layer10_83463,layer12_88323,3116618141894814464,95.54961203904558,-3.848556216088512,3.061534585102855,-4.77448756576227,-1.7865413610383485,,,0.2742188,0.35625783,0.31598404,0.2542655,-0.06884143
0,layer10_83463,,3116624983778427520,95.62872334254618,-3.7487916904671255,3.140192146625335,-3.3015854500551853,-2.958957530094456,,,0.17281221,0.18733,0.15674114,0.38655236,-0.02428467
0,layer10_83463,,3116631026796489984,95.59301579003014,-3.632152867492604,3.945936888665835,-5.286878516768489,-2.469133904861616,,,0.08002622,0.08269572,0.07912566,0.2236352,-0.038584717
0,layer10_83463,layer12_88323,3116633603777462400,96.30263529015812,-4.073528619165124,3.0776545377493023,-4.765661206226024,-1.8737137684405951,,,0.097065754,0.09093894,0.07622902,-0.033127714,0.18218574
0,layer10_83463,layer12_88323,3116633676793702016,96.29130240522878,-4.07086366435854,3.081462103090982,-5.004548432040665,-2.124998751061429,,,0.051387873,0.04565229,0.041592177,0.093838975,0.23637962
0,layer10_83463,layer12_88323,3116633951671600256,96.40062644169303,-4.089393060380948,3.15775500698926,-4.500624908658048,-1.7212697586572596,4.7469416,4.8344283,0.022140704,0.021916073,0.020205682,0.07008256,0.11586449
0,layer10_83463,,3116637520787649408,96.16020178839292,-4.033443493375635,3.233510379653224,-4.135395732406486,-3.169539067781716,,,0.23953182,0.2061082,0.18460637,0.089472175,0.23552419
0,layer10_83463,,3116643911699069824,96.56478727822544,-3.8917428589256975,2.788648742429259,-4.734338117716064,-2.216556092891381,,,0.22215848,0.2408204,0.22284365,0.06998072,-0.065879285
0,layer10_83463,layer12_88323,3116646767853635200,96.42960670915345,-3.8340733980861343,3.108513745807441,-4.643111683312826,-1.87134930018412,,,0.0700744,0.07356818,0.06588617,0.109391086,0.13381276
0,layer10_83463,,3116647970444796416,96.51043898297806,-3.811231943775066,4.707974288277875,-7.125242730247887,-3.620187017999767,,,0.057705775,0.053542815,0.048622694,0.25010967,0.048878316
0,layer10_83463,layer12_88323,3116651097180785792,96.1814404006811,-3.916808078585457,3.2435094773350164,-4.519610133062102,-2.0468825709733687,-2.0202472,5.7067537,0.038338274,0.032563362,0.02923486,-0.03203632,0.22330779
0,layer10_83463,layer12_88323,3116651921812286592,96.24749679038582,-3.905261900213145,3.292990400137043,-4.709155534463897,-2.053858351852264,,,0.20132925,0.19532889,0.19014159,0.13699421,0.11476111
0,layer10_83463,,3116664325679949056,96.24592130795271,-3.693944717949334,3.759497391957724,-4.790731988865952,-0.7882115147727325,66.18771,11.154471,0.22334565,0.22803299,0.20582472,0.05975884,0.11712433
0,layer10_83463,,3116664531838375552,96.24397767393458,-3.6853600922134153,3.389413734463526,-4.208969216625891,-1.5041590257734274,11.678727,4.03643,0.016609244,0.017056786,0.015561103,0.047395587,0.08578804
0,layer10_83463,layer12_88323,3116667967812511616,96.63173314558178,-3.835774951053765,3.082937030325797,-4.610630344950925,-1.7922665238014144,,,0.041574627,0.043295052,0.03891134,0.08057785,-0.010295612
0,layer10_83463,layer12_88323,3116677378084419712,96.85362382607484,-3.638045612562268,3.1122590896914284,-4.692467393728872,-2.3739181651335466,,,0.18852235,0.19741069,0.19306925,0.035898067,0.07603297
0,layer10_83463,layer12_88323,3116682261463579008,96.85469625835336,-3.57476605375704,2.944206156186934,-4.761767571213548,-2.300319470238819,,,0.13869636,0.13657756,0.13486022,0.12533335,0.19979613
0,layer10_83463,layer12_88323,3116691328137573248,96.47849147602602,-3.5550540313285843,3.154029237493733,-4.858689678612318,-2.3333310312268667,,,0.08965239,0.092506036,0.07804456,0.25058767,0.02252466
0,layer10_83463,layer12_88323,3116694699688479616,96.59791597759808,-3.5105756494116624,3.1749480683063247,-4.734859662074308,-2.1297731371686965,,,0.053574014,0.05507023,0.053455573,0.12836638,0.18843402
0,layer10_83463,layer12_88323,3116695043285818496,96.70208812614814,-3.486923078881498,3.178307001257336,-4.5138892734534295,-1.8373016016021573,,,0.07678463,0.07598318,0.08112446,0.021230774,0.15248255
0,layer10_83463,layer12_88323,3116727478879461760,95.77544394582918,-3.5157856776976035,3.31837526801656,-4.370518397331932,-2.034415065208224,,,0.049416095,0.050217204,0.04837445,0.021215597,0.21493316
0,layer10_83463,layer12_88323,3116757234411949184,96.25197542923254,-3.329802992460397,3.144094377570932,-4.367874297924024,-2.1697230000310137,,,0.05603749,0.06262166,0.053289805,0.2803166,-0.02215999
0,layer10_83463,,3116768848003471232,96.26286854059262,-3.147385479150702,3.9838338378532825,-5.810394231020824,-3.323189839668123,,,0.122840285,0.13195191,0.1216793,0.17409559,0.060051024
0,layer10_83463,,3116842309123744000,95.25646493994444,-3.3422045524909945,3.294928591620024,-4.2764830546956585,-2.877432721440501,,,0.052499294,0.055614494,0.050598726,0.047500707,0.104443595
0,layer10_83463,,3116851203999348480,94.60147815825744,-3.61684413528158,3.3197954564374887,-4.007810869616534,-1.6992592357569714,,,0.07754487,0.0719051,0.06850891,0.05726704,0.30257994
0,layer10_83463,layer12_88323,3116879241546045952,94.90791582464344,-3.5152630261228204,3.2166477693114057,-4.288607772949384,-2.1960493673300374,,,0.04706333,0.048075255,0.04459169,-0.030615779,0.08226115
0,layer10_83463,,3116893986170250624,95.12226885512636,-3.227310942856937,3.472366939777048,-4.100826124447626,-2.788375124649652,,,0.07219104,0.07532116,0.07270661,0.028175438,0.13654132
0,layer10_83463,layer12_88323,3116923531247562240,95.7433216742568,-3.343476709392177,3.138127356589814,-4.407411868222474,-1.8670136535654824,,,0.14119881,0.12921478,0.1161689,-0.034294594,0.13706817
0,layer10_83463,,3116924768198184192,95.92643315193614,-3.303519792412664,2.820692338966009,-4.449721768999506,-2.416628288217168,,,0.15390071,0.15398873,0.14536144,0.04743844,0.20326898
0,layer10_83463,,3116932361701730688,95.39925270319756,-3.3291551047883576,3.4659783416530137,-4.366121582586052,-1.974858271132011,,,0.29518697,0.2710637,0.24599883,0.2576507,-0.026675876
0,layer10_83463,,3116943803492400640,95.71885814244928,-3.0912799250326786,3.740845918583369,-4.9183628212173085,-2.832407040481038,,,0.11534213,0.113488324,0.111376606,0.11375158,0.29758328
0,layer10_83463,,3116948583795585920,95.99982187303952,-3.2330977037762207,3.9381128310538593,-6.160095642352663,-3.043909883678178,,,0.045430522,0.052073557,0.043427367,0.07186275,0.05593645
0,layer10_83463,layer12_88323,3116962155892150656,96.0971640049491,-3.0118404159722205,3.0895471734396973,-4.505401326276753,-1.9667306515730127,,,0.10051993,0.11281009,0.09470218,0.06388114,0.024703467
0,layer10_83463,layer12_88323,3116964148756934272,96.15708891307808,-2.93639692508168,3.105491855911917,-4.283883315842402,-1.6995696126075752,16.657461,4.3162184,0.016562082,0.017301727,0.015645457,0.15056664,-0.017947547
0,layer10_83463,layer12_88323,3116971806680745856,95.64783622029547,-2.9690338878858378,3.345687306303472,-4.126977279800413,-2.396861611809733,15.9545765,7.1450696,0.014585624,0.015165728,0.013372763,0.14411995,0.123973794
0,layer10_83463,,3117044378745318400,95.38646007050144,-2.598466795089003,3.399145250327822,-4.7016925476176015,-2.395422241415866,,,0.26450115,0.25887898,0.2216638,-0.026070904,0.26738352
0,layer10_83463,layer12_88323,3117055442582419840,96.99242328360582,-3.4881953531320127,3.096570870242409,-4.961950541391067,-2.216675515573777,,,0.07023357,0.0645765,0.058930673,0.12205647,0.09346098
0,layer10_83463,,3117055507003997824,96.98708231041194,-3.4820840770975243,3.426287864585821,-3.3329079516013413,-2.564365066709509,,,0.26695964,0.25363144,0.22182891,0.1061213,0.011239847
0,layer10_83463,layer12_88323,3117056473374538368,97.0893373696372,-3.461069596472348,3.1336439310620685,-4.473423535461359,-2.1214268813293584,18.101881,2.2527294,0.034544505,0.029488016,0.027463123,0.08434578,0.22550875
0,layer10_83463,,3117065887942926848,97.35056853624285,-3.2581522576441286,3.736432596463521,-5.355310096476841,-2.546492348746466,,,0.08600699,0.08202624,0.077187285,0.17875922,0.018497644
0,layer10_83463,layer12_88323,3117082449336167168,97.03204387437616,-3.1508599313042955,3.259236951152659,-4.671921850078361,-2.201843999665796,,,0.083427094,0.08567674,0.07462979,0.13226691,0.17914465
0,layer10_83463,layer12_88323,3117085541713922944,96.97904743622792,-3.136629939319524,3.143235131834781,-4.620699407863525,-2.415238674462135,26.31876,0.8883344,0.030334918,0.03121118,0.027708447,0.16154195,0.1491505
0,layer10_83463,layer12_88323,3117086881742409600,97.0308333845608,-3.133040365707134,3.1614000987896897,-4.542107571636935,-1.0797216605579727,15.286151,2.5808532,0.043684565,0.04124217,0.03721733,0.19820769,0.1152739
0,layer10_83463,,3117110723101436032,97.30806072832448,-2.954448029534396,4.05873452950785,-7.000694473366796,-2.741850115139971,,,0.20504932,0.21986309,0.20386913,0.176723,0.13865706
0,layer10_83463,,3117144567444934656,96.58809285637182,-2.997003222937741,3.883596458899852,-5.638389708159872,-3.4682722138016384,,,0.11191442,0.1089902,0.11721414,0.23585892,0.3365935
0,layer10_83463,,3117178038128175232,96.91121479479754,-2.7406444766138534,3.663809454615117,-5.158066282674471,-2.631619013825023,,,0.023879727,0.028498705,0.025986766,0.07035215,0.017915748
0,layer10_83463,,3117178106848418816,96.89463553192395,-2.733773862059639,3.7626358321929576,-5.04124381667887,-2.486326613974288,,,0.044782322,0.0512207,0.04298051,0.05524637,-0.021574127
0,layer10_83463,layer12_88323,3117191919462130176,96.95920956673795,-2.514104103002656,3.1353131207541223,-4.951006588434402,-2.9116091195462768,,,0.07838529,0.08608397,0.07354384,0.29145825,0.17128018
0,layer10_83463,,3117191919462130304,96.95970424604567,-2.514525014399312,3.1875890120131256,-3.376631326017207,-2.470542864534917,82.58542,7.0197415,0.019023623,0.022606688,0.01964449,0.21721491,0.043343104
0,layer10_83463,,3117252903699581312,97.78168348966275,-2.413515851806636,3.4615793369661363,-5.0572192577179536,-2.392883954674686,,,0.25040284,0.19907336,0.16632013,0.36651945,0.13268253
0,layer10_83463,,3117257134245968128,98.11162649391984,-2.298190518246733,3.4947851635716622,-5.315776555905847,-2.574669455314796,,,0.10842148,0.1456227,0.1448585,0.10320278,-0.01938016
0,layer10_83463,,3117262666164625408,98.00100879528917,-2.1973304533048905,3.754757450022437,-5.676874201477557,-3.128139548652157,23.121433,7.093859,0.031738877,0.038684793,0.033576127,0.09628074,0.06406827
0,layer10_83463,,3117325853722197120,97.50109615972654,-2.005067947844186,4.102121666293766,-5.562436036946352,-3.288357796250206,,,0.091425896,0.090690404,0.083740495,0.12672661,0.1831433
0,layer10_83463,,3117325956803116928,97.50230494322092,-2.003007290252859,3.976875201820232,-6.002012409380516,-3.61120831824865,36.03492,7.441664,0.03601595,0.039484855,0.033470914,0.24992718,0.05010815
0,layer10_83463,,3117347874016994304,96.53846623074712,-2.6777158111178645,3.4105920169208503,-4.5766599116182975,-2.222779738138817,,,0.09097317,0.08958301,0.09615267,0.11812683,0.107725486
0,layer10_83463,,3117371449095622912,96.68517598312498,-2.610479875234706,3.875237973453185,-5.792456581457072,-3.360071676840056,,,0.103772014,0.09542882,0.08921016,0.10848331,0.22633643
0,layer10_83463,,3117371891474304256,96.66358130202772,-2.6060512426265268,3.1876492511981698,-4.845663471868055,-2.586966401946803,,,0.053433787,0.049519703,0.0482054,0.06922232,0.18615903
0,layer10_83463,,3117380103452215168,96.90791639483854,-2.46024298238678,4.369329675881432,-6.967195607197889,-3.7137422815617582,,,0.031694625,0.032600984,0.027479928,0.24537061,0.13747516
0,layer10_83463,,3117403334932695168,96.5535978207194,-2.204718575281562,3.3149012504508986,-3.094981576862676,-0.6337862373455714,,,0.083525345,0.09508726,0.08643617,0.09793352,0.046945304
0,layer10_83463,layer12_88323,3117406118071374464,95.9507556660514,-2.635217391745196,3.082401547204939,-4.396520623881254,-2.1574738334568093,,,0.049596734,0.04872442,0.041716777,0.23490454,-0.05235368
0,layer10_83463,,3117413775993564800,95.9057891009366,-2.463948495848981,3.217350537376268,-4.673661849330189,-2.4074954954847474,,,0.14881307,0.16171241,0.14599885,0.08319726,-0.19424006
0,layer10_83463,,3117416048035622784,96.10661211619716,-2.451279638726666,3.389356747353096,-4.93986143148466,-2.578922628463088,,,0.051986314,0.050707154,0.04597672,0.20714301,0.040088423
0,layer10_83463,,3117423293641386240,96.14757686123257,-2.249890827132235,3.729394668867649,-5.152720159638763,-2.790318164137169,,,0.07090375,0.0741705,0.06457475,-0.063857585,0.17589778
0,layer10_83463,,3117491772602016768,97.18623237079184,-2.0641493041110084,3.422862984145975,-5.153886872279342,-2.7368328558824566,10.092332,9.476922,0.032021508,0.026660776,0.026629308,0.13128692,0.22160558
0,layer10_83463,,3117502011802854144,96.84394324391216,-1.991392897589832,3.48460003590979,-4.899558913891296,-2.531492556122976,,,0.12404462,0.1424743,0.11565168,0.39340103,-0.079854704
0,layer10_83463,,3117532630628086656,97.26173261970683,-1.7684669716976915,3.2280620253067625,-5.082351593730724,-2.688242734064716,,,0.052645504,0.05106111,0.047138516,0.19768864,-0.014695383
0,layer10_83463,,3117576503714963584,96.68708384918725,-1.6374220530336523,3.5697755423679167,-4.712211385457892,-2.594558465335913,,,0.27069312,0.25757736,0.23156382,0.22888434,-0.060103234
0,layer10_83463,,3117579462951120768,96.68122119854252,-1.637028990686349,3.1850608183604097,-4.622724863907484,-2.702628556230887,24.378857,8.187612,0.023601864,0.026847403,0.02446968,0.05552056,0.030732041
0,layer10_83463,,3117618048937184768,94.178659412472,-3.5134533855880865,3.0833547408561555,-3.933804399822757,-1.7257500377027497,32.25302,9.253527,0.026326051,0.028381115,0.027043192,0.11507075,0.072070934
0,layer10_83463,,3117643337704244608,94.21444859010978,-3.258252267820242,3.000581904514161,-3.853051091447339,-1.928599692579156,,,0.04182154,0.04127229,0.04356464,0.07930632,0.21020874
0,layer10_83463,,3117674330188146304,94.29992761545714,-3.0198690400108537,2.83923978089201,-4.364906029017681,0.7054404247267477,36.752575,4.574205,0.02672402,0.02186655,0.022322603,-0.08338513,0.36229068
0,layer10_83463,,3117676318756183168,94.38961577309118,-2.9600473125017146,3.097725119396688,-3.890385063888167,-2.015916192878345,,,0.2062366,0.15981926,0.14327317,-0.017952649,0.34125176
0,layer10_83463,,3117678109759272448,94.41472944008385,-2.870419087812896,3.0908257646949604,-4.322722921383871,-2.458018575152573,,,0.11872987,0.117250465,0.09938037,-0.04789705,0.20289722
0,layer10_83463,,3117678311622582016,94.411226692911,-2.8579203062826446,3.1223632738621268,-3.794698264741816,-2.2494227983742983,,,0.026084041,0.024328163,0.02187763,-0.018304152,0.26393434
0,layer10_83463,,3117700336212665472,94.11548517843704,-2.931957600571665,3.080743181168771,-3.893331238502836,-1.963591745971945,,,0.114646934,0.11159299,0.11533283,-0.12804812,0.32421553
0,layer10_83463,,3117742362470047488,94.16210566603527,-2.7199850559552896,3.085029982187837,-3.849862910572656,-2.297947172699211,,,0.0604765,0.06153262,0.05787924,0.018415721,0.2186934
0,layer10_83463,,3117752185057455616,94.26039506307632,-2.5537269579160284,3.1599150009210994,-3.876452872376688,-2.3668468703171803,,,0.090775445,0.09035125,0.07816474,0.0146412235,0.16326761
0,layer10_83463,,3117770709254921728,95.17006743654362,-2.631429266340123,3.6977198451290216,-4.591527812039844,-3.650656043546236,15.894226,2.6609948,0.028190566,0.024564296,0.02441858,0.14531144,0.21928217
0,layer10_83463,,3117793627200344576,95.3133650610486,-2.608692668808125,3.282390967571313,-4.504900970023897,-2.433583797586973,,,0.100114696,0.09962357,0.08770234,0.11681203,0.24913986
0,layer10_83463,,3117801907897209728,95.41385917849806,-2.5051048723150666,3.966850418623759,-5.867613653172658,-3.080854110361809,6.5527716,6.7600565,0.021516182,0.022317123,0.020153623,0.046131656,0.29366177
0,layer10_83463,,3117803900761954176,95.56188276845344,-2.4384415120327296,3.3501304730272223,-3.2970169057788032,-1.160835675449549,29.157225,0.5280084,0.02240926,0.022044027,0.019329764,0.28825974,0.23317389
0,layer10_83463,,3117812834294076288,95.1665343270349,-2.441472663558141,3.522637886894622,-4.66206383528964,-1.2984478046344714,,,0.15446003,0.1602518,0.14705285,-0.024803499,0.24280065
0,layer10_83463,,3117844170375070336,94.76403111040956,-2.3188991264976853,4.040233486816568,-5.644877479037471,-3.116900352480957,-39.938175,6.970448,0.02180779,0.021581115,0.020459859,0.173634,0.05543013
0,layer10_83463,,3117861178445269632,94.59192951986628,-2.195969273114366,3.187552089371944,-4.028860855432888,-2.329600528384318,21.564825,3.4947548,0.020688228,0.02075963,0.017818622,0.06700012,0.14758588
0,layer10_83463,,3117886295414009472,94.59342850352496,-2.108281381407683,3.444225431376241,-4.865140176155684,-1.092325128048462,,,0.18747787,0.2037111,0.17505975,0.087178946,0.1712098
0,layer10_83463,,3117887154408859520,94.6377942807376,-2.0472517671425665,3.2301704864274137,-3.3427664197777034,-3.2609081603014576,24.56591,3.6826713,0.035531875,0.038849566,0.03422862,0.15863822,0.10201793
0,layer10_83463,,3117907903392057472,93.75031330158436,-2.750936935847615,2.7937979662965224,-4.1906900329782495,0.4635650851608796,,,0.10403978,0.11386371,0.10070865,-0.0010404888,-0.004035526
0,layer10_83463,,3117916321527909120,93.33483741552423,-2.7916053777635725,2.798800752398728,-3.496792876642965,0.3430594562615389,,,0.1919504,0.17840192,0.19152376,0.16048624,0.3325185
0,layer10_83463,,3117928317375124480,93.54301190402266,-2.5352934361648045,3.175831566745261,-3.67745856046101,-2.1045110651292003,-18.17864,7.793878,0.025095278,0.025619227,0.023645267,0.03834745,0.21053596
0,layer10_83463,,3117936048316172800,93.9233870821941,-2.578034335859178,3.301900506209768,-3.9850898548957976,-2.3497916462965818,,,0.07529967,0.08715465,0.07532952,-0.08749223,0.22399467
0,layer10_83463,,3117957042115905792,93.56937868496708,-2.3659768205802982,3.1672522762410904,-3.749305977373839,-2.2392577875968493,,,0.06469639,0.067211,0.06464283,-0.013637207,0.2733473
0,layer10_83463,,3117960748669581696,93.89584525407736,-2.3107186100672585,3.151307278318,-3.668795304947221,-2.2314048592911826,29.082151,4.507977,0.023010088,0.024116203,0.0207253,-0.03580851,0.25132382
0,layer10_83463,,3117962264796430592,93.99358338930124,-2.27568314544408,3.13547916204062,-3.783630604276541,-1.2389138752901816,19.686705,3.627292,0.049495123,0.05988088,0.045078073,-0.15109155,0.093507774
0,layer10_83463,,3118001705476698496,93.17226747445814,-2.2141206943140843,2.85118337714973,-4.207288706890996,0.3632601515491631,21.221687,1.584924,0.0135177765,0.013448688,0.012024266,0.028271485,0.24608034
0,layer10_83463,layer12_88323,3118051600116726912,94.45298260012088,-2.07177415629696,3.0337225859489485,-4.276765183445513,-2.182465531142185,,,0.100946836,0.08446671,0.08954058,0.2910719,0.12692265
0,layer10_83463,,3118072147240289408,94.222039473258,-1.909597703325922,3.3327215847700336,-3.913087187481162,-2.411492656533309,,,0.041751582,0.040189177,0.03773237,0.14882042,0.14699733
0,layer10_83463,layer12_88323,3118075617573800960,94.5025914649436,-2.019919550148788,3.0496731462857323,-4.1122066293904975,-2.294214440782383,36.11924,4.577091,0.021198843,0.02143272,0.019236391,0.22241062,0.16691624
0,layer10_83463,,3118102138994569216,94.51772903147662,-1.70547670852603,3.0955768615764816,-3.773116792078645,-2.640151244822376,,,0.2426549,0.22295819,0.21600847,-0.015719766,0.22946168
0,layer10_83463,,3118125160018026496,94.00587170382568,-1.7508264670741096,3.2831206988471826,-4.236203914253126,-2.700459122632496,,,0.16117872,0.17083645,0.152075,0.26743633,0.09076628
0,layer10_83463,,3118138010560523392,93.95476755147725,-1.7064854290563922,3.538784870987091,-4.235952772616258,-2.5090818314606698,,,0.16065598,0.15138702,0.14816761,0.26860002,0.07135223
0,layer10_83463,layer12_88323,3118149280554417280,94.10632240119192,-1.6900796024403142,3.035172371842735,-3.963911499719517,-2.406266208911232,,,0.13740088,0.15131623,0.12645864,0.1598947,0.1319703
0,layer10_83463,,3118152720826174208,94.16706521538444,-1.5574204755720775,2.9609945064594188,-4.1561519721458655,-2.234330479384993,,,0.15998952,0.15642008,0.15607582,0.25633326,-0.0027459858
0,layer10_83463,,3118157668628780288,94.4738023141708,-1.4441006926488926,3.1100526601412715,-4.234063813141092,-2.055456439249264,,,0.07859549,0.084893264,0.07598734,0.16205893,0.11421588
0,layer10_83463,,3118183163554648960,95.6515186383637,-2.255699555091216,3.266577565189168,-4.889156455681826,-2.136173050698637,,,0.23483624,0.24179481,0.2399243,0.37158826,-0.019911883
0,layer10_83463,,3118201404278429312,95.57715824232206,-2.052168438282045,3.421214653375737,-4.401793428866495,-2.421867989030881,,,0.21474251,0.24005488,0.24284042,0.13275652,-0.22197653
0,layer10_83463,layer12_88323,3118202847390517632,95.40711087648263,-2.0597336522164733,3.056519453026144,-4.3055856375177,-2.3016749244016523,,,0.15021622,0.1584581,0.15076074,0.22019938,0.17625445
0,layer10_83463,,3118203882476896768,95.37397174871438,-2.0324246847418923,3.2738303527580546,-4.322975470437806,-2.5693913157532773,26.158253,5.25773,0.02106735,0.02044566,0.018847698,0.26414043,0.12701002
0,layer10_83463,,3118204569671588352,95.50563194855306,-2.0278452539066936,3.311245189934693,-4.086341593402175,-2.1267165832501704,24.18798,0.9122083,0.026949711,0.027263476,0.024052842,0.2661871,0.12807244
0,layer10_83463,,3118204569671590144,95.5051472418946,-2.0293557497955184,3.2346374983031416,-4.677968251690317,-2.622752081538521,14.005108,3.7425168,0.027941272,0.028760614,0.025077702,0.34243616,-0.023866983
0,layer10_83463,,3118204977691304576,95.5088545618488,-1.9937357719028503,3.747423655142048,-4.293129049040964,-2.5123235953469103,,,0.22905684,0.24653842,0.22378282,0.39177713,-0.041074984
0,layer10_83463,,3118222810393687808,95.95384596457755,-1.870445052391144,4.657817630910881,-7.093082636887393,-4.033771425671997,,,0.06292721,0.06256489,0.051927675,-0.17762268,0.07502191
0,layer10_83463,,3118238169196214784,95.66285406821936,-1.799979713661581,3.184419115637134,-4.322698246167622,-2.334507315222788,27.990683,4.3617234,0.020621806,0.016685862,0.017373508,0.33907393,0.3822642
0,layer10_83463,,3118247274527937280,95.8442233082812,-1.6316916073737435,3.224665054966608,-4.253020427058304,-2.5632906180571147,,,0.20096597,0.18471012,0.16283959,0.1314119,0.35112858
0,layer10_83463,,3118248202240935936,96.00479110851238,-1.594968589359932,3.427504172217169,-2.962709964320012,-2.239163633632652,,,0.075930685,0.086354524,0.07555134,-0.03514076,0.16853948
0,layer10_83463,,3118264145161088640,95.42090038538338,-1.7798940907098402,3.447442129351128,-3.720028453490677,-2.7019758062477868,,,0.10044489,0.083542205,0.07518381,0.41072187,0.017374039
0,layer10_83463,,3118265145889700224,95.3812119140054,-1.76990386388946,3.362995146280986,-4.542015165785488,-2.472753863483407,,,0.065423235,0.066757604,0.063134536,0.26003885,-0.06487896
0,layer10_83463,,3118269956250113152,95.19172808512462,-1.8562831830019693,3.781391289403608,-4.389151837118112,-2.6329185908958315,,,0.27967387,0.27967378,0.245836,0.16372555,-0.03828856
0,layer10_83463,,3118270398634102016,95.196673649662,-1.800990123760238,3.195284800134192,-4.587338782230193,-2.4675651621220407,,,0.10861776,0.11839261,0.103663824,0.07919165,0.0249392
0,layer10_83463,,3118273426586763264,94.98951608753272,-1.790473252727712,2.977074224451416,-4.243029046912404,-2.325054188006218,34.779255,6.8877296,0.037638824,0.043789852,0.03441854,-0.105222896,0.23077378
0,layer10_83463,,3118287479719543808,95.6064241697468,-1.6584456214122671,3.5085638482477024,-4.939531628499633,-2.0511132482984253,26.562222,5.539107,0.18569435,0.1595442,0.16443299,0.20318712,0.28359547
0,layer10_83463,,3108972657725274496,104.71082862370564,-2.4181814931878582,3.3461978515774846,-7.436892322875421,-3.89314999483472,,,0.30210707,0.27830428,0.2273599,0.12029436,-0.08180018
0,layer10_83463,,3108990176895394048,104.49562960639705,-2.28617162339341,3.059292325126881,-7.409780894254744,-3.0036382270184534,,,0.07006914,0.07585839,0.06883497,0.13792075,-0.04437731
0,layer10_83463,,3108990181196441984,104.4984186266458,-2.2806674889930063,3.218699934735164,-7.27471935156657,-2.798025680023444,,,0.06481551,0.06555603,0.062073994,0.2422979,0.00923177
0,layer10_83463,,3109071854295516544,105.73886797871432,-1.96524675558451,3.1939330254718232,-6.989235640856901,-2.5026726144341183,,,0.042689186,0.048553426,0.0390839,0.22451437,0.18652625
0,layer10_83463,,3050506642321744256,102.5932228830788,-9.256371248598182,3.601988048926004,-6.797815270288231,-1.5416523848635462,35.59471,10.528567,0.034011018,0.036880776,0.04074968,-0.10232209,0.19967043
0,layer10_83463,,3050506676681481856,102.59336516229874,-9.255764340361484,3.5945337770861583,-7.039946066950582,-1.5969775422349377,39.47001,8.1031,0.021963969,0.024251757,0.027352827,-0.09800422,0.11114196
0,layer10_83463,,3050550240530971648,103.04262089282513,-8.84179000773857,3.1201709253414114,-6.691205223997304,-1.72058990233223,,,0.26453626,0.24155432,0.24230678,0.018816385,0.082572624
0,layer10_83463,,3050561377386448384,102.1870892247312,-9.12694590864991,4.404290668315929,-7.811920010106102,-2.489088984233264,18.74068,0.54846925,0.024667827,0.02433674,0.023408066,-0.06180307,-0.096725345
0,layer10_83463,,3050561377386489856,102.18193893094644,-9.124965085514086,4.447297206589139,-8.04280465539163,-2.608700536937303,,,0.05605677,0.0513796,0.05150594,-0.010339899,-0.2177198
0,layer10_83463,,3050578003194952448,102.09147693937784,-9.012907627114906,3.919906940601726,-6.80714073853985,-1.7866631111698226,,,0.23761886,0.21898554,0.21330632,0.08935934,0.0003339234
0,layer10_83463,,3050614218358813952,102.34775870365564,-8.653578224276064,2.7949921228586185,-6.463244294794877,0.0208314588362909,0.062661454,1.1462054,0.017671537,0.01742338,0.017413234,-0.08918456,-0.09760592
0,layer10_83463,,3050687408904651008,104.42157727628329,-8.96444074810874,3.029684249612936,-6.498238020858251,-1.368009544326779,26.646921,7.7791333,0.024384547,0.023977753,0.027749538,-0.027466968,0.21962005
0,layer10_83463,layer12_88324,3050731148850707328,103.68176467252356,-8.724998732867297,3.748857190202395,-7.416208249834606,-1.923007807082017,,,0.04102706,0.035049118,0.03508527,-0.18258034,-0.30940032
0,layer10_83463,,3050793747994581632,104.79365106993086,-8.625141632976606,3.1947068299920107,-6.854925434952284,-1.929575792908426,,,0.15834272,0.16543195,0.15898305,0.2597137,-0.1702515
0,layer10_83463,layer12_88324,3050836667608180736,105.0981209904406,-8.119558130253196,3.3510587520660464,-7.1932266012071455,-1.8032091782396809,,,0.022193974,0.021928662,0.024673808,0.077251025,0.22351341
0,layer10_83463,,3050866143960875776,104.5435339027818,-8.24499361738925,3.1588130811998583,-6.776231024044068,-1.405335404599351,,,0.16789596,0.16475354,0.15537965,0.01386683,-0.36612055
0,layer10_83463,layer12_88324,3050899752087384448,104.75511950662305,-8.005790774368542,3.52353457574993,-7.5337354660880145,-2.238849518157801,,,0.061086863,0.060833063,0.05708299,-0.014747813,0.015865901
0,layer10_83463,layer12_88324,3050935795453519360,103.35379058654246,-8.559112462229205,3.734330418506093,-7.032077423928824,-1.900178993973163,,,0.17006484,0.15728697,0.19864412,-0.16093226,0.2678841
0,layer10_83463,layer12_88324,3050936448288464128,103.50306299592438,-8.554619460414298,3.806253484065538,-7.538810551118586,-1.8709097019841945,,,0.07491783,0.08280233,0.080882125,0.11719351,-0.07947378
0,layer10_83463,,3051014891573339648,103.3625302285866,-8.258547764908325,3.3287626796781087,-6.511490312666994,-3.174738388598737,,,0.20195764,0.19637193,0.1973193,0.08328888,-0.18011054
0,layer10_83463,,3051020354771662720,103.3838458112368,-8.14725523266878,3.2020167739339693,-7.158934778230751,-1.2817117212382878,,,0.062377427,0.05549602,0.056264013,0.10623086,-0.10981944
0,layer10_83463,layer12_88324,3051021145045655680,103.34902778171856,-8.140146573800438,3.605694432106816,-7.353205308125874,-1.7540337064261515,,,0.06966297,0.06802983,0.069727525,0.06783048,-0.17248255
0,layer10_83463,,3051027157999824000,103.4201883240799,-8.100857470005986,3.1290414966046924,-6.804285794888001,-1.1883231816174626,,,0.15870976,0.15046565,0.15092424,0.114235625,-0.102460705
0,layer10_83463,layer12_88324,3051046124575324032,103.35348800786932,-7.898690355531203,3.7441154926757294,-7.117061504694886,-1.8768726469970192,,,0.05580269,0.04472114,0.0462288,0.15778741,0.060424976
0,layer10_83463,layer12_88324,3051057085331192832,104.21426994631014,-8.208451219166792,3.502183460899401,-7.701168468066524,-1.847315427437373,-6.84515,6.0471683,0.028097585,0.0292649,0.032410827,-0.15173693,0.15702446
0,layer10_83463,layer12_88324,3051060688800580096,104.33329035761098,-8.059268807548563,3.3997911238582,-7.039837710749144,-1.9513295649798552,,,0.2063279,0.2333978,0.22406305,-0.00031883988,-0.22881517
0,layer10_83463,layer12_88324,3051072787731303680,103.94658999298476,-8.031759068677438,3.267001343330074,-6.92002682817064,-1.646242694610204,110.42517,8.564069,0.025051914,0.025401585,0.024063662,0.07005152,-0.06336968
0,layer10_83463,layer12_88324,3051079797117777408,104.02795274804603,-7.913140105871392,3.6004792791549787,-7.478387827265357,-1.9891145561298464,,,0.0840498,0.09146951,0.09735286,-0.13647002,0.20263435
0,layer10_83463,layer12_88324,3051108070879327872,104.30370973575708,-7.708101779437741,3.280793687387773,-7.617973813406765,-1.979375554561115,,,0.16567886,0.14065365,0.13855897,0.2765279,-0.12869169
0,layer10_83463,layer12_88324,3051168475300240000,104.14288652539987,-7.462646907972458,3.385922074773022,-7.304228053097125,-2.042051353313739,,,0.117054194,0.09757146,0.10166695,0.13785121,-0.12433021
0,layer10_83463,layer12_88324,3051186484104217984,103.97174103642162,-7.276956887366099,3.6264117682660375,-7.773125696116595,-2.292709371508585,,,0.07565487,0.073985055,0.089616135,0.14288613,-0.3256349
0,layer10_83463,,3053366742639190528,107.18914039243325,-5.222813917113941,3.746466643285342,-8.278730711403886,-2.6665593052658414,,,0.15756798,0.16179544,0.16732213,0.122492164,0.025869016
0,layer10_83463,,3053399079461962496,106.59557798185088,-5.268555353482885,3.554661263472024,-8.909765054218033,-1.7615864534090502,66.55085,1.6557668,0.029563284,0.03113952,0.028029652,-0.04532928,0.043450687
0,layer10_83463,,3049452451185332480,103.46758947098216,-10.191704022896074,3.658048565113408,-7.027737060869921,-1.6387307779700004,,,0.05686032,0.05995333,0.05971799,-0.041896176,-0.2868043
0,layer10_83463,layer12_88324,3050017978119817344,104.90290836087212,-8.915075906754922,3.317181586754682,-7.194484440492075,-1.6835865518767723,22.358433,0.95029795,0.014804621,0.014620262,0.014169698,0.20407136,-0.10098872
0,layer10_83463,,3050266429089635712,103.69648071407036,-9.516085368939224,3.1179910089155305,-6.4317707274858,-1.1165396453737433,21.456102,2.2337117,0.014993451,0.013622411,0.01502763,0.085277416,0.21413213
0,layer10_83463,,3050266429091565056,103.69783979899816,-9.516482564155838,3.067716046887514,-6.376448336760675,-0.9943324100593622,,,0.1352507,0.123214364,0.1439012,-0.06840458,0.13677794
0,layer10_83463,,3328517362828809344,91.7168462911502,8.253587345766757,2.985380918432202,-3.855888622714587,-4.508747572036135,,,0.10022069,0.09642271,0.076688334,0.16514604,0.4177165
0,layer10_83463,,3001856242085823360,99.38192698138572,-10.678676131289748,2.971832640100617,-4.8329329750857015,-0.3936839930543972,,,0.07500944,0.07002711,0.07646968,-0.060047984,0.023444401
0,layer10_83463,,3002000896582239744,98.09608176621413,-10.527011261700263,2.675845907730376,-4.549448449281881,-0.0695642541432328,9.277025,9.786459,0.028504891,0.030035788,0.028981779,0.056253172,0.0780259
0,layer10_83463,,3002132971121289088,98.80096166184116,-10.186959661692285,2.913602779165035,-4.863274244178317,-0.3939481710908806,,,0.14340743,0.1473355,0.14168313,-0.0028561566,0.12624274
0,layer10_83463,,3002201797972447232,98.32602805694638,-9.826401271511664,2.917459140535885,-4.574797863400061,-0.1034631837327913,,,0.09918002,0.107411206,0.09622676,-0.08229966,-0.017248763
0,layer10_83463,,3002203820900162560,98.43784337551236,-9.8254819636828,2.703342233676454,-5.598934071279238,-0.1011040963736983,,,0.21654952,0.22339761,0.20642032,-0.13560791,-0.014649112
0,layer10_83463,,3002255433527550464,100.16108074127528,-10.250981064856314,2.644542933976972,-4.372371560859969,0.2058519571258216,,,0.083220296,0.078000136,0.07672309,-0.197798,-0.0046446454
0,layer10_83463,,3002273644188270720,100.01594443094392,-10.056794331688732,3.2291077094158447,-4.893270086015328,-1.717767354038208,,,0.063262664,0.057789877,0.05737077,-0.09296672,0.04885215
0,layer10_83463,,3002276766627549312,100.29181110058715,-10.046967729400023,3.033717837785339,-5.772169907446609,-1.0401190759538597,,,0.26117083,0.22936632,0.22420831,-0.009882843,-0.12174362
0,layer10_83463,,3002326553887684480,100.01824657287231,-10.01640260721352,2.9561090521724367,-5.123546233994833,-0.6617748321308107,,,0.155467,0.14438863,0.14362888,-0.12789893,0.03217079
0,layer10_83463,,3002380945350211584,100.53114830493152,-9.797374980684586,4.694280256853785,-7.862032642850026,-2.6230530216236496,14.654608,5.0667224,0.010950948,0.010805981,0.0113562215,0.011154195,-0.028687924
0,layer10_83463,,3002438536573812224,100.28065729100295,-9.535466801328464,3.131316464413717,-4.798348209968333,-0.736521263094966,,,0.038526166,0.04296097,0.03951086,0.12248725,0.09950362
0,layer10_83463,,3002497154284865024,99.16877088373744,-10.054857353203442,2.64330146732149,-4.854447810798725,-0.2051302265564734,29.50028,2.3770223,0.023006588,0.021799002,0.022183744,0.19820082,0.29880896
0,layer10_83463,,3002497154284866048,99.16438001802577,-10.054766272059029,2.676604996654845,-4.531291586052118,-0.267497202001085,25.770643,4.237737,0.02345235,0.02143857,0.022147309,0.22008847,0.34571576
0,layer10_83463,,3002518075068580864,98.9581602946028,-9.858756660627805,2.6739765115938434,-5.144204191184295,-0.8108354523176896,,,0.20348099,0.21448202,0.24408288,0.007858814,0.02570805
0,layer10_83463,,3002577143755395584,98.87637140208786,-9.666393233804776,2.671288394324575,-6.063515837042777,-1.2897622383793124,,,0.03847023,0.038090162,0.04008421,0.090417445,0.25891408
0,layer10_83463,,3002589307102819840,98.55424293297226,-9.54311255414765,2.6886563715617897,-4.616852760589424,-0.1661491779763919,,,0.076634295,0.082360685,0.08110326,-0.0028849076,0.05806267
0,layer10_83463,,3002641568266489600,99.88370920630868,-9.37384185079238,3.292071854370003,-5.633188200754515,-0.8996999665881039,,,0.058852915,0.064947814,0.06450554,0.115658775,-0.06106812
0,layer10_83463,,3002658297161426176,99.5500584831988,-9.249407725324463,4.715969685592143,-7.539421408748835,-2.460130284913706,15.838957,3.8349338,0.013060962,0.013792592,0.013379036,0.071323514,0.03353188
0,layer10_83463,,3002669807673084288,100.18696533655324,-9.247142566172212,3.2370119379130564,-5.144235511999121,-0.9631144570948617,,,0.32022408,0.30794442,0.3032908,0.069079414,-0.11282359
0,layer10_83463,,3002705713597537152,99.5295015818703,-9.201647077190092,2.9238275164954834,-4.88595981457761,-0.6875002961286654,,,0.16697954,0.17798793,0.16878344,-0.025556136,0.06926629
0,layer10_83463,,3002705752257481984,99.54071258659604,-9.18592298911207,3.1865328362466365,-5.168518708340163,-0.852542348026593,50.619858,14.93813,0.015571101,0.015624266,0.01408499,-0.20057064,-0.11950502
0,layer10_83463,,3002719358713357952,99.51425098334278,-8.987174223998263,2.964103145601187,-5.138521227778376,-0.8208370631949248,,,0.13220218,0.12481001,0.11883682,0.23499951,0.017730651
0,layer10_83463,,3002723207004128000,99.34074144552696,-9.05765680692232,2.662588332606346,-4.829928182343168,-0.4381546395879424,26.984243,1.3327701,0.019461462,0.016832069,0.01648774,0.07740065,0.21851625
0,layer10_83463,,3002753718451907200,99.97084539062608,-8.70025367405965,2.9884808672470458,-4.046105575243522,-0.6215328565846763,50.156834,3.9270368,0.0187302,0.018238561,0.018472742,0.08932784,0.017971493
0,layer10_83463,,3002753718451907584,99.9707774880671,-8.70132131932252,2.955366128478522,-4.490271237519512,-0.7970908508660931,73.6043,11.734417,0.085560806,0.08469923,0.08368235,0.06075397,0.035558328
0,layer10_83463,,3002861328853775104,96.8515011866716,-10.135263859256812,2.620177310195245,-3.732260764743737,-0.0134144980016075,,,0.20877525,0.22883578,0.23368287,0.1041403,0.12226653
0,layer10_83463,,3002863837114816000,96.51825502584724,-10.285831982394877,2.641959967507099,-4.25670527642261,-0.1044537796310021,,,0.2629347,0.29231113,0.24684918,-0.013139257,0.09802336
0,layer10_83463,,3002906340111424384,96.81529411469546,-9.803598774153738,2.958827072064772,-4.997721731802714,-0.8646787868411158,,,0.062176336,0.06400894,0.061282344,0.030044451,0.1438764
0,layer10_83463,,3002967740964760192,98.19444881408585,-9.534269468522949,2.6768063326259623,-5.641841796179702,-0.5530379903350706,61.22953,5.7011523,0.024942122,0.024010861,0.025562279,0.210329,0.18486273
0,layer10_83463,,3002967745259795072,98.19386127038274,-9.53524772578556,2.652243359919196,-5.338221003420951,-0.6476684572425602,59.47362,2.5937762,0.015021216,0.014502542,0.015019873,0.23529974,0.26022676
0,layer10_83463,,3002977155531196160,97.87714180381566,-9.479821100680487,2.9454722402495803,-4.7731324885197015,-0.4960844621018748,,,0.16062325,0.1785201,0.1852205,0.31602445,-0.1551605
0,layer10_83463,,3003012339905075712,97.17646262862904,-9.47571422493728,2.6473807373780582,-4.354515577429484,-0.2877861649241301,,,0.16946387,0.20197316,0.17650664,-0.14925492,0.16542028
0,layer10_83463,,3003028905593863552,97.78632643621124,-9.35965439296566,5.02133531711726,-7.539459605817257,-3.095018363245091,,,0.07414609,0.06819442,0.07267912,0.2514081,0.12706529
0,layer10_83463,,3003034059554540672,97.98185116171923,-9.269207175483764,5.09957861423466,-6.719977130344056,-1.8956254031481348,,,0.15501548,0.13181244,0.13711035,0.13481918,0.3548184
0,layer10_83463,,3003034678029891712,97.84966365441876,-9.334589765571708,2.810045422789671,-4.485070086949574,-0.3008877960088197,,,0.07270152,0.06530122,0.07272899,0.1627145,0.2604915
0,layer10_83463,,3003039694551749632,97.61768489390674,-9.369431883768804,2.7155089894417643,-4.320395653496424,-1.5071240167677786,,,0.12673524,0.13056505,0.12649757,0.20884304,-0.0005612254
0,layer10_83463,,3003222209186851200,96.90856402923671,-9.218693846333458,5.073773688452303,-6.234886878629366,-1.6175040407624135,,,0.3644112,0.3484065,0.39603692,0.10042367,0.17513792
0,layer10_83463,,3003257122977347200,97.19649403186996,-8.929414046988146,2.7246031223196137,-4.798118957447342,-1.0658357838603492,-9.281654,4.33802,0.01812952,0.017522728,0.018596763,0.14347368,0.13208424
0,layer10_83463,,3003258566086352128,97.18295528272704,-8.88686660090383,2.65041006737708,-4.514624745956457,-0.3358274190559469,46.443344,9.889361,0.020681316,0.019615533,0.020436674,0.11263038,0.1961311
0,layer10_83463,,3003301824996763904,96.62799360397148,-8.77133972941925,5.225017746060758,-6.031283269821225,-1.828386490042175,46.03971,9.069118,0.031808324,0.031828582,0.031212667,0.054274406,0.28671297
0,layer10_83463,,3003301996792359936,96.61300332132856,-8.767651510028449,5.173464192836384,-5.299331780929744,-1.5853239146308065,20.430958,4.015723,0.02629543,0.025816968,0.02449735,-0.097960405,0.21217346
0,layer10_83463,,3003445135171141376,98.3797136002792,-8.895290486007209,3.3373093931472035,-5.731326261232427,-1.556578639365405,,,0.32012555,0.33462968,0.3383914,0.11838804,0.08332893
0,layer10_83463,,3003454171779084544,98.646087539335,-8.718036522958775,3.171474658615038,-5.161784967817946,-0.8496240140978361,,,0.120750695,0.12225353,0.13828562,0.026561953,0.20777053
0,layer10_83463,,3003455344307779968,98.7606436153515,-8.676578226468743,2.719758037163838,-4.846231588871861,-0.6749454609420008,,,0.06016139,0.066308446,0.068507716,-0.075081676,0.1594874
0,layer10_83463,,3003456375099931648,98.73186131968752,-8.655191112611309,2.8104823798763467,-5.172829969939655,-0.108256023315016,,,0.16562691,0.17909579,0.20467933,-0.049569793,0.16796741
0,layer10_83463,,3003466747445045760,98.1213520654995,-8.696792569179477,3.2297132025197524,-4.632693252980236,-1.203412786554626,,,0.17075051,0.1795023,0.16227706,0.002573433,0.076371506
0,layer10_83463,,3003482179265174912,99.20636434278522,-8.842972367703732,2.8998715028039364,-4.936958267065579,-0.7838381417628819,,,0.04286868,0.04734054,0.043365907,0.041663256,0.060030464
0,layer10_83463,,3003499664074610304,99.020067028063,-8.698328848467526,2.85944545146508,-4.74238909500155,-0.7823623121186685,,,0.19179347,0.21519566,0.17835066,0.07760332,0.26454902
0,layer10_83463,,3003509834554395520,99.04682781245128,-8.571515784373942,2.7092687858011764,-5.195216055236206,-1.494918278918572,,,0.18012948,0.20234737,0.17850266,0.03566304,0.16739734
0,layer10_83463,,3003545950938949504,99.38088997246447,-8.23766703528476,4.749096364711103,-7.620396276634302,-1.9781378389001865,16.73205,5.483818,0.048349492,0.0406908,0.039786577,0.16616373,0.18363315
0,layer10_83463,,3003546427676884736,99.40324003495208,-8.215898773275917,4.840127442902242,-7.49113339083815,-2.176639056766778,,,0.10895852,0.1144124,0.11448129,0.19741729,0.008059182
0,layer10_83463,,3003549696150747008,98.84668303202264,-8.630513787592433,2.810035803478161,-4.41918079577291,0.5204890316181625,,,0.040140256,0.04355028,0.04707411,-0.045403693,0.1882054
0,layer10_83463,,3003579516107014272,98.90671353560076,-8.197024885984822,4.742223144688055,-7.055452812872697,-2.366990141839393,,,0.21030875,0.21806185,0.17332068,0.16142005,0.11822312
0,layer10_83463,,3003585735217312128,99.06786525321934,-8.313665357380213,3.389079494574629,-5.733852100825631,-1.1050512879659642,,,0.09758877,0.0992318,0.09879393,0.15073907,-0.072764866
0,layer10_83463,,3003589312928869376,99.08592784674576,-8.249417161058888,3.496115702150099,-5.81495314683273,-1.4698296287351502,-3.2353415,7.470991,0.030806407,0.033624217,0.032788545,0.22498788,-0.18509369
0,layer10_83463,,3003641299213612800,97.62386780748156,-8.64280221863336,2.8048902528237942,-4.659005238567598,-0.5764639165869763,,,0.061975434,0.05671573,0.061692536,0.0050952644,0.24243669
0,layer10_83463,,3003643906253810432,97.57882528214392,-8.64034868104494,2.7048906501853693,-5.22253802071546,-0.9747166522531534,,,0.16693842,0.15329869,0.1626977,-0.009488073,0.28151727
0,layer10_83463,,3003653080304648192,97.75935459511612,-8.48208665041871,2.979820548013508,-5.2324591414533534,-0.943883588186864,,,0.2450652,0.2811866,0.31301826,-0.04210067,0.29815638
0,layer10_83463,,3003677995413505792,97.79931863449973,-8.369259871032112,4.801541349604373,-6.096489037471534,-1.7873367687450354,,,0.110490695,0.110805586,0.114811346,0.01905214,0.08860922
0,layer10_83463,,3003679026205560448,97.94316250817756,-8.356288914746584,2.741075656900215,-4.498769895824978,-0.5726145566256821,,,0.048743278,0.0450777,0.046616174,0.20962429,0.21217784
0,layer10_83463,,3003724965175375488,97.37565248190896,-8.099759270321224,2.6873421089690672,-4.56327496119719,-0.6169732836316655,,,0.12484103,0.12618129,0.119343214,0.12699392,0.09783299
0,layer10_83463,,3003726958040670080,97.71286433408495,-8.283375047398263,2.680134292637646,-4.630103530933266,-0.5224525175453706,,,0.07540901,0.06871161,0.07797857,0.0034968888,0.29634425
0,layer10_83463,,3003761077262008576,98.4719546091606,-8.313042344116168,2.690740538644583,-4.7789149036366565,-0.7076301996453201,,,0.08229971,0.11536499,0.12087348,0.077082634,0.06980872
0,layer10_83463,,3003770697988651008,98.6286728269532,-8.140932967376976,3.246874870054868,-4.301249750501683,-1.1276186516276574,38.208942,2.2947342,0.015797509,0.0185357,0.017790161,0.17023174,0.12049616
0,layer10_83463,,3003785266517763456,98.30322849679636,-8.007206643329353,2.717965771172164,-4.2752028683803065,0.6587967954618026,24.443512,1.7561266,0.01739648,0.018300092,0.018974973,0.11919543,0.16983795
